datetime,open,high,low,close,volume,openinterest
2025-10-17 23:00:00,1230.0,1232.0,1226.0,1232.0,109729,1358470
2025-10-20 10:00:00,1232.0,1237.0,1222.0,1235.0,25784,1363221
2025-10-20 11:15:00,1236.0,1237.0,1224.0,1225.0,122159,1365709
2025-10-20 14:15:00,1224.0,1228.0,1215.0,1216.0,167481,1372200
2025-10-20 15:00:00,1217.0,1220.0,1215.0,1219.0,5348,1369450
2025-10-20 22:00:00,1217.0,1217.0,1197.0,1201.0,331356,1421158
2025-10-20 23:00:00,1201.0,1204.0,1196.0,1203.0,145517,1424182
2025-10-21 10:00:00,1203.0,1213.0,1202.0,1208.0,15065,1410087
2025-10-21 11:15:00,1207.0,1218.0,1204.0,1215.0,139782,1404138
2025-10-21 14:15:00,1216.0,1219.0,1213.0,1216.0,120489,1398232
2025-10-21 15:00:00,1215.0,1216.0,1207.0,1210.0,1096,1391387
2025-10-21 22:00:00,1211.0,1222.0,1206.0,1218.0,238174,1404820
2025-10-21 23:00:00,1217.0,1219.0,1216.0,1216.0,59333,1394814
2025-10-22 10:00:00,1217.0,1224.0,1213.0,1221.0,21447,1393646
2025-10-22 11:15:00,1222.0,1228.0,1219.0,1225.0,114070,1398881
2025-10-22 14:15:00,1226.0,1230.0,1218.0,1222.0,155625,1400033
2025-10-22 15:00:00,1223.0,1224.0,1219.0,1223.0,31383,1390463
2025-10-22 22:00:00,1224.0,1225.0,1214.0,1215.0,162722,1406734
2025-10-22 23:00:00,1215.0,1228.0,1214.0,1225.0,130400,1403736
2025-10-23 10:00:00,1226.0,1226.0,1221.0,1221.0,12263,1404376
2025-10-23 11:15:00,1221.0,1235.0,1219.0,1229.0,216263,1404966
2025-10-23 14:15:00,1229.0,1241.0,1229.0,1234.0,199178,1399009
2025-10-23 15:00:00,1234.0,1241.0,1230.0,1232.0,7999,1400226
2025-10-23 22:00:00,1236.0,1236.0,1224.0,1227.0,192876,1410281
2025-10-23 23:00:00,1228.0,1228.0,1222.0,1227.0,97433,1406552
2025-10-24 10:00:00,1228.0,1234.0,1224.0,1228.0,19782,1417748
2025-10-24 11:15:00,1229.0,1233.0,1220.0,1231.0,148327,1422529
2025-10-24 14:15:00,1232.0,1237.0,1229.0,1233.0,144879,1420747
2025-10-24 15:00:00,1234.0,1236.0,1229.0,1229.0,2715,1407877
2025-10-24 22:00:00,1227.0,1253.0,1224.0,1242.0,465552,1414128
2025-10-24 23:00:00,1243.0,1246.0,1231.0,1235.0,244075,1396848
2025-10-27 10:00:00,1241.0,1242.0,1233.0,1234.0,23162,1401974
2025-10-27 11:15:00,1234.0,1239.0,1231.0,1238.0,91881,1401168
2025-10-27 14:15:00,1239.0,1245.0,1236.0,1242.0,175046,1395469
2025-10-27 15:00:00,1243.0,1248.0,1241.0,1246.0,13963,1387064
2025-10-27 22:00:00,1248.0,1257.0,1243.0,1245.0,312257,1390495
2025-10-27 23:00:00,1245.0,1247.0,1242.0,1245.0,77734,1384821
2025-10-28 10:00:00,1245.0,1251.0,1243.0,1249.0,22236,1382153
2025-10-28 11:15:00,1250.0,1253.0,1235.0,1240.0,5636,1395273
2025-10-28 14:15:00,1239.0,1244.0,1237.0,1240.0,526,1396850
2025-10-28 15:00:00,1240.0,1242.0,1237.0,1239.0,6907,1387072
2025-10-28 22:00:00,1238.0,1257.0,1231.0,1252.0,386584,1400043
2025-10-28 23:00:00,1254.0,1260.0,1251.0,1252.0,178126,1381340
2025-10-29 10:00:00,1252.0,1254.0,1244.0,1245.0,22967,1382748
2025-10-29 11:15:00,1245.0,1246.0,1241.0,1243.0,113614,1388123
2025-10-29 14:15:00,1242.0,1250.0,1240.0,1250.0,155086,1386100
2025-10-29 15:00:00,1250.0,1259.0,1245.0,1259.0,773,1355081
2025-10-29 22:00:00,1257.0,1258.0,1246.0,1249.0,283053,1369393
2025-10-29 23:00:00,1249.0,1254.0,1248.0,1250.0,81093,1360880
2025-10-30 10:00:00,1248.0,1256.0,1248.0,1250.0,10971,1360896
2025-10-30 11:15:00,1251.0,1257.0,1250.0,1252.0,99183,1362090
2025-10-30 14:15:00,1252.0,1253.0,1221.0,1223.0,447837,1358297
2025-10-30 15:00:00,1223.0,1239.0,1223.0,1235.0,195,1332613
2025-10-30 22:00:00,1234.0,1238.0,1229.0,1232.0,181906,1356932
2025-10-30 23:00:00,1233.0,1240.0,1231.0,1236.0,93603,1344265
2025-10-31 10:00:00,1236.0,1242.0,1236.0,1240.0,55,1340139
2025-10-31 11:15:00,1240.0,1242.0,1232.0,1235.0,9,1338098
2025-10-31 14:15:00,1234.0,1235.0,1226.0,1230.0,552,1335238
2025-10-31 15:00:00,1230.0,1232.0,1222.0,1225.0,2666,1321166
2025-10-31 22:00:00,1223.0,1228.0,1208.0,1211.0,347967,1379114
2025-10-31 23:00:00,1209.0,1211.0,1203.0,1207.0,17787,1393717
2025-11-03 10:00:00,1210.0,1226.0,1210.0,1210.0,11004,1378011
2025-11-03 11:15:00,1210.0,1213.0,1204.0,1207.0,2563,1409389
2025-11-03 14:15:00,1206.0,1209.0,1190.0,1196.0,14466,1472032
2025-11-03 15:00:00,1196.0,1202.0,1192.0,1202.0,922,1448010
2025-11-03 22:00:00,1199.0,1199.0,1188.0,1197.0,233509,1483997
2025-11-03 23:00:00,1197.0,1197.0,1192.0,1193.0,68410,1473830
2025-11-04 10:00:00,1195.0,1202.0,1192.0,1194.0,30765,1471611
2025-11-04 11:15:00,1194.0,1196.0,1191.0,1192.0,116981,1482438
2025-11-04 14:15:00,1191.0,1195.0,1187.0,1192.0,2146,1491573
2025-11-04 15:00:00,1191.0,1193.0,1188.0,1189.0,15311,1488028
2025-11-04 22:00:00,1190.0,1203.0,1188.0,1199.0,233063,1493900
2025-11-04 23:00:00,1199.0,1201.0,1195.0,1196.0,116809,1478245
2025-11-05 10:00:00,1195.0,1202.0,1192.0,1198.0,23906,1471794
2025-11-05 11:15:00,1199.0,1201.0,1194.0,1196.0,85770,1463581
2025-11-05 14:15:00,1196.0,1203.0,1196.0,1201.0,116605,1456607
2025-11-05 15:00:00,1200.0,1201.0,1192.0,1195.0,53719,1451031
2025-11-05 22:00:00,1196.0,1208.0,1196.0,1200.0,210806,1456012
2025-11-05 23:00:00,1200.0,1201.0,1198.0,1199.0,43116,1448161
2025-11-06 10:00:00,1198.0,1199.0,1193.0,1195.0,9768,1451748
2025-11-06 11:15:00,1195.0,1206.0,1194.0,1203.0,145769,1443346
2025-11-06 14:15:00,1203.0,1209.0,1202.0,1205.0,140845,1435575
2025-11-06 15:00:00,1204.0,1208.0,1203.0,1207.0,83795,1419760
2025-11-06 22:00:00,1208.0,1209.0,1201.0,1206.0,170302,1422126
2025-11-06 23:00:00,1207.0,1207.0,1204.0,1205.0,52301,1411125
2025-11-07 10:00:00,1204.0,1212.0,1203.0,1208.0,101,1401050
2025-11-07 11:15:00,1209.0,1214.0,1207.0,1211.0,2885,1400990
2025-11-07 14:15:00,1212.0,1214.0,1208.0,1210.0,1142,1388038
2025-11-07 15:00:00,1209.0,1211.0,1208.0,1210.0,1274,1369998
2025-11-07 22:00:00,1209.0,1219.0,1205.0,1210.0,251497,1372398
2025-11-07 23:00:00,1210.0,1213.0,1209.0,1211.0,512,1357584
2025-11-10 10:00:00,1211.0,1212.0,1194.0,1196.0,87802,1358458
2025-11-10 11:15:00,1194.0,1200.0,1188.0,1199.0,216166,1361698
2025-11-10 14:15:00,1198.0,1225.0,1198.0,1224.0,439998,1353343
2025-11-10 15:00:00,1226.0,1230.0,1223.0,1226.0,1874,1340230
2025-11-10 22:00:00,1226.0,1238.0,1222.0,1231.0,405685,1362384
2025-11-10 23:00:00,1231.0,1235.0,1224.0,1232.0,219178,1347041
2025-11-11 10:00:00,1233.0,1233.0,1224.0,1225.0,21994,1336701
2025-11-11 11:15:00,1225.0,1230.0,1214.0,1218.0,251618,1324604
2025-11-11 14:15:00,1219.0,1220.0,1214.0,1217.0,109726,1323002
2025-11-11 15:00:00,1217.0,1223.0,1209.0,1215.0,120759,1308272
2025-11-11 22:00:00,1216.0,1225.0,1213.0,1221.0,177487,1334307
2025-11-11 23:00:00,1221.0,1223.0,1217.0,1219.0,79745,1330050
2025-11-12 10:00:00,1220.0,1222.0,1217.0,1218.0,20080,1327786
2025-11-12 11:15:00,1219.0,1221.0,1207.0,1213.0,158007,1322445
2025-11-12 14:15:00,1213.0,1217.0,1210.0,1216.0,102235,1317254
2025-11-12 15:00:00,1216.0,1216.0,1211.0,1214.0,161,1316241
2025-11-12 22:00:00,1213.0,1220.0,1205.0,1218.0,200717,1317632
2025-11-12 23:00:00,1219.0,1220.0,1213.0,1213.0,111146,1312619
2025-11-13 10:00:00,1213.0,1229.0,1211.0,1222.0,39269,1324768
2025-11-13 11:15:00,1223.0,1243.0,1222.0,1242.0,283809,1324835
2025-11-13 14:15:00,1241.0,1247.0,1235.0,1244.0,286882,1337747
2025-11-13 15:00:00,1244.0,1244.0,1236.0,1239.0,100829,1326710
2025-11-13 22:00:00,1241.0,1242.0,1232.0,1236.0,231118,1327339
2025-11-13 23:00:00,1237.0,1237.0,1230.0,1233.0,86797,1311811
2025-11-14 10:00:00,1233.0,1233.0,1223.0,1226.0,32409,1303827
2025-11-14 11:15:00,1226.0,1228.0,1220.0,1223.0,120479,1294523
2025-11-14 14:15:00,1223.0,1232.0,1222.0,1229.0,138968,1298163
2025-11-14 15:00:00,1229.0,1229.0,1223.0,1226.0,201,1286117
2025-11-14 22:00:00,1225.0,1225.0,1216.0,1219.0,192501,1297722
2025-11-14 23:00:00,1218.0,1224.0,1216.0,1221.0,101286,1281706
2025-11-17 10:00:00,1221.0,1228.0,1218.0,1218.0,31310,1293610
2025-11-17 11:15:00,1218.0,1220.0,1206.0,1214.0,245639,1295329
2025-11-17 14:15:00,1214.0,1231.0,1212.0,1230.0,276286,1275670
2025-11-17 15:00:00,1230.0,1236.0,1226.0,1231.0,142478,1266753
2025-11-17 22:00:00,1231.0,1236.0,1227.0,1228.0,203943,1281200
2025-11-17 23:00:00,1229.0,1231.0,1225.0,1227.0,96910,1266173
2025-11-18 10:00:00,1227.0,1229.0,1211.0,1212.0,91715,1256854
2025-11-18 11:15:00,1212.0,1218.0,1211.0,1213.0,146686,1267701
2025-11-18 14:15:00,1212.0,1214.0,1211.0,1211.0,6830,1277632
2025-11-18 15:00:00,1211.0,1216.0,1208.0,1214.0,4943,1263265
2025-11-18 22:00:00,1213.0,1213.0,1203.0,1206.0,204526,1292757
2025-11-18 23:00:00,1206.0,1210.0,1192.0,1193.0,301959,1309178
2025-11-19 10:00:00,1193.0,1201.0,1189.0,1192.0,70169,1329146
2025-11-19 11:15:00,1192.0,1192.0,1182.0,1188.0,336609,1345032
2025-11-19 14:15:00,1187.0,1190.0,1182.0,1184.0,13893,1352145
2025-11-19 15:00:00,1184.0,1185.0,1180.0,1182.0,15099,1345723
2025-11-19 22:00:00,1185.0,1185.0,1168.0,1171.0,364159,1373173
2025-11-19 23:00:00,1172.0,1173.0,1163.0,1167.0,137822,1352908
2025-11-20 10:00:00,1167.0,1171.0,1163.0,1169.0,19813,1345035
2025-11-20 11:15:00,1169.0,1174.0,1165.0,1165.0,139427,1346374
2025-11-20 14:15:00,1166.0,1179.0,1160.0,1162.0,264976,1343449
2025-11-20 15:00:00,1162.0,1163.0,1156.0,1158.0,1108,1330295
2025-11-20 22:00:00,1170.0,1175.0,1164.0,1174.0,302946,1346301
2025-11-20 23:00:00,1173.0,1174.0,1168.0,1172.0,80214,1336869
2025-11-21 10:00:00,1171.0,1178.0,1168.0,1171.0,25689,1325030
2025-11-21 11:15:00,1171.0,1173.0,1164.0,1166.0,170162,1320895
2025-11-21 14:15:00,1167.0,1176.0,1165.0,1173.0,140942,1318186
2025-11-21 15:00:00,1174.0,1176.0,1167.0,1170.0,78167,1310196
2025-11-21 22:00:00,1168.0,1173.0,1161.0,1165.0,208904,1326258
2025-11-21 23:00:00,1164.0,1169.0,1164.0,1166.0,1198,1313205
2025-11-24 10:00:00,1167.0,1178.0,1166.0,1169.0,10738,1298882
2025-11-24 11:15:00,1168.0,1174.0,1167.0,1172.0,91595,1287345
2025-11-24 14:15:00,1172.0,1189.0,1170.0,1184.0,262150,1272478
2025-11-24 15:00:00,1184.0,1194.0,1180.0,1183.0,8101,1252705
2025-11-24 22:00:00,1181.0,1181.0,1169.0,1172.0,266693,1289200
2025-11-24 23:00:00,1173.0,1174.0,1171.0,1172.0,55414,1283217
2025-11-25 10:00:00,1172.0,1179.0,1170.0,1176.0,12519,1271060
2025-11-25 11:15:00,1177.0,1180.0,1173.0,1175.0,112531,1258090
2025-11-25 14:15:00,1175.0,1181.0,1173.0,1176.0,104734,1256759
2025-11-25 15:00:00,1176.0,1177.0,1170.0,1173.0,67814,1250396
2025-11-25 22:00:00,1170.0,1172.0,1164.0,1170.0,173765,1257457
2025-11-25 23:00:00,1169.0,1170.0,1165.0,1167.0,64701,1249758
2025-11-26 10:00:00,1167.0,1179.0,1167.0,1175.0,24005,1234105
2025-11-26 11:15:00,1175.0,1180.0,1171.0,1174.0,142364,1234925
2025-11-26 14:15:00,1174.0,1179.0,1172.0,1177.0,109346,1229578
2025-11-26 15:00:00,1177.0,1180.0,1173.0,1175.0,55515,1222993
2025-11-26 22:00:00,1174.0,1178.0,1171.0,1175.0,116321,1236620
2025-11-26 23:00:00,1176.0,1176.0,1169.0,1171.0,95013,1238106
2025-11-27 10:00:00,1171.0,1177.0,1170.0,1177.0,11457,1229033
2025-11-27 11:15:00,1177.0,1187.0,1176.0,1177.0,212780,1214306
2025-11-27 14:15:00,1177.0,1181.0,1173.0,1175.0,88222,1209588
2025-11-27 15:00:00,1175.0,1178.0,1174.0,1176.0,8651,1200590
2025-11-27 22:00:00,1177.0,1191.0,1174.0,1187.0,259274,1198912
2025-11-27 23:00:00,1187.0,1194.0,1186.0,1190.0,139181,1180966
2025-11-28 10:00:00,1190.0,1190.0,1174.0,1174.0,616,1177166
2025-11-28 11:15:00,1174.0,1181.0,1174.0,1179.0,7953,1177228
2025-11-28 14:15:00,1179.0,1181.0,1174.0,1176.0,25,1187522
2025-11-28 15:00:00,1176.0,1179.0,1175.0,1177.0,9910,1180219
2025-11-28 22:00:00,1176.0,1177.0,1158.0,1161.0,311492,1226695
2025-11-28 23:00:00,1160.0,1161.0,1155.0,1160.0,1136,1221063
2025-12-01 10:00:00,1160.0,1177.0,1160.0,1174.0,22191,1183306
2025-12-01 11:15:00,1173.0,1179.0,1171.0,1176.0,95764,1170452
2025-12-01 14:15:00,1177.0,1178.0,1170.0,1172.0,90153,1166594
2025-12-01 15:00:00,1172.0,1176.0,1171.0,1176.0,522,1156882
2025-12-01 22:00:00,1176.0,1191.0,1176.0,1185.0,329165,1145477
2025-12-01 23:00:00,1185.0,1186.0,1178.0,1181.0,97869,1138928
2025-12-02 10:00:00,1180.0,1186.0,1177.0,1185.0,23178,1131924
2025-12-02 11:15:00,1186.0,1189.0,1180.0,1180.0,98270,1125687
2025-12-02 14:15:00,1181.0,1182.0,1176.0,1179.0,105003,1120385
2025-12-02 15:00:00,1179.0,1183.0,1177.0,1183.0,44404,1108996
2025-12-02 22:00:00,1183.0,1184.0,1166.0,1167.0,234981,1124342
2025-12-02 23:00:00,1167.0,1171.0,1167.0,1167.0,60680,1121443
2025-12-03 10:00:00,1169.0,1176.0,1168.0,1172.0,24806,1111111
2025-12-03 11:15:00,1172.0,1175.0,1170.0,1171.0,46005,1105509
2025-12-03 14:15:00,1171.0,1176.0,1162.0,1164.0,104361,1104629
2025-12-03 15:00:00,1163.0,1167.0,1156.0,1165.0,148166,1103091
2025-12-03 22:00:00,1162.0,1162.0,1147.0,1152.0,268549,1119206
2025-12-03 23:00:00,1152.0,1153.0,1148.0,1153.0,54222,1111045
2025-12-04 10:00:00,1154.0,1162.0,1150.0,1156.0,11050,1101629
2025-12-04 11:15:00,1155.0,1159.0,1154.0,1155.0,50938,1093139
2025-12-04 14:15:00,1155.0,1163.0,1154.0,1162.0,73682,1080110
2025-12-04 15:00:00,1163.0,1163.0,1157.0,1162.0,2766,1066050
2025-12-04 22:00:00,1160.0,1162.0,1152.0,1156.0,150989,1082678
2025-12-04 23:00:00,1156.0,1158.0,1144.0,1147.0,160720,1103287
2025-12-05 10:00:00,1148.0,1150.0,1139.0,1143.0,51160,1105321
2025-12-05 11:15:00,1144.0,1144.0,1139.0,1143.0,64223,1101685
2025-12-05 14:15:00,1143.0,1144.0,1131.0,1137.0,149938,1089598
2025-12-05 15:00:00,1137.0,1141.0,1136.0,1137.0,62019,1061023
2025-12-05 22:00:00,1135.0,1152.0,1135.0,1145.0,265628,1038994
2025-12-05 23:00:00,1145.0,1146.0,1140.0,1142.0,4333,1024650
2025-12-08 10:00:00,1143.0,1143.0,1132.0,1135.0,16054,1028870
2025-12-08 11:15:00,1135.0,1136.0,1125.0,1127.0,129090,1028343
2025-12-08 14:15:00,1126.0,1136.0,1125.0,1133.0,14,1011496
2025-12-08 15:00:00,1134.0,1135.0,1132.0,1133.0,5225,997603
2025-12-08 22:00:00,1133.0,1134.0,1127.0,1130.0,138217,1003293
2025-12-08 23:00:00,1130.0,1132.0,1121.0,1125.0,80379,993530
2025-12-09 10:00:00,1124.0,1129.0,1123.0,1124.0,4257,987246
2025-12-09 11:15:00,1124.0,1130.0,1122.0,1128.0,77690,974440
2025-12-09 14:15:00,1128.0,1132.0,1125.0,1129.0,2047,964296
2025-12-09 15:00:00,1128.0,1130.0,1120.0,1125.0,238,953689
2025-12-09 22:00:00,1125.0,1126.0,1106.0,1107.0,270628,952802
2025-12-09 23:00:00,1106.0,1110.0,1106.0,1109.0,63870,935191
2025-12-10 10:00:00,1109.0,1117.0,1104.0,1107.0,8065,919091
2025-12-10 11:15:00,1107.0,1109.0,1100.0,1105.0,99378,910079
2025-12-10 14:15:00,1104.0,1113.0,1099.0,1101.0,4434,895064
2025-12-10 15:00:00,1100.0,1102.0,1091.0,1094.0,644,874310
2025-12-10 22:00:00,1095.0,1109.0,1089.0,1107.0,252803,840590
2025-12-10 23:00:00,1107.0,1108.0,1105.0,1107.0,44034,827692
2025-12-11 10:00:00,1106.0,1108.0,1099.0,1102.0,8009,816135
2025-12-11 11:15:00,1103.0,1111.0,1102.0,1108.0,89950,799952
2025-12-11 14:15:00,1109.0,1109.0,1101.0,1101.0,2211,786076
2025-12-11 15:00:00,1101.0,1104.0,1099.0,1103.0,17690,767777
2025-12-11 22:00:00,1152.0,1154.0,1136.0,1143.0,13,849992
2025-12-11 23:00:00,1142.0,1145.0,1136.0,1136.0,135,852107
2025-12-12 10:00:00,1137.0,1141.0,1132.0,1138.0,4,871963
2025-12-12 11:15:00,1138.0,1143.0,1136.0,1138.0,1627,879052
2025-12-12 14:15:00,1138.0,1140.0,1132.0,1133.0,3621,888290
2025-12-12 15:00:00,1133.0,1135.0,1124.0,1126.0,20591,890377
2025-12-12 22:00:00,1124.0,1155.0,1124.0,1154.0,69,911143
2025-12-12 23:00:00,1153.0,1167.0,1153.0,1163.0,7275,886522
2025-12-15 10:00:00,1164.0,1164.0,1153.0,1159.0,439,901970
2025-12-15 11:15:00,1159.0,1165.0,1156.0,1163.0,2500,915253
2025-12-15 14:15:00,1163.0,1164.0,1150.0,1152.0,292,921303
2025-12-15 15:00:00,1153.0,1161.0,1152.0,1156.0,92,915836
2025-12-15 22:00:00,1158.0,1167.0,1150.0,1151.0,285529,970699
2025-12-15 23:00:00,1150.0,1152.0,1146.0,1148.0,134217,970886
2025-12-16 10:00:00,1148.0,1160.0,1147.0,1159.0,16629,967376
2025-12-16 11:15:00,1158.0,1176.0,1158.0,1164.0,197507,958709
2025-12-16 14:15:00,1164.0,1176.0,1161.0,1163.0,10828,953677
2025-12-16 15:00:00,1163.0,1175.0,1162.0,1170.0,181,951014
2025-12-16 22:00:00,1170.0,1174.0,1163.0,1167.0,165518,972980
2025-12-16 23:00:00,1166.0,1170.0,1164.0,1169.0,58953,970392
2025-12-17 10:00:00,1170.0,1170.0,1158.0,1162.0,12940,978882
2025-12-17 11:15:00,1162.0,1175.0,1162.0,1171.0,140613,971032
2025-12-17 14:15:00,1172.0,1176.0,1168.0,1173.0,86183,972084
2025-12-17 15:00:00,1174.0,1174.0,1165.0,1170.0,2918,963543
2025-12-17 22:00:00,1173.0,1197.0,1171.0,1196.0,412767,971540
2025-12-17 23:00:00,1196.0,1203.0,1193.0,1195.0,234899,951534
2025-12-18 10:00:00,1195.0,1195.0,1183.0,1187.0,18751,941919
2025-12-18 11:15:00,1187.0,1189.0,1182.0,1189.0,69489,943480
2025-12-18 14:15:00,1189.0,1196.0,1186.0,1195.0,84118,943139
2025-12-18 15:00:00,1196.0,1199.0,1191.0,1193.0,36022,932468
2025-12-18 22:00:00,1193.0,1193.0,1179.0,1179.0,238890,961693
2025-12-18 23:00:00,1180.0,1182.0,1175.0,1178.0,103575,968656
2025-12-19 10:00:00,1178.0,1184.0,1176.0,1176.0,13943,972894
2025-12-19 11:15:00,1176.0,1181.0,1171.0,1172.0,112163,966509
2025-12-19 14:15:00,1172.0,1178.0,1167.0,1174.0,153007,980412
2025-12-19 15:00:00,1174.0,1178.0,1172.0,1176.0,11921,970991
2025-12-19 22:00:00,1176.0,1180.0,1162.0,1172.0,243165,990544
2025-12-19 23:00:00,1171.0,1175.0,1169.0,1173.0,72619,981976
2025-12-22 10:00:00,1174.0,1175.0,1163.0,1164.0,1629,991820
2025-12-22 11:15:00,1164.0,1167.0,1157.0,1165.0,155991,993407
2025-12-22 14:15:00,1165.0,1168.0,1160.0,1166.0,78204,999476
2025-12-22 15:00:00,1166.0,1169.0,1163.0,1169.0,1619,995047
2025-12-22 22:00:00,1168.0,1180.0,1162.0,1172.0,256226,1010604
2025-12-22 23:00:00,1172.0,1172.0,1160.0,1162.0,133691,1015600
2025-12-23 10:00:00,1162.0,1168.0,1160.0,1167.0,9645,1014033
2025-12-23 11:15:00,1168.0,1168.0,1162.0,1163.0,68053,1012029
2025-12-23 14:15:00,1162.0,1170.0,1162.0,1167.0,75013,1007643
2025-12-23 15:00:00,1167.0,1175.0,1166.0,1175.0,75562,1002054
2025-12-23 22:00:00,1177.0,1182.0,1170.0,1176.0,199916,1013835
2025-12-23 23:00:00,1176.0,1177.0,1169.0,1172.0,73307,1004639
2025-12-24 10:00:00,1171.0,1178.0,1165.0,1178.0,24171,1008646
2025-12-24 11:15:00,1177.0,1185.0,1176.0,1184.0,195385,1010126
2025-12-24 14:15:00,1184.0,1190.0,1182.0,1184.0,2342,1012074
2025-12-24 15:00:00,1185.0,1186.0,1180.0,1184.0,2976,999928
2025-12-24 22:00:00,1186.0,1186.0,1176.0,1177.0,176915,1005368
2025-12-24 23:00:00,1177.0,1180.0,1174.0,1176.0,79823,1002199
2025-12-25 10:00:00,1177.0,1190.0,1175.0,1188.0,38556,1004299
2025-12-25 11:15:00,1189.0,1195.0,1185.0,1186.0,154638,1002599
2025-12-25 14:15:00,1187.0,1187.0,1180.0,1184.0,84757,1000395
2025-12-25 15:00:00,1184.0,1186.0,1181.0,1184.0,81,995846
2025-12-25 22:00:00,1186.0,1197.0,1185.0,1185.0,198918,1019439
2025-12-25 23:00:00,1185.0,1186.0,1177.0,1179.0,143907,1017865
2025-12-26 10:00:00,1179.0,1182.0,1172.0,1176.0,37060,1011129
2025-12-26 11:15:00,1176.0,1196.0,1174.0,1191.0,244779,1018492
2025-12-26 14:15:00,1192.0,1196.0,1186.0,1195.0,7208,1017189
2025-12-26 15:00:00,1194.0,1206.0,1194.0,1200.0,585,1009589
2025-12-26 22:00:00,1199.0,1203.0,1188.0,1189.0,236798,1023872
2025-12-26 23:00:00,1189.0,1189.0,1181.0,1188.0,184596,1026265
2025-12-29 10:00:00,1188.0,1195.0,1181.0,1184.0,12429,1038758
2025-12-29 11:15:00,1184.0,1190.0,1181.0,1189.0,96251,1051600
2025-12-29 14:15:00,1190.0,1190.0,1180.0,1184.0,114716,1053314
2025-12-29 15:00:00,1184.0,1184.0,1176.0,1181.0,84464,1043967
2025-12-29 22:00:00,1179.0,1185.0,1178.0,1182.0,152539,1055590
2025-12-29 23:00:00,1183.0,1188.0,1180.0,1186.0,82919,1037446
2025-12-30 10:00:00,1185.0,1211.0,1185.0,1203.0,28005,1021458
2025-12-30 11:15:00,1204.0,1217.0,1204.0,1216.0,205790,1014094
2025-12-30 14:15:00,1215.0,1216.0,1208.0,1214.0,129217,1012965
2025-12-30 15:00:00,1214.0,1215.0,1209.0,1213.0,20924,1005705
2025-12-30 22:00:00,1214.0,1217.0,1207.0,1214.0,226302,1010012
2025-12-30 23:00:00,1214.0,1216.0,1212.0,1215.0,68306,995053
2025-12-31 10:00:00,1216.0,1216.0,1207.0,1207.0,20383,990003
2025-12-31 11:15:00,1207.0,1211.0,1205.0,1207.0,94796,985377
2025-12-31 14:15:00,1206.0,1208.0,1197.0,1205.0,164725,975556
2025-12-31 15:00:00,1206.0,1211.0,1203.0,1209.0,107321,952613
2026-01-05 10:00:00,1204.0,1204.0,1189.0,1195.0,255848,989987
2026-01-05 11:15:00,1194.0,1201.0,1191.0,1196.0,103194,999561
2026-01-05 14:15:00,1196.0,1199.0,1170.0,1171.0,383374,1061624
2026-01-05 15:00:00,1171.0,1177.0,1170.0,1177.0,78789,1053853
2026-01-05 22:00:00,1175.0,1180.0,1172.0,1177.0,196082,1067325
2026-01-05 23:00:00,1177.0,1178.0,1174.0,1177.0,50159,1061067
2026-01-06 10:00:00,1177.0,1188.0,1173.0,1187.0,3183,1057330
2026-01-06 11:15:00,1186.0,1190.0,1185.0,1187.0,132458,1062284
2026-01-06 14:15:00,1188.0,1189.0,1185.0,1186.0,12827,1063781
2026-01-06 15:00:00,1187.0,1191.0,1186.0,1190.0,440,1056646
2026-01-06 22:00:00,1196.0,1229.0,1189.0,1226.0,210,1054487
2026-01-06 23:00:00,1227.0,1237.0,1225.0,1232.0,22137,1038294
2026-01-07 10:00:00,1230.0,1231.0,1224.0,1225.0,9246,1050748
2026-01-07 11:15:00,1225.0,1232.0,1219.0,1231.0,13122,1058146
2026-01-07 14:15:00,1231.0,1256.0,1231.0,1254.0,29629,1056789
2026-01-07 15:00:00,1272.0,1276.0,1261.0,1271.0,2017,1041220
2026-01-07 22:00:00,1267.0,1269.0,1254.0,1261.0,537519,1085544
2026-01-07 23:00:00,1262.0,1270.0,1254.0,1259.0,258682,1079650
2026-01-08 10:00:00,1258.0,1259.0,1247.0,1257.0,44882,1107660
2026-01-08 11:15:00,1256.0,1262.0,1227.0,1228.0,500161,1157271
2026-01-08 14:15:00,1227.0,1237.0,1222.0,1228.0,325848,1183519
2026-01-08 15:00:00,1227.0,1242.0,1225.0,1239.0,2468,1172456
2026-01-08 22:00:00,1240.0,1242.0,1222.0,1226.0,400202,1218309
2026-01-08 23:00:00,1225.0,1229.0,1206.0,1215.0,465060,1201597
2026-01-09 10:00:00,1216.0,1225.0,1214.0,1224.0,164966,1196963
2026-01-09 11:15:00,1224.0,1233.0,1218.0,1220.0,201213,1187040
2026-01-09 14:15:00,1220.0,1228.0,1218.0,1226.0,116312,1186901
2026-01-09 15:00:00,1226.0,1229.0,1223.0,1228.0,26160,1170489
2026-01-09 22:00:00,1231.0,1234.0,1214.0,1221.0,386225,1196812
2026-01-09 23:00:00,1221.0,1228.0,1221.0,1225.0,403,1178163
2026-01-12 10:00:00,1225.0,1232.0,1219.0,1229.0,10240,1200704
2026-01-12 11:15:00,1229.0,1236.0,1225.0,1231.0,160013,1211478
2026-01-12 14:15:00,1232.0,1240.0,1227.0,1232.0,166709,1206339
2026-01-12 15:00:00,1232.0,1241.0,1230.0,1239.0,3815,1194511
2026-01-12 22:00:00,1240.0,1241.0,1223.0,1226.0,255066,1220954
2026-01-12 23:00:00,1226.0,1230.0,1221.0,1227.0,126064,1210489
2026-01-13 10:00:00,1227.0,1235.0,1226.0,1231.0,10117,1218653
2026-01-13 11:15:00,1232.0,1235.0,1229.0,1233.0,76875,1215652
2026-01-13 14:15:00,1232.0,1235.0,1211.0,1213.0,297192,1222893
2026-01-13 15:00:00,1213.0,1219.0,1210.0,1212.0,127,1206897
2026-01-13 22:00:00,1212.0,1218.0,1207.0,1213.0,228119,1218549
2026-01-13 23:00:00,1212.0,1219.0,1206.0,1216.0,152194,1209962
2026-01-14 10:00:00,1216.0,1219.0,1211.0,1218.0,20338,1209120
2026-01-14 11:15:00,1218.0,1224.0,1213.0,1221.0,126374,1200135
2026-01-14 14:15:00,1222.0,1232.0,1212.0,1231.0,292191,1200273
2026-01-14 15:00:00,1231.0,1231.0,1220.0,1222.0,14546,1191485
2026-01-14 22:00:00,1226.0,1227.0,1197.0,1204.0,436975,1223242
2026-01-14 23:00:00,1204.0,1210.0,1203.0,1208.0,118327,1207446
2026-01-15 10:00:00,1206.0,1213.0,1198.0,1202.0,69639,1230937
2026-01-15 11:15:00,1200.0,1206.0,1188.0,1190.0,211165,1245354
2026-01-15 14:15:00,1190.0,1196.0,1185.0,1192.0,215131,1241709
2026-01-15 15:00:00,1192.0,1196.0,1190.0,1193.0,55245,1222455
2026-01-15 22:00:00,1195.0,1200.0,1187.0,1190.0,219099,1230358
2026-01-15 23:00:00,1189.0,1190.0,1182.0,1186.0,131364,1229275
2026-01-16 10:00:00,1185.0,1216.0,1185.0,1202.0,92410,1207486
2026-01-16 11:15:00,1203.0,1205.0,1194.0,1196.0,156330,1209222
2026-01-16 14:15:00,1197.0,1202.0,1186.0,1192.0,162498,1211170
2026-01-16 15:00:00,1193.0,1193.0,1189.0,1192.0,42291,1195966
2026-01-16 22:00:00,1191.0,1215.0,1186.0,1208.0,66,1184931
2026-01-16 23:00:00,1208.0,1212.0,1205.0,1209.0,953,1167120
2026-01-19 10:00:00,1209.0,1209.0,1198.0,1204.0,19755,1164406
2026-01-19 11:15:00,1203.0,1205.0,1189.0,1195.0,8546,1168697
2026-01-19 14:15:00,1194.0,1198.0,1192.0,1196.0,2703,1170687
2026-01-19 15:00:00,1196.0,1199.0,1190.0,1192.0,40490,1157011
2026-01-19 22:00:00,1194.0,1194.0,1176.0,1181.0,270141,1171247
2026-01-19 23:00:00,1180.0,1183.0,1176.0,1177.0,90789,1168827
2026-01-20 10:00:00,1177.0,1186.0,1174.0,1182.0,12383,1167112
2026-01-20 11:15:00,1181.0,1183.0,1175.0,1181.0,89539,1170326
2026-01-20 14:15:00,1181.0,1189.0,1178.0,1188.0,117681,1164555
2026-01-20 15:00:00,1188.0,1189.0,1176.0,1177.0,41733,1153720
2026-01-20 22:00:00,1179.0,1179.0,1163.0,1170.0,225528,1175848
2026-01-20 23:00:00,1169.0,1174.0,1169.0,1172.0,84742,1171191
2026-01-21 10:00:00,1171.0,1173.0,1167.0,1170.0,17590,1174813
2026-01-21 11:15:00,1169.0,1172.0,1164.0,1168.0,75126,1174637
2026-01-21 14:15:00,1167.0,1174.0,1165.0,1168.0,100450,1175970
2026-01-21 15:00:00,1169.0,1171.0,1161.0,1163.0,9397,1173371
2026-01-21 22:00:00,1166.0,1178.0,1159.0,1172.0,262914,1179776
2026-01-21 23:00:00,1172.0,1173.0,1165.0,1168.0,90766,1178803
2026-01-22 10:00:00,1169.0,1182.0,1167.0,1178.0,16871,1168471
2026-01-22 11:15:00,1178.0,1184.0,1172.0,1181.0,132926,1167721
2026-01-22 14:15:00,1181.0,1184.0,1178.0,1180.0,89002,1169771
2026-01-22 15:00:00,1179.0,1185.0,1176.0,1185.0,7900,1160131
2026-01-22 22:00:00,1184.0,1192.0,1180.0,1184.0,256951,1169781
2026-01-22 23:00:00,1184.0,1191.0,1183.0,1190.0,99299,1161580
2026-01-23 10:00:00,1191.0,1194.0,1181.0,1190.0,40349,1162148
2026-01-23 11:15:00,1191.0,1192.0,1180.0,1180.0,110391,1168841
2026-01-23 14:15:00,1181.0,1196.0,1178.0,1195.0,182636,1167281
2026-01-23 15:00:00,1195.0,1198.0,1187.0,1198.0,2435,1150904
2026-01-23 22:00:00,1197.0,1206.0,1183.0,1194.0,407100,1174268
2026-01-23 23:00:00,1194.0,1196.0,1186.0,1191.0,132100,1168842
2026-01-26 10:00:00,1192.0,1202.0,1190.0,1197.0,18468,1162531
2026-01-26 11:15:00,1197.0,1210.0,1195.0,1203.0,208033,1163194
2026-01-26 14:15:00,1203.0,1209.0,1194.0,1198.0,167653,1165323
2026-01-26 15:00:00,1199.0,1205.0,1198.0,1205.0,49840,1160211
2026-01-26 22:00:00,1202.0,1205.0,1188.0,1190.0,281250,1185983
2026-01-26 23:00:00,1190.0,1195.0,1189.0,1191.0,78378,1177902
2026-01-27 10:00:00,1192.0,1202.0,1191.0,1194.0,38845,1170690
2026-01-27 11:15:00,1194.0,1199.0,1192.0,1195.0,71789,1170568
2026-01-27 14:15:00,1195.0,1195.0,1188.0,1192.0,107117,1172497
2026-01-27 15:00:00,1191.0,1194.0,1189.0,1194.0,35994,1163150
2026-01-27 22:00:00,1189.0,1192.0,1178.0,1188.0,237053,1168751
2026-01-27 23:00:00,1187.0,1194.0,1187.0,1190.0,82644,1159268
2026-01-28 10:00:00,1191.0,1199.0,1189.0,1192.0,10265,1164864
2026-01-28 11:15:00,1192.0,1198.0,1192.0,1197.0,3652,1168202
2026-01-28 14:15:00,1197.0,1206.0,1195.0,1202.0,12692,1189571
2026-01-28 15:00:00,1202.0,1203.0,1192.0,1198.0,40318,1185982
2026-01-28 22:00:00,1200.0,1202.0,1193.0,1201.0,198867,1197779
2026-01-28 23:00:00,1201.0,1218.0,1201.0,1212.0,371346,1196839
2026-01-29 10:00:00,1213.0,1214.0,1207.0,1209.0,23047,1208160
2026-01-29 11:15:00,1209.0,1218.0,1205.0,1212.0,161035,1212887
2026-01-29 14:15:00,1213.0,1217.0,1206.0,1210.0,155808,1202931
2026-01-29 15:00:00,1210.0,1225.0,1209.0,1224.0,2758,1193382
2026-01-29 22:00:00,1222.0,1229.0,1211.0,1214.0,404894,1225846
2026-01-29 23:00:00,1213.0,1222.0,1213.0,1218.0,154741,1216322
2026-01-30 10:00:00,1215.0,1218.0,1197.0,1202.0,338760,1222787
2026-01-30 11:15:00,1202.0,1209.0,1198.0,1203.0,137844,1204113
2026-01-30 14:15:00,1203.0,1211.0,1200.0,1208.0,43488,1197567
2026-01-30 15:00:00,1208.0,1209.0,1203.0,1204.0,1015,1178508
2026-01-30 22:00:00,1197.0,1235.0,1193.0,1225.0,651622,1191482
2026-01-30 23:00:00,1226.0,1228.0,1223.0,1225.0,149028,1168727
2026-02-02 10:00:00,1224.0,1226.0,1215.0,1226.0,34440,1170744
2026-02-02 11:15:00,1225.0,1226.0,1205.0,1206.0,211041,1167206
2026-02-02 14:15:00,1206.0,1210.0,1193.0,1202.0,306213,1163390
2026-02-02 15:00:00,1203.0,1203.0,1194.0,1203.0,111259,1153944
2026-02-02 22:00:00,1210.0,1214.0,1202.0,1212.0,311684,1172817
2026-02-02 23:00:00,1211.0,1213.0,1205.0,1207.0,87692,1164005
2026-02-03 10:00:00,1207.0,1212.0,1206.0,1210.0,19160,1164199
2026-02-03 11:15:00,1208.0,1211.0,1198.0,1201.0,157167,1164508
2026-02-03 14:15:00,1200.0,1203.0,1188.0,1196.0,207589,1177975
2026-02-03 15:00:00,1195.0,1202.0,1194.0,1201.0,68836,1166259
2026-02-03 22:00:00,1208.0,1226.0,1202.0,1213.0,562265,1180664
2026-02-03 23:00:00,1214.0,1214.0,1207.0,1210.0,91378,1180067
2026-02-04 10:00:00,1210.0,1220.0,1209.0,1217.0,49210,1172350
2026-02-04 11:15:00,1217.0,1225.0,1216.0,1225.0,207571,1177450
2026-02-04 14:15:00,1225.0,1233.0,1221.0,1224.0,291546,1192456
2026-02-04 15:00:00,1224.0,1229.0,1222.0,1229.0,39480,1178805
2026-02-04 22:00:00,1224.0,1227.0,1212.0,1215.0,318350,1177388
2026-02-04 23:00:00,1215.0,1220.0,1213.0,1217.0,92980,1168308
2026-02-05 10:00:00,1218.0,1219.0,1206.0,1207.0,25509,1172595
2026-02-05 11:15:00,1207.0,1209.0,1201.0,1204.0,184741,1161054
2026-02-05 14:15:00,1207.0,1208.0,1202.0,1204.0,101052,1153244
2026-02-05 15:00:00,1202.0,1209.0,1202.0,1209.0,4900,1142014
2026-02-05 22:00:00,1204.0,1204.0,1190.0,1196.0,307059,1167137
2026-02-05 23:00:00,1195.0,1199.0,1194.0,1196.0,65521,1162407
2026-02-06 10:00:00,1194.0,1198.0,1184.0,1185.0,230127,1171530
2026-02-06 11:15:00,1185.0,1194.0,1185.0,1190.0,58032,1172797
2026-02-06 14:15:00,1190.0,1199.0,1188.0,1195.0,97955,1164421
2026-02-06 15:00:00,1196.0,1200.0,1189.0,1190.0,632,1149863
2026-02-06 22:00:00,1189.0,1190.0,1178.0,1181.0,24,1180467
2026-02-06 23:00:00,1180.0,1181.0,1165.0,1171.0,2603,1170561
2026-02-09 10:00:00,1176.0,1182.0,1174.0,1179.0,18311,1171712
2026-02-09 11:15:00,1178.0,1190.0,1178.0,1187.0,137343,1167453
2026-02-09 14:15:00,1188.0,1196.0,1182.0,1184.0,30202,1166444
2026-02-09 15:00:00,1184.0,1185.0,1181.0,1181.0,565,1163071
2026-02-09 22:00:00,1183.0,1187.0,1176.0,1179.0,228819,1182697
2026-02-09 23:00:00,1178.0,1179.0,1174.0,1177.0,113672,1173261
2026-02-10 10:00:00,1176.0,1181.0,1174.0,1178.0,8238,1181709
2026-02-10 11:15:00,1179.0,1181.0,1175.0,1176.0,63245,1187027
2026-02-10 14:15:00,1176.0,1178.0,1171.0,1174.0,2275,1191308
2026-02-10 15:00:00,1174.0,1177.0,1171.0,1171.0,185,1186285
2026-02-10 22:00:00,1171.0,1172.0,1162.0,1170.0,148774,1214436
2026-02-10 23:00:00,1170.0,1173.0,1168.0,1171.0,54213,1210612
2026-02-11 10:00:00,1172.0,1175.0,1169.0,1174.0,14095,1216660
2026-02-11 11:15:00,1174.0,1177.0,1172.0,1176.0,72798,1211236
2026-02-11 14:15:00,1176.0,1183.0,1175.0,1178.0,138844,1189350
2026-02-11 15:00:00,1178.0,1179.0,1176.0,1178.0,1251,1179771
2026-02-11 22:00:00,1176.0,1176.0,1170.0,1173.0,128167,1185098
2026-02-11 23:00:00,1173.0,1175.0,1170.0,1172.0,41965,1182019
2026-02-12 10:00:00,1172.0,1176.0,1169.0,1175.0,8167,1175075
2026-02-12 11:15:00,1175.0,1179.0,1173.0,1176.0,70178,1168781
2026-02-12 14:15:00,1176.0,1179.0,1167.0,1167.0,98921,1164621
2026-02-12 15:00:00,1167.0,1169.0,1157.0,1162.0,22180,1166076
2026-02-12 22:00:00,1164.0,1168.0,1159.0,1167.0,141516,1156744
2026-02-12 23:00:00,1168.0,1168.0,1164.0,1167.0,39514,1154582
2026-02-13 10:00:00,1165.0,1168.0,1161.0,1164.0,3985,1148874
2026-02-13 11:15:00,1165.0,1169.0,1164.0,1166.0,53459,1137643
2026-02-13 14:15:00,1166.0,1167.0,1159.0,1161.0,82156,1128602
2026-02-13 15:00:00,1161.0,1162.0,1148.0,1150.0,1394,1098537
2026-02-24 10:00:00,1165.0,1173.0,1146.0,1149.0,249565,1153086
2026-02-24 11:15:00,1148.0,1170.0,1148.0,1166.0,161540,1151148
2026-02-24 14:15:00,1167.0,1169.0,1162.0,1164.0,2280,1155856
2026-02-24 15:00:00,1164.0,1169.0,1162.0,1169.0,631,1149433
2026-02-24 22:00:00,1170.0,1186.0,1170.0,1179.0,364091,1162659
2026-02-24 23:00:00,1180.0,1186.0,1179.0,1183.0,80282,1146121
2026-02-25 10:00:00,1183.0,1192.0,1183.0,1186.0,28109,1145433
2026-02-25 11:15:00,1186.0,1189.0,1181.0,1188.0,107250,1146967
2026-02-25 14:15:00,1189.0,1191.0,1187.0,1188.0,140861,1163597
2026-02-25 15:00:00,1190.0,1193.0,1186.0,1191.0,51803,1159378
2026-02-25 22:00:00,1192.0,1192.0,1181.0,1183.0,213050,1165094
2026-02-25 23:00:00,1183.0,1184.0,1181.0,1184.0,54508,1158713
2026-02-26 10:00:00,1184.0,1188.0,1181.0,1186.0,7026,1153982
2026-02-26 11:15:00,1185.0,1188.0,1178.0,1178.0,124282,1147762
2026-02-26 14:15:00,1178.0,1181.0,1176.0,1178.0,778,1140101
2026-02-26 15:00:00,1178.0,1192.0,1176.0,1191.0,1407,1133889
2026-02-26 22:00:00,1189.0,1189.0,1179.0,1180.0,192365,1145168
2026-02-26 23:00:00,1180.0,1182.0,1176.0,1182.0,88867,1146274
2026-02-27 10:00:00,1181.0,1188.0,1179.0,1187.0,21782,1157025
2026-02-27 11:15:00,1188.0,1191.0,1186.0,1186.0,129711,1149111
2026-02-27 14:15:00,1187.0,1188.0,1183.0,1185.0,69375,1140977
2026-02-27 15:00:00,1186.0,1195.0,1185.0,1194.0,355,1137958
2026-02-27 22:00:00,1199.0,1212.0,1186.0,1188.0,475798,1155243
2026-02-27 23:00:00,1188.0,1192.0,1185.0,1189.0,136730,1149864
2026-03-02 10:00:00,1190.0,1200.0,1175.0,1178.0,42668,1153637
2026-03-02 11:15:00,1177.0,1181.0,1172.0,1180.0,139009,1165051
2026-03-02 14:15:00,1179.0,1190.0,1179.0,1188.0,164003,1154317
2026-03-02 15:00:00,1189.0,1189.0,1186.0,1188.0,44206,1141408
2026-03-02 22:00:00,1187.0,1187.0,1176.0,1178.0,186297,1160160
2026-03-02 23:00:00,1177.0,1179.0,1171.0,1174.0,132324,1169451
2026-03-03 10:00:00,1175.0,1182.0,1174.0,1178.0,17997,1164089
2026-03-03 11:15:00,1177.0,1183.0,1172.0,1181.0,152183,1165220
2026-03-03 14:15:00,1181.0,1186.0,1179.0,1181.0,153125,1151076
2026-03-03 15:00:00,1181.0,1221.0,1181.0,1218.0,522,1141484
2026-03-03 22:00:00,1216.0,1224.0,1206.0,1223.0,541830,1148233
2026-03-03 23:00:00,1223.0,1224.0,1212.0,1213.0,226553,1123186
2026-03-04 10:00:00,1213.0,1219.0,1200.0,1203.0,56763,1116315
2026-03-04 11:15:00,1203.0,1205.0,1194.0,1205.0,206196,1107182
2026-03-04 14:15:00,1205.0,1209.0,1201.0,1208.0,121960,1110030
2026-03-04 15:00:00,1208.0,1210.0,1200.0,1203.0,84129,1093988
2026-03-04 22:00:00,1200.0,1213.0,1196.0,1210.0,222118,1117954
2026-03-04 23:00:00,1210.0,1212.0,1204.0,1205.0,104850,1108421
2026-03-05 10:00:00,1207.0,1212.0,1204.0,1211.0,20874,1113651
2026-03-05 11:15:00,1211.0,1224.0,1209.0,1216.0,233416,1114966
2026-03-05 14:15:00,1216.0,1242.0,1216.0,1227.0,539642,1133176
2026-03-05 15:00:00,1227.0,1237.0,1221.0,1225.0,162841,1114253
2026-03-05 22:00:00,1228.0,1231.0,1220.0,1225.0,258687,1140441
2026-03-05 23:00:00,1225.0,1226.0,1221.0,1223.0,74232,1134587
2026-03-06 10:00:00,1223.0,1235.0,1216.0,1233.0,51869,1131141
2026-03-06 11:15:00,1233.0,1234.0,1224.0,1231.0,129695,1131699
2026-03-06 14:15:00,1231.0,1245.0,1227.0,1236.0,247151,1147133
2026-03-06 15:00:00,1241.0,1247.0,1235.0,1242.0,156115,1144842
2026-03-06 22:00:00,1257.0,1274.0,1245.0,1261.0,109,1139138
2026-03-06 23:00:00,1261.0,1266.0,1254.0,1261.0,2705,1119064
2026-03-09 10:00:00,1262.0,1330.0,1262.0,1328.0,130620,1097480
2026-03-09 11:15:00,1326.0,1330.0,1318.0,1323.0,188260,1086452
2026-03-09 14:15:00,1322.0,1330.0,1268.0,1277.0,63850,1110339
2026-03-09 15:00:00,1278.0,1287.0,1273.0,1276.0,39865,1085989
2026-03-09 22:00:00,1270.0,1277.0,1242.0,1255.0,628043,1108956
2026-03-09 23:00:00,1255.0,1265.0,1255.0,1265.0,193203,1082121
2026-03-10 10:00:00,1265.0,1265.0,1221.0,1230.0,11445,1065695
2026-03-10 11:15:00,1231.0,1238.0,1226.0,1236.0,1076,1062582
2026-03-10 14:15:00,1236.0,1242.0,1232.0,1239.0,3672,1064685
2026-03-10 15:00:00,1239.0,1239.0,1231.0,1235.0,4861,1040085
2026-03-10 22:00:00,1239.0,1242.0,1231.0,1233.0,172370,1058616
2026-03-10 23:00:00,1233.0,1237.0,1227.0,1229.0,6525,1046534
2026-03-11 10:00:00,1227.0,1241.0,1225.0,1239.0,260,1053978
2026-03-11 11:15:00,1240.0,1249.0,1238.0,1248.0,9799,1058305
2026-03-11 14:15:00,1248.0,1258.0,1244.0,1252.0,18042,1055812
2026-03-11 15:00:00,1256.0,1257.0,1251.0,1255.0,1543,1039255
2026-03-11 22:00:00,1268.0,1278.0,1259.0,1261.0,292,1020661
2026-03-11 23:00:00,1261.0,1271.0,1261.0,1263.0,7466,1013710
2026-03-12 10:00:00,1279.0,1291.0,1270.0,1291.0,3891,1012445
2026-03-12 11:15:00,1291.0,1305.0,1273.0,1274.0,11738,1010541
2026-03-12 14:15:00,1271.0,1276.0,1262.0,1267.0,1120,1008905
2026-03-12 15:00:00,1267.0,1269.0,1253.0,1256.0,8930,989401
2026-03-12 22:00:00,1265.0,1282.0,1258.0,1277.0,358247,982656
2026-03-12 23:00:00,1276.0,1285.0,1273.0,1281.0,2922,968360
2026-03-13 10:00:00,1281.0,1287.0,1270.0,1284.0,35,966891
2026-03-13 11:15:00,1285.0,1288.0,1281.0,1283.0,1227,971180
2026-03-13 14:15:00,1285.0,1292.0,1275.0,1280.0,4407,978888
2026-03-13 15:00:00,1277.0,1281.0,1273.0,1277.0,60,973843
2026-03-13 22:00:00,1264.0,1274.0,1257.0,1271.0,46,987347
2026-03-13 23:00:00,1270.0,1274.0,1266.0,1269.0,10961,975585
2026-03-16 10:00:00,1270.0,1273.0,1259.0,1270.0,6674,981118
2026-03-16 11:15:00,1273.0,1274.0,1243.0,1244.0,3583,988373
2026-03-16 14:15:00,1244.0,1256.0,1242.0,1255.0,2436,980225
2026-03-16 15:00:00,1255.0,1262.0,1255.0,1256.0,748,967663
2026-03-16 22:00:00,1245.0,1253.0,1231.0,1233.0,279857,973469
2026-03-16 23:00:00,1233.0,1242.0,1231.0,1239.0,123249,959645
2026-03-17 10:00:00,1239.0,1252.0,1238.0,1251.0,131739,963107
2026-03-17 11:15:00,1251.0,1252.0,1242.0,1243.0,86795,965812
2026-03-17 14:15:00,1243.0,1254.0,1243.0,1249.0,100084,967505
2026-03-17 15:00:00,1248.0,1250.0,1242.0,1243.0,136,964268
2026-03-17 22:00:00,1243.0,1250.0,1242.0,1247.0,119803,971455
2026-03-17 23:00:00,1247.0,1249.0,1243.0,1245.0,62027,966193
2026-03-18 10:00:00,1243.0,1245.0,1228.0,1231.0,44456,967979
2026-03-18 11:15:00,1231.0,1232.0,1206.0,1213.0,339085,973034
2026-03-18 14:15:00,1212.0,1218.0,1211.0,1212.0,114958,972339
2026-03-18 15:00:00,1212.0,1217.0,1210.0,1211.0,8102,963404
2026-03-18 22:00:00,1226.0,1226.0,1216.0,1220.0,219268,958414
2026-03-18 23:00:00,1221.0,1225.0,1218.0,1219.0,83641,948552
2026-03-19 10:00:00,1221.0,1228.0,1212.0,1219.0,156265,957670
2026-03-19 11:15:00,1219.0,1222.0,1206.0,1207.0,85310,960029
2026-03-19 14:15:00,1207.0,1211.0,1204.0,1208.0,118860,961891
2026-03-19 15:00:00,1208.0,1220.0,1205.0,1217.0,104745,944500
2026-03-19 22:00:00,1211.0,1215.0,1195.0,1203.0,272839,951108
2026-03-19 23:00:00,1203.0,1207.0,1200.0,1203.0,79768,940376
2026-03-20 10:00:00,1204.0,1217.0,1198.0,1215.0,27524,930650
2026-03-20 11:15:00,1214.0,1216.0,1208.0,1214.0,62800,929893
2026-03-20 14:15:00,1213.0,1217.0,1207.0,1207.0,78400,932843
2026-03-20 15:00:00,1207.0,1212.0,1202.0,1202.0,51974,926643
2026-03-20 22:00:00,1205.0,1232.0,1198.0,1231.0,339222,929461
2026-03-20 23:00:00,1230.0,1237.0,1222.0,1233.0,5411,907479
2026-03-23 10:00:00,1234.0,1252.0,1233.0,1248.0,20062,903971
2026-03-23 11:15:00,1248.0,1251.0,1235.0,1247.0,179729,885527
2026-03-23 14:15:00,1248.0,1257.0,1243.0,1254.0,15451,871368
2026-03-23 15:00:00,1255.0,1265.0,1250.0,1256.0,209,849611
2026-03-23 22:00:00,1232.0,1243.0,1226.0,1239.0,56,846723
2026-03-23 23:00:00,1238.0,1241.0,1234.0,1238.0,300,839643
2026-03-24 10:00:00,1239.0,1250.0,1239.0,1247.0,514,850652
2026-03-24 11:15:00,1248.0,1254.0,1247.0,1249.0,171,848330
2026-03-24 14:15:00,1250.0,1254.0,1239.0,1242.0,581,844747
2026-03-24 15:00:00,1244.0,1246.0,1238.0,1240.0,13044,838523
2026-03-24 22:00:00,1244.0,1257.0,1244.0,1248.0,429,853412
2026-03-24 23:00:00,1248.0,1249.0,1234.0,1239.0,3447,839483
2026-03-25 10:00:00,1230.0,1236.0,1220.0,1235.0,1236,842928
2026-03-25 11:15:00,1235.0,1239.0,1233.0,1235.0,7523,844411
2026-03-25 14:15:00,1235.0,1246.0,1233.0,1245.0,10266,844305
2026-03-25 15:00:00,1245.0,1246.0,1241.0,1244.0,1554,840788
2026-03-25 22:00:00,1245.0,1247.0,1231.0,1237.0,207766,842811
2026-03-25 23:00:00,1236.0,1238.0,1233.0,1235.0,55885,837056
2026-03-26 10:00:00,1237.0,1242.0,1226.0,1227.0,38893,840210
2026-03-26 11:15:00,1227.0,1228.0,1223.0,1225.0,92789,847477
2026-03-26 14:15:00,1224.0,1230.0,1224.0,1225.0,85795,838481
2026-03-26 15:00:00,1222.0,1227.0,1215.0,1225.0,94342,826947
2026-03-26 22:00:00,1233.0,1238.0,1219.0,1224.0,204891,820570
2026-03-26 23:00:00,1223.0,1228.0,1220.0,1228.0,66189,808283
2026-03-27 10:00:00,1227.0,1232.0,1226.0,1228.0,127,806633
2026-03-27 11:15:00,1229.0,1229.0,1223.0,1228.0,10,805461
2026-03-27 14:15:00,1228.0,1233.0,1221.0,1227.0,22,807421
2026-03-27 15:00:00,1227.0,1232.0,1226.0,1229.0,219,798009
2026-03-27 22:00:00,1234.0,1234.0,1208.0,1217.0,269699,819867
2026-03-27 23:00:00,1217.0,1219.0,1214.0,1214.0,45688,810199
2026-03-30 10:00:00,1220.0,1228.0,1213.0,1215.0,21571,802696
2026-03-30 11:15:00,1213.0,1216.0,1204.0,1206.0,146844,828652
2026-03-30 14:15:00,1206.0,1212.0,1206.0,1209.0,60505,832149
2026-03-30 15:00:00,1208.0,1210.0,1206.0,1207.0,31265,826819
2026-03-30 22:00:00,1203.0,1204.0,1191.0,1196.0,201192,834197
2026-03-30 23:00:00,1196.0,1197.0,1192.0,1194.0,49170,825460
2026-03-31 10:00:00,1195.0,1198.0,1184.0,1187.0,5806,813366
2026-03-31 11:15:00,1186.0,1190.0,1181.0,1183.0,87385,810344
2026-03-31 14:15:00,1182.0,1185.0,1177.0,1182.0,91451,800605
2026-03-31 15:00:00,1182.0,1183.0,1177.0,1177.0,627,790860
2026-03-31 22:00:00,1180.0,1182.0,1169.0,1170.0,168429,811781
2026-03-31 23:00:00,1170.0,1175.0,1169.0,1174.0,44557,803992
2026-04-01 10:00:00,1174.0,1179.0,1171.0,1175.0,12917,806787
2026-04-01 11:15:00,1174.0,1179.0,1170.0,1174.0,892,799212
2026-04-01 14:15:00,1175.0,1178.0,1166.0,1171.0,359,794005
2026-04-01 15:00:00,1170.0,1171.0,1167.0,1167.0,1663,787089
2026-04-01 22:00:00,1170.0,1176.0,1166.0,1169.0,130889,792498
2026-04-01 23:00:00,1169.0,1170.0,1164.0,1167.0,74401,784061
2026-04-02 10:00:00,1167.0,1175.0,1167.0,1169.0,90523,781312
2026-04-02 11:15:00,1169.0,1174.0,1168.0,1171.0,34009,781001
2026-04-02 14:15:00,1171.0,1176.0,1168.0,1171.0,78278,781239
2026-04-02 15:00:00,1170.0,1172.0,1164.0,1172.0,4872,774956
2026-04-02 22:00:00,1173.0,1174.0,1153.0,1160.0,192848,787956
2026-04-02 23:00:00,1160.0,1166.0,1157.0,1163.0,66373,772657
2026-04-03 10:00:00,1163.0,1165.0,1159.0,1164.0,52298,768318
2026-04-03 11:15:00,1164.0,1166.0,1159.0,1162.0,25471,764490
2026-04-03 14:15:00,1162.0,1163.0,1157.0,1160.0,378,758634
2026-04-03 15:00:00,1160.0,1162.0,1155.0,1155.0,129,742717
2026-04-07 10:00:00,1161.0,1164.0,1152.0,1154.0,121772,741583
2026-04-07 11:15:00,1154.0,1160.0,1147.0,1155.0,98293,739340
2026-04-07 14:15:00,1155.0,1157.0,1141.0,1147.0,3026,737839
2026-04-07 15:00:00,1147.0,1152.0,1143.0,1145.0,7246,730116
2026-04-07 22:00:00,1151.0,1153.0,1144.0,1148.0,93416,724557
2026-04-07 23:00:00,1148.0,1154.0,1144.0,1153.0,39299,717315
2026-04-08 10:00:00,1144.0,1157.0,1143.0,1153.0,161265,707195
2026-04-08 11:15:00,1153.0,1157.0,1150.0,1153.0,38624,699933
2026-04-08 14:15:00,1153.0,1154.0,1149.0,1150.0,45213,695464
2026-04-08 15:00:00,1150.0,1154.0,1145.0,1149.0,53861,690158
2026-04-08 22:00:00,1148.0,1153.0,1142.0,1143.0,117608,710480
2026-04-08 23:00:00,1143.0,1144.0,1137.0,1142.0,74216,707372
2026-04-09 10:00:00,1142.0,1143.0,1135.0,1140.0,10985,704628
2026-04-09 11:15:00,1141.0,1147.0,1139.0,1146.0,56532,693774
2026-04-09 14:15:00,1146.0,1147.0,1140.0,1141.0,42563,688223
2026-04-09 15:00:00,1141.0,1145.0,1135.0,1136.0,54045,686311
2026-04-09 22:00:00,1136.0,1136.0,1124.0,1126.0,125218,694899
2026-04-09 23:00:00,1125.0,1127.0,1123.0,1125.0,43026,687477
2026-04-10 10:00:00,1125.0,1145.0,1124.0,1140.0,164389,659421
2026-04-10 11:15:00,1140.0,1149.0,1137.0,1147.0,83291,647022
2026-04-10 14:15:00,1147.0,1159.0,1143.0,1145.0,172673,620114
2026-04-10 15:00:00,1146.0,1150.0,1144.0,1146.0,41973,614224
2026-04-10 22:00:00,1148.0,1154.0,1143.0,1149.0,117736,601139
2026-04-10 23:00:00,1150.0,1155.0,1148.0,1153.0,37879,591931
2026-04-13 10:00:00,1160.0,1160.0,1143.0,1145.0,4870,577965
2026-04-13 11:15:00,1146.0,1150.0,1143.0,1148.0,47127,566861
2026-04-13 14:15:00,1148.0,1153.0,1146.0,1148.0,61551,547283
2026-04-13 15:00:00,1148.0,1148.0,1140.0,1143.0,374,537468
2026-04-13 22:00:00,1214.0,1219.0,1211.0,1213.0,115528,705479
2026-04-13 23:00:00,1212.0,1216.0,1212.0,1212.0,24328,709123
2026-04-14 10:00:00,1213.0,1221.0,1212.0,1215.0,3896,723006
2026-04-14 11:15:00,1215.0,1220.0,1213.0,1219.0,52093,728860
2026-04-14 14:15:00,1218.0,1227.0,1218.0,1222.0,84260,735611
2026-04-14 15:00:00,1221.0,1224.0,1219.0,1220.0,4460,737080
2026-04-14 22:00:00,1221.0,1225.0,1218.0,1218.0,91354,753224
2026-04-14 23:00:00,1218.0,1220.0,1217.0,1219.0,30225,751963
2026-04-15 10:00:00,1219.0,1225.0,1215.0,1224.0,15350,760580
2026-04-15 11:15:00,1224.0,1226.0,1223.0,1226.0,51094,769046
2026-04-15 14:15:00,1225.0,1230.0,1223.0,1224.0,57138,773151
2026-04-15 15:00:00,1224.0,1227.0,1223.0,1226.0,4423,779107
2026-04-15 22:00:00,1228.0,1240.0,1226.0,1238.0,213374,810459
2026-04-15 23:00:00,1238.0,1242.0,1235.0,1238.0,119447,814281
2026-04-16 10:00:00,1237.0,1238.0,1228.0,1235.0,12156,825853
2026-04-16 11:15:00,1236.0,1238.0,1232.0,1234.0,50730,831697
2026-04-16 14:15:00,1235.0,1236.0,1231.0,1233.0,47600,836579
2026-04-16 15:00:00,1233.0,1244.0,1232.0,1241.0,58289,839622
2026-04-16 22:00:00,1240.0,1240.0,1227.0,1228.0,178253,865945
2026-04-16 23:00:00,1227.0,1230.0,1225.0,1229.0,50412,867243
2026-04-17 10:00:00,1229.0,1235.0,1228.0,1230.0,14077,871776
2026-04-17 11:15:00,1229.0,1247.0,1229.0,1245.0,142712,868505
2026-04-17 14:15:00,1247.0,1247.0,1236.0,1237.0,105346,867080
2026-04-17 15:00:00,1237.0,1240.0,1234.0,1238.0,14220,866886
2026-04-17 22:00:00,1237.0,1247.0,1232.0,1237.0,188183,883252
2026-04-17 23:00:00,1237.0,1239.0,1235.0,1238.0,681,876982
2026-04-20 10:00:00,1240.0,1243.0,1235.0,1237.0,331094,884497
2026-04-20 11:15:00,1236.0,1243.0,1232.0,1241.0,95166,890944
2026-04-20 14:15:00,1242.0,1249.0,1240.0,1244.0,136374,886775
2026-04-20 15:00:00,1245.0,1250.0,1244.0,1247.0,62764,885710
2026-04-20 22:00:00,1246.0,1257.0,1246.0,1249.0,169916,898033
2026-04-20 23:00:00,1249.0,1253.0,1249.0,1252.0,40243,895895
2026-04-21 10:00:00,1251.0,1252.0,1243.0,1247.0,6667,899405
2026-04-21 11:15:00,1247.0,1252.0,1246.0,1250.0,61938,899244
2026-04-21 14:15:00,1251.0,1252.0,1241.0,1244.0,96901,897656
2026-04-21 15:00:00,1244.0,1247.0,1243.0,1247.0,5,893173
2026-04-21 22:00:00,1248.0,1250.0,1241.0,1244.0,135561,904480
2026-04-21 23:00:00,1243.0,1245.0,1242.0,1242.0,40300,899473
2026-04-22 10:00:00,1243.0,1248.0,1236.0,1247.0,21412,900790
2026-04-22 11:15:00,1247.0,1265.0,1247.0,1265.0,254521,906028
2026-04-22 14:15:00,1264.0,1266.0,1260.0,1263.0,140833,916001
2026-04-22 15:00:00,1262.0,1266.0,1262.0,1266.0,1163,906714
2026-04-22 22:00:00,1269.0,1271.0,1262.0,1268.0,207598,916655
2026-04-22 23:00:00,1267.0,1268.0,1264.0,1266.0,57333,907746
2026-04-23 10:00:00,1267.0,1268.0,1258.0,1261.0,22781,911482
2026-04-23 11:15:00,1259.0,1261.0,1257.0,1258.0,67986,908089
2026-04-23 14:15:00,1258.0,1263.0,1255.0,1257.0,79484,908736
2026-04-23 15:00:00,1257.0,1259.0,1254.0,1254.0,61498,899128
2026-04-23 22:00:00,1255.0,1261.0,1254.0,1257.0,89340,908890
2026-04-23 23:00:00,1258.0,1258.0,1255.0,1257.0,35014,906003
2026-04-24 10:00:00,1258.0,1264.0,1250.0,1251.0,20546,904582
2026-04-24 11:15:00,1252.0,1257.0,1249.0,1253.0,77631,905994
2026-04-24 14:15:00,1253.0,1257.0,1252.0,1255.0,45797,905696
2026-04-24 15:00:00,1255.0,1256.0,1245.0,1247.0,65061,890710
2026-04-24 22:00:00,1246.0,1261.0,1242.0,1255.0,182025,899245
2026-04-24 23:00:00,1255.0,1257.0,1252.0,1256.0,77,895267
2026-04-27 10:00:00,1255.0,1258.0,1249.0,1257.0,2591,905717
2026-04-27 11:15:00,1256.0,1260.0,1255.0,1257.0,53711,913772
2026-04-27 14:15:00,1257.0,1262.0,1256.0,1257.0,74854,914501
2026-04-27 15:00:00,1257.0,1260.0,1257.0,1259.0,1349,910073
2026-04-27 22:00:00,1259.0,1263.0,1246.0,1247.0,220508,919747
2026-04-27 23:00:00,1248.0,1250.0,1246.0,1248.0,51400,915103
2026-04-28 10:00:00,1248.0,1250.0,1229.0,1230.0,55222,903076
2026-04-28 11:15:00,1230.0,1234.0,1224.0,1227.0,1117,912896
2026-04-28 14:15:00,1227.0,1239.0,1227.0,1236.0,6286,914905
2026-04-28 15:00:00,1236.0,1241.0,1233.0,1237.0,183,912404
2026-04-28 22:00:00,1239.0,1245.0,1236.0,1240.0,171751,910655
2026-04-28 23:00:00,1241.0,1242.0,1239.0,1240.0,38183,907300
2026-04-29 10:00:00,1239.0,1243.0,1236.0,1240.0,10872,910250
2026-04-29 11:15:00,1240.0,1247.0,1240.0,1243.0,4,907664
2026-04-29 14:15:00,1243.0,1246.0,1241.0,1243.0,11246,903834
2026-04-29 15:00:00,1243.0,1245.0,1237.0,1238.0,8730,897335
2026-04-29 22:00:00,1241.0,1241.0,1228.0,1231.0,158191,904747
2026-04-29 23:00:00,1231.0,1232.0,1225.0,1229.0,69894,903522
2026-04-30 10:00:00,1229.0,1238.0,1228.0,1235.0,6442,894778
2026-04-30 11:15:00,1234.0,1243.0,1228.0,1241.0,3969,887417
2026-04-30 14:15:00,1241.0,1243.0,1233.0,1236.0,3369,870361
2026-04-30 15:00:00,1236.0,1240.0,1236.0,1239.0,1372,850665
2026-05-06 10:00:00,1237.0,1254.0,1235.0,1252.0,223728,877283
2026-05-06 11:15:00,1252.0,1256.0,1251.0,1252.0,89578,890190
2026-05-06 14:15:00,1251.0,1260.0,1251.0,1260.0,15870,895075
2026-05-06 15:00:00,1261.0,1272.0,1260.0,1267.0,2168,917476
2026-05-06 22:00:00,1265.0,1271.0,1259.0,1261.0,228324,947610
2026-05-06 23:00:00,1261.0,1264.0,1259.0,1263.0,57537,940825
2026-05-07 10:00:00,1263.0,1265.0,1255.0,1256.0,157703,948354
2026-05-07 11:15:00,1255.0,1256.0,1251.0,1255.0,608,937170
2026-05-07 14:15:00,1255.0,1269.0,1254.0,1267.0,2816,945541
2026-05-07 15:00:00,1267.0,1269.0,1266.0,1266.0,377,954501
2026-05-07 22:00:00,1262.0,1265.0,1258.0,1262.0,137930,969132
2026-05-07 23:00:00,1261.0,1264.0,1261.0,1263.0,40492,964309
2026-05-08 10:00:00,1263.0,1265.0,1258.0,1259.0,9400,967713
2026-05-08 11:15:00,1259.0,1260.0,1235.0,1240.0,331319,976719
2026-05-08 14:15:00,1239.0,1240.0,1230.0,1232.0,172358,1003775
2026-05-08 15:00:00,1232.0,1234.0,1224.0,1228.0,30462,1004238
2026-05-08 22:00:00,1227.0,1227.0,1215.0,1217.0,292595,1043909
2026-05-08 23:00:00,1216.0,1220.0,1213.0,1213.0,112974,1047197
2026-05-11 10:00:00,1214.0,1224.0,1213.0,1220.0,189678,1055797
2026-05-11 11:15:00,1220.0,1228.0,1219.0,1225.0,90828,1058954
2026-05-11 14:15:00,1225.0,1227.0,1221.0,1224.0,74755,1057951
2026-05-11 15:00:00,1224.0,1228.0,1222.0,1227.0,1072,1045930
2026-05-11 22:00:00,1225.0,1232.0,1219.0,1229.0,196038,1068728
2026-05-11 23:00:00,1230.0,1233.0,1228.0,1228.0,73657,1061163
2026-05-12 10:00:00,1228.0,1233.0,1222.0,1223.0,35022,1054834
2026-05-12 11:15:00,1220.0,1224.0,1217.0,1218.0,124132,1056338
2026-05-12 14:15:00,1219.0,1222.0,1216.0,1220.0,86930,1059695
2026-05-12 15:00:00,1220.0,1222.0,1217.0,1221.0,38133,1049272
2026-05-12 22:00:00,1218.0,1223.0,1214.0,1223.0,140342,1066299
2026-05-12 23:00:00,1223.0,1224.0,1219.0,1221.0,52150,1064608
2026-05-13 10:00:00,1222.0,1226.0,1209.0,1217.0,232253,1091806
2026-05-13 11:15:00,1217.0,1222.0,1216.0,1220.0,93281,1077519
2026-05-13 14:15:00,1219.0,1221.0,1216.0,1220.0,65660,1074097
2026-05-13 15:00:00,1220.0,1225.0,1218.0,1222.0,38112,1062418
2026-05-13 22:00:00,1223.0,1228.0,1221.0,1221.0,144079,1065439
2026-05-13 23:00:00,1222.0,1222.0,1216.0,1216.0,83130,1071146
2026-05-14 10:00:00,1215.0,1219.0,1212.0,1214.0,96318,1082067
2026-05-14 11:15:00,1214.0,1217.0,1206.0,1208.0,123039,1103267
2026-05-14 14:15:00,1207.0,1216.0,1207.0,1211.0,104962,1105389
2026-05-14 15:00:00,1212.0,1212.0,1207.0,1208.0,64727,1113876
2026-05-14 22:00:00,1206.0,1211.0,1204.0,1210.0,129479,1132428
2026-05-14 23:00:00,1210.0,1211.0,1206.0,1207.0,55112,1131745
2026-05-15 10:00:00,1208.0,1213.0,1204.0,1205.0,7820,1135027
2026-05-15 11:15:00,1206.0,1208.0,1204.0,1206.0,59996,1137764
2026-05-15 14:15:00,1206.0,1208.0,1193.0,1193.0,201423,1170822
2026-05-15 15:00:00,1192.0,1195.0,1189.0,1190.0,1583,1176989
2026-05-15 22:00:00,1190.0,1202.0,1186.0,1199.0,1342,1192696
2026-05-15 23:00:00,1199.0,1199.0,1194.0,1195.0,3592,1188074
2026-05-18 10:00:00,1194.0,1196.0,1186.0,1195.0,477857,1197098
2026-05-18 11:15:00,1195.0,1199.0,1192.0,1193.0,58416,1198772
2026-05-18 14:15:00,1193.0,1206.0,1190.0,1202.0,174293,1186509
2026-05-18 15:00:00,1201.0,1202.0,1196.0,1198.0,14,1175206
2026-05-18 22:00:00,1198.0,1200.0,1192.0,1197.0,119108,1185923
2026-05-18 23:00:00,1196.0,1197.0,1195.0,1196.0,30324,1183038
2026-05-19 10:00:00,1196.0,1197.0,1191.0,1193.0,139,1191427
2026-05-19 11:15:00,1192.0,1194.0,1188.0,1189.0,68385,1196209
2026-05-19 14:15:00,1189.0,1198.0,1189.0,1196.0,77845,1195328
2026-05-19 15:00:00,1195.0,1196.0,1192.0,1193.0,1281,1193962
2026-05-19 22:00:00,1193.0,1193.0,1184.0,1188.0,161871,1217497
2026-05-19 23:00:00,1188.0,1189.0,1181.0,1182.0,79291,1218873
2026-05-20 10:00:00,1182.0,1185.0,1178.0,1180.0,15706,1228870
2026-05-20 11:15:00,1179.0,1184.0,1175.0,1181.0,128847,1236128
2026-05-20 14:15:00,1180.0,1182.0,1175.0,1180.0,81251,1245530
2026-05-20 15:00:00,1179.0,1182.0,1178.0,1178.0,36748,1242462
2026-05-20 22:00:00,1178.0,1181.0,1175.0,1177.0,109934,1263357
2026-05-20 23:00:00,1177.0,1180.0,1175.0,1178.0,54206,1263490
2026-05-21 10:00:00,1179.0,1200.0,1179.0,1195.0,290697,1237183
2026-05-21 11:15:00,1195.0,1201.0,1192.0,1193.0,108466,1228349
2026-05-21 14:15:00,1193.0,1196.0,1188.0,1189.0,97438,1216859
2026-05-21 15:00:00,1189.0,1191.0,1180.0,1182.0,39,1218629
2026-05-21 22:00:00,1182.0,1187.0,1179.0,1183.0,135407,1231233
2026-05-21 23:00:00,1184.0,1185.0,1181.0,1184.0,40756,1230059
2026-05-22 10:00:00,1184.0,1187.0,1180.0,1181.0,103979,1236077
2026-05-22 11:15:00,1181.0,1184.0,1175.0,1180.0,100838,1245189
2026-05-22 14:15:00,1180.0,1184.0,1178.0,1182.0,60382,1241117
2026-05-22 15:00:00,1181.0,1182.0,1179.0,1181.0,692,1233211
2026-05-22 22:00:00,1178.0,1186.0,1178.0,1183.0,109595,1242319
2026-05-22 23:00:00,1183.0,1183.0,1180.0,1183.0,43332,1237265
2026-05-25 10:00:00,1222.0,1230.0,1183.0,1206.0,24964,1176720
2026-05-25 11:15:00,1207.0,1211.0,1201.0,1205.0,126531,1173935
2026-05-25 14:15:00,1203.0,1212.0,1201.0,1210.0,135619,1165901
2026-05-25 15:00:00,1211.0,1219.0,1210.0,1218.0,86767,1149551
2026-05-25 22:00:00,1220.0,1220.0,1193.0,1199.0,392724,1176473
2026-05-25 23:00:00,1199.0,1204.0,1197.0,1201.0,77592,1174287
2026-05-26 10:00:00,1201.0,1205.0,1200.0,1205.0,14391,1169522
2026-05-26 11:15:00,1197.0,1205.0,1191.0,1194.0,146918,1178151
2026-05-26 14:15:00,1194.0,1201.0,1191.0,1193.0,129767,1171959
2026-05-26 15:00:00,1193.0,1200.0,1192.0,1198.0,661,1154841
2026-05-26 22:00:00,1199.0,1205.0,1197.0,1203.0,149969,1164268
2026-05-26 23:00:00,1203.0,1208.0,1200.0,1201.0,118593,1164078
2026-05-27 10:00:00,1200.0,1205.0,1197.0,1205.0,10939,1162616
2026-05-27 11:15:00,1204.0,1210.0,1202.0,1209.0,97664,1158757
2026-05-27 14:15:00,1209.0,1209.0,1202.0,1203.0,80012,1152715
2026-05-27 15:00:00,1203.0,1204.0,1198.0,1202.0,62711,1148950
2026-05-27 22:00:00,1199.0,1204.0,1197.0,1200.0,127465,1169245
2026-05-27 23:00:00,1200.0,1206.0,1199.0,1205.0,55061,1164216
2026-05-28 10:00:00,1205.0,1206.0,1198.0,1199.0,15314,1164816
2026-05-28 11:15:00,1198.0,1204.0,1196.0,1203.0,74082,1166876
2026-05-28 14:15:00,1203.0,1207.0,1198.0,1205.0,104580,1155620
2026-05-28 15:00:00,1205.0,1206.0,1202.0,1204.0,43633,1149650
2026-05-28 22:00:00,1204.0,1208.0,1203.0,1206.0,119198,1151933
2026-05-28 23:00:00,1205.0,1209.0,1204.0,1207.0,68206,1147115
2026-05-29 10:00:00,1208.0,1217.0,1205.0,1215.0,6039,1137344
2026-05-29 11:15:00,1215.0,1218.0,1208.0,1209.0,410,1125503
2026-05-29 14:15:00,1208.0,1211.0,1205.0,1206.0,2530,1117686
2026-05-29 15:00:00,1206.0,1218.0,1206.0,1215.0,7439,1107329
2026-05-29 22:00:00,1215.0,1219.0,1211.0,1214.0,133035,1109004
2026-05-29 23:00:00,1214.0,1215.0,1210.0,1215.0,63829,1100842
2026-06-01 10:00:00,1217.0,1234.0,1215.0,1230.0,16577,1109132
2026-06-01 11:15:00,1231.0,1234.0,1223.0,1228.0,161594,1088579
2026-06-01 14:15:00,1225.0,1228.0,1223.0,1224.0,97226,1079488
2026-06-01 15:00:00,1224.0,1225.0,1215.0,1221.0,116426,1073494
2026-06-01 22:00:00,1221.0,1221.0,1211.0,1214.0,158448,1095325
2026-06-01 23:00:00,1213.0,1216.0,1212.0,1215.0,43749,1095543
2026-06-02 10:00:00,1215.0,1216.0,1205.0,1206.0,27301,1099351
2026-06-02 11:15:00,1206.0,1209.0,1205.0,1207.0,66233,1102177
2026-06-02 14:15:00,1208.0,1210.0,1205.0,1206.0,77382,1105295
2026-06-02 15:00:00,1206.0,1207.0,1205.0,1206.0,5023,1104837
2026-06-02 22:00:00,1206.0,1213.0,1205.0,1210.0,123762,1111291
2026-06-02 23:00:00,1210.0,1213.0,1209.0,1210.0,55631,1105098
2026-06-03 10:00:00,1211.0,1212.0,1195.0,1197.0,237891,1111983
2026-06-03 11:15:00,1196.0,1199.0,1193.0,1199.0,84251,1126474
2026-06-03 14:15:00,1199.0,1202.0,1197.0,1199.0,79715,1121461
2026-06-03 15:00:00,1199.0,1201.0,1196.0,1200.0,50095,1108480
2026-06-03 22:00:00,1200.0,1210.0,1197.0,1204.0,210288,1108357
2026-06-03 23:00:00,1204.0,1206.0,1203.0,1203.0,46284,1106313
2026-06-04 10:00:00,1204.0,1204.0,1195.0,1198.0,6342,1107157
2026-06-04 11:15:00,1197.0,1199.0,1182.0,1183.0,207460,1135594
2026-06-04 14:15:00,1183.0,1186.0,1180.0,1180.0,114763,1158416
2026-06-04 15:00:00,1180.0,1186.0,1180.0,1182.0,9253,1160633
2026-06-04 22:00:00,1179.0,1186.0,1179.0,1184.0,134819,1183963
2026-06-04 23:00:00,1183.0,1184.0,1179.0,1180.0,61180,1185392
2026-06-05 10:00:00,1180.0,1180.0,1165.0,1170.0,6827,1212003
2026-06-05 11:15:00,1169.0,1173.0,1162.0,1163.0,130948,1244634
2026-06-05 14:15:00,1163.0,1170.0,1162.0,1164.0,116493,1247178
2026-06-05 15:00:00,1163.0,1166.0,1161.0,1162.0,69773,1248379
2026-06-05 22:00:00,1162.0,1164.0,1156.0,1162.0,14,1282873
2026-06-05 23:00:00,1162.0,1162.0,1156.0,1160.0,4662,1282293
2026-06-08 10:00:00,1161.0,1164.0,1155.0,1157.0,624,1288248
2026-06-08 11:15:00,1156.0,1161.0,1155.0,1158.0,1040,1286722
2026-06-08 14:15:00,1158.0,1164.0,1155.0,1162.0,146,1277340
2026-06-08 15:00:00,1162.0,1164.0,1155.0,1157.0,367,1279228
2026-06-08 22:00:00,1157.0,1159.0,1153.0,1154.0,182489,1315318
2026-06-08 23:00:00,1154.0,1157.0,1154.0,1155.0,58101,1325324
2026-06-09 10:00:00,1154.0,1159.0,1149.0,1153.0,21,1343466
2026-06-09 11:15:00,1152.0,1156.0,1150.0,1152.0,207,1346904
2026-06-09 14:15:00,1152.0,1156.0,1151.0,1155.0,238,1343738
2026-06-09 15:00:00,1155.0,1157.0,1151.0,1152.0,215,1336847
2026-06-09 22:00:00,1152.0,1153.0,1148.0,1149.0,153613,1360060
2026-06-09 23:00:00,1149.0,1151.0,1146.0,1148.0,78081,1359354
2026-06-10 10:00:00,1147.0,1151.0,1144.0,1149.0,139408,1372552
2026-06-10 11:15:00,1149.0,1156.0,1149.0,1152.0,75993,1354650
2026-06-10 14:15:00,1151.0,1153.0,1148.0,1150.0,77332,1356532
2026-06-10 15:00:00,1149.0,1154.0,1149.0,1152.0,141,1355378
2026-06-10 22:00:00,1151.0,1160.0,1149.0,1154.0,211226,1365055
2026-06-10 23:00:00,1154.0,1158.0,1153.0,1155.0,64848,1354271
2026-06-11 10:00:00,1156.0,1157.0,1149.0,1153.0,11633,1357159
2026-06-11 11:15:00,1152.0,1158.0,1151.0,1158.0,90676,1358110
2026-06-11 14:15:00,1158.0,1164.0,1156.0,1157.0,7893,1343022
2026-06-11 15:00:00,1158.0,1160.0,1157.0,1158.0,166,1337031
2026-06-11 22:00:00,1156.0,1158.0,1153.0,1156.0,219,1356999
2026-06-11 23:00:00,1156.0,1156.0,1152.0,1153.0,4752,1358215
2026-06-12 10:00:00,1152.0,1156.0,1149.0,1155.0,5738,1380092
2026-06-12 11:15:00,1155.0,1156.0,1151.0,1153.0,316,1380741
2026-06-12 14:15:00,1156.0,1158.0,1151.0,1151.0,365,1378607
2026-06-12 15:00:00,1152.0,1152.0,1148.0,1150.0,4184,1394526
2026-06-12 22:00:00,1151.0,1170.0,1150.0,1169.0,385592,1338609
2026-06-12 23:00:00,1169.0,1174.0,1168.0,1172.0,5383,1309386
2026-06-15 10:00:00,1171.0,1173.0,1161.0,1167.0,16745,1307441
2026-06-15 11:15:00,1168.0,1177.0,1166.0,1170.0,178414,1295521
2026-06-15 14:15:00,1171.0,1176.0,1168.0,1173.0,221,1283300
2026-06-15 15:00:00,1172.0,1174.0,1167.0,1168.0,18000,1282293
2026-06-15 22:00:00,1168.0,1174.0,1164.0,1168.0,187272,1303379
2026-06-15 23:00:00,1168.0,1168.0,1165.0,1166.0,55733,1299984
2026-06-16 10:00:00,1166.0,1167.0,1163.0,1164.0,72,1307242
2026-06-16 11:15:00,1165.0,1168.0,1162.0,1164.0,645,1306050
2026-06-16 14:15:00,1163.0,1167.0,1158.0,1163.0,50,1305026
2026-06-16 15:00:00,1163.0,1164.0,1161.0,1163.0,2702,1299512
2026-06-16 22:00:00,1164.0,1170.0,1162.0,1169.0,185011,1298083
2026-06-16 23:00:00,1168.0,1169.0,1161.0,1163.0,89724,1301451
2026-06-17 10:00:00,1162.0,1168.0,1160.0,1166.0,3969,1298653
2026-06-17 11:15:00,1167.0,1167.0,1163.0,1164.0,4285,1296222
2026-06-17 14:15:00,1164.0,1165.0,1160.0,1163.0,1421,1301985
2026-06-17 15:00:00,1163.0,1164.0,1148.0,1150.0,1253,1311121
2026-06-17 22:00:00,1151.0,1151.0,1135.0,1138.0,386768,1387803
2026-06-17 23:00:00,1137.0,1138.0,1135.0,1136.0,105012,1404185
2026-06-18 10:00:00,1136.0,1140.0,1133.0,1134.0,38147,1407588
2026-06-18 11:15:00,1134.0,1138.0,1134.0,1137.0,76729,1402088
2026-06-18 14:15:00,1137.0,1138.0,1126.0,1127.0,175605,1423437
2026-06-18 15:00:00,1126.0,1132.0,1125.0,1127.0,86207,1403465
2026-06-22 10:00:00,1127.0,1135.0,1123.0,1129.0,1212,1429683
2026-06-22 11:15:00,1127.0,1129.0,1125.0,1127.0,290,1430560
2026-06-22 14:15:00,1127.0,1132.0,1125.0,1126.0,4435,1430404
2026-06-22 15:00:00,1128.0,1128.0,1125.0,1128.0,568,1426618
2026-06-22 22:00:00,1128.0,1129.0,1118.0,1120.0,196403,1453811
2026-06-22 23:00:00,1119.0,1125.0,1119.0,1122.0,66848,1440843
2026-06-23 10:00:00,1122.0,1133.0,1122.0,1132.0,197387,1415656
2026-06-23 11:15:00,1132.0,1134.0,1127.0,1128.0,105,1401006
2026-06-23 14:15:00,1129.0,1132.0,1126.0,1127.0,40,1392912
2026-06-23 15:00:00,1127.0,1132.0,1124.0,1131.0,2162,1386372
2026-06-23 22:00:00,1130.0,1132.0,1125.0,1127.0,158702,1413576
2026-06-23 23:00:00,1127.0,1130.0,1126.0,1129.0,49430,1414698
2026-06-24 10:00:00,1129.0,1129.0,1121.0,1124.0,115084,1425920
2026-06-24 11:15:00,1125.0,1132.0,1122.0,1128.0,26,1416782
2026-06-24 14:15:00,1129.0,1130.0,1123.0,1124.0,2949,1426940
2026-06-24 15:00:00,1124.0,1125.0,1118.0,1118.0,47874,1453742
2026-06-24 22:00:00,1117.0,1121.0,1115.0,1119.0,164740,1474374
2026-06-24 23:00:00,1120.0,1121.0,1118.0,1119.0,46282,1470120
2026-06-25 10:00:00,1119.0,1123.0,1115.0,1118.0,17455,1478272
2026-06-25 11:15:00,1118.0,1120.0,1110.0,1117.0,137798,1475995
2026-06-25 14:15:00,1116.0,1119.0,1109.0,1112.0,137002,1495757
2026-06-25 15:00:00,1111.0,1112.0,1106.0,1111.0,248,1494784
2026-06-25 22:00:00,1111.0,1112.0,1103.0,1106.0,166455,1520056
2026-06-25 23:00:00,1107.0,1108.0,1105.0,1106.0,45173,1514537
2026-06-26 10:00:00,1107.0,1108.0,1093.0,1104.0,391565,1511196
2026-06-26 11:15:00,1105.0,1108.0,1099.0,1102.0,68469,1505931
2026-06-26 14:15:00,1103.0,1104.0,1098.0,1099.0,70004,1502428
2026-06-26 15:00:00,1099.0,1104.0,1094.0,1096.0,11799,1502854
2026-06-26 22:00:00,1095.0,1099.0,1089.0,1091.0,227463,1540090
2026-06-26 23:00:00,1091.0,1094.0,1090.0,1092.0,82,1534034
2026-06-29 10:00:00,1093.0,1098.0,1088.0,1091.0,461560,1539583
2026-06-29 11:15:00,1092.0,1104.0,1091.0,1102.0,102213,1530697
2026-06-29 14:15:00,1103.0,1107.0,1100.0,1102.0,184106,1507752
2026-06-29 15:00:00,1102.0,1104.0,1101.0,1103.0,48241,1498470
2026-06-29 22:00:00,1100.0,1101.0,1085.0,1086.0,280310,1572544
2026-06-29 23:00:00,1085.0,1087.0,1084.0,1085.0,81115,1573260
2026-06-30 10:00:00,1085.0,1089.0,1080.0,1081.0,123224,1580380
2026-06-30 11:15:00,1082.0,1092.0,1081.0,1088.0,132497,1567644
2026-06-30 14:15:00,1089.0,1090.0,1083.0,1083.0,74704,1568760
2026-06-30 15:00:00,1084.0,1087.0,1080.0,1086.0,2745,1563602
2026-06-30 22:00:00,1085.0,1097.0,1084.0,1089.0,243090,1539347
2026-06-30 23:00:00,1089.0,1093.0,1088.0,1090.0,65397,1530842
2026-07-01 10:00:00,1088.0,1093.0,1084.0,1089.0,14388,1522033
2026-07-01 11:15:00,1089.0,1092.0,1085.0,1091.0,81343,1526587
2026-07-01 14:15:00,1091.0,1097.0,1089.0,1091.0,118839,1517340
2026-07-01 15:00:00,1091.0,1091.0,1089.0,1089.0,882,1507268
2026-07-01 22:00:00,1089.0,1097.0,1087.0,1094.0,174020,1514300
2026-07-01 23:00:00,1094.0,1095.0,1092.0,1092.0,36381,1512053
2026-07-02 10:00:00,1092.0,1095.0,1090.0,1094.0,8786,1509377
2026-07-02 11:15:00,1095.0,1095.0,1089.0,1092.0,71080,1507829
2026-07-02 14:15:00,1091.0,1109.0,1089.0,1105.0,296963,1480605
2026-07-02 15:00:00,1105.0,1108.0,1102.0,1103.0,96038,1464922
2026-07-02 22:00:00,1102.0,1106.0,1101.0,1104.0,137259,1467756
2026-07-02 23:00:00,1103.0,1105.0,1102.0,1103.0,47937,1464284
2026-07-03 10:00:00,1103.0,1107.0,1098.0,1104.0,1276,1465005
2026-07-03 11:15:00,1104.0,1113.0,1104.0,1107.0,171746,1449317
2026-07-03 14:15:00,1108.0,1110.0,1103.0,1104.0,67697,1441701
2026-07-03 15:00:00,1104.0,1105.0,1101.0,1103.0,55717,1435559
2026-07-03 22:00:00,1105.0,1111.0,1104.0,1110.0,138448,1427722
2026-07-03 23:00:00,1110.0,1117.0,1109.0,1114.0,112480,1406739
