time,open,high,low,close,tick_volume,spread,real_volume
2021-08-03T00:00:00+00:00,3.31,3.51,2.83,3.17,572,0,194472
2021-08-04T00:00:00+00:00,3.19,3.27,3.0,3.1,166,0,68553
2021-08-05T00:00:00+00:00,3.05,3.2,3.04,3.18,60,0,27190
2021-08-06T00:00:00+00:00,3.18,3.3,3.15,3.15,91,0,28288
2021-08-09T00:00:00+00:00,3.18,3.18,3.05,3.13,25,0,5529
2021-08-10T00:00:00+00:00,3.29,4.45,3.15,3.81,9090,0,3028807
2021-08-11T00:00:00+00:00,3.93,4.25,3.4,3.55,8879,0,3733106
2021-08-12T00:00:00+00:00,2.71,2.94,2.5,2.7,1999,0,941277
2021-08-13T00:00:00+00:00,2.64,2.7,2.23,2.3,970,0,358233
2021-08-16T00:00:00+00:00,2.3,2.4,2.1,2.18,398,0,150221
2021-08-17T00:00:00+00:00,2.1,2.17,2.06,2.12,199,0,91114
2021-08-18T00:00:00+00:00,2.15,2.37,2.15,2.33,371,0,180559
2021-08-19T00:00:00+00:00,2.32,2.5,2.0,2.18,353,0,167456
2021-08-20T00:00:00+00:00,2.1,2.22,1.95,2.04,385,0,198027
2021-08-23T00:00:00+00:00,2.04,3.49,2.03,2.51,20508,0,10602530
2021-08-24T00:00:00+00:00,2.35,2.64,2.25,2.58,1510,0,776590
2021-08-25T00:00:00+00:00,2.38,2.58,2.37,2.4699999999999998,381,0,227577
2021-08-26T00:00:00+00:00,2.44,3.15,2.4,2.85,8758,0,4949420
2021-08-27T00:00:00+00:00,2.71,3.2,2.7,2.96,1716,0,1035022
2021-08-30T00:00:00+00:00,3.15,3.25,3.0,3.11,496,0,281617
2021-08-31T00:00:00+00:00,3.12,3.19,2.86,2.92,525,0,235617
2021-09-01T00:00:00+00:00,4.06,4.76,3.19,3.59,89364,0,34947529
2021-09-02T00:00:00+00:00,3.32,3.55,3.22,3.54,4201,0,1210070
2021-09-03T00:00:00+00:00,3.37,3.42,3.18,3.26,902,0,345665
2021-09-07T00:00:00+00:00,3.22,3.75,3.22,3.68,1928,0,977201
2021-09-08T00:00:00+00:00,3.5300000000000002,3.69,3.36,3.36,455,0,195023
2021-09-09T00:00:00+00:00,3.36,3.41,3.29,3.35,293,0,121552
2021-09-10T00:00:00+00:00,3.41,3.44,3.18,3.2,433,0,127420
2021-09-13T00:00:00+00:00,3.36,3.36,2.95,3.0,830,0,272525
2021-09-14T00:00:00+00:00,3.0,3.1,2.9,3.0,517,0,210146
2021-09-15T00:00:00+00:00,2.9699999999999998,3.0,2.66,2.66,652,0,247740
2021-09-16T00:00:00+00:00,2.71,2.71,2.62,2.62,151,0,54260
2021-09-17T00:00:00+00:00,2.56,2.9,2.56,2.83,474,0,131614
2021-09-20T00:00:00+00:00,2.71,2.8,2.5,2.5,344,0,91951
2021-09-21T00:00:00+00:00,2.52,2.59,2.45,2.45,279,0,96672
2021-09-22T00:00:00+00:00,2.6,2.62,2.45,2.55,82,0,24399
2021-09-23T00:00:00+00:00,2.68,2.68,2.41,2.5,253,0,58139
2021-09-24T00:00:00+00:00,2.51,2.6,2.48,2.48,211,0,48224
2021-09-27T00:00:00+00:00,2.5,2.52,2.35,2.37,581,0,202945
2021-09-28T00:00:00+00:00,2.35,3.22,2.3,2.9,4217,0,1905277
2021-09-29T00:00:00+00:00,2.9,3.01,2.23,2.34,2135,0,715405
2021-09-30T00:00:00+00:00,2.2800000000000002,2.4,2.26,2.32,566,0,121231
2021-10-01T00:00:00+00:00,2.3,2.35,2.26,2.31,410,0,94034
2021-10-04T00:00:00+00:00,2.26,2.31,2.2,2.23,263,0,76377
2021-10-05T00:00:00+00:00,2.23,2.29,2.2,2.23,129,0,42053
2021-10-06T00:00:00+00:00,2.21,2.29,2.18,2.22,223,0,94937
2021-10-07T00:00:00+00:00,2.2,2.21,2.13,2.2,156,0,62942
2021-10-08T00:00:00+00:00,2.2,2.22,2.11,2.17,151,0,44746
2021-10-11T00:00:00+00:00,2.23,2.23,2.14,2.14,197,0,56605
2021-10-12T00:00:00+00:00,2.24,2.49,2.16,2.45,465,0,251035
2021-10-13T00:00:00+00:00,2.37,2.39,2.29,2.34,599,0,194950
2021-10-14T00:00:00+00:00,2.37,2.5,2.35,2.48,263,0,126149
2021-10-15T00:00:00+00:00,2.83,3.2,2.5,2.7,8787,0,4070940
2021-10-18T00:00:00+00:00,2.56,2.67,2.45,2.6,651,0,305134
2021-10-19T00:00:00+00:00,2.54,2.59,2.4699999999999998,2.55,345,0,157874
2021-10-20T00:00:00+00:00,2.51,2.55,2.42,2.5300000000000002,280,0,123286
2021-10-21T00:00:00+00:00,2.44,2.76,2.43,2.64,606,0,122329
2021-10-22T00:00:00+00:00,2.4699999999999998,2.61,2.44,2.46,395,0,121043
2021-10-25T00:00:00+00:00,2.46,2.57,2.44,2.51,118,0,38803
2021-10-26T00:00:00+00:00,2.45,2.5300000000000002,2.45,2.48,150,0,52298
2021-10-27T00:00:00+00:00,2.41,2.5300000000000002,2.39,2.39,318,0,98810
2021-10-28T00:00:00+00:00,2.36,2.58,2.35,2.56,258,0,119951
2021-10-29T00:00:00+00:00,2.45,2.58,2.45,2.55,179,0,57467
2021-11-01T00:00:00+00:00,8.73,9.76,5.71,5.74,92807,0,31862578
2021-11-02T00:00:00+00:00,4.5,4.5,3.94,4.3,4560,0,2085842
2021-11-03T00:00:00+00:00,4.22,4.41,3.9699999999999998,4.11,1348,0,521088
2021-11-04T00:00:00+00:00,3.95,4.28,3.7800000000000002,3.94,1472,0,618569
2021-11-05T00:00:00+00:00,3.83,3.87,3.61,3.8,885,0,390244
2021-11-08T00:00:00+00:00,3.79,4.05,3.64,3.75,1262,0,560231
2021-11-09T00:00:00+00:00,3.71,3.76,3.45,3.45,592,0,261390
2021-11-10T00:00:00+00:00,3.54,3.85,3.26,3.2800000000000002,1268,0,559727
2021-11-11T00:00:00+00:00,3.48,3.51,3.32,3.42,603,0,276964
2021-11-12T00:00:00+00:00,3.38,3.49,3.29,3.3,507,0,198410
2021-11-15T00:00:00+00:00,3.27,4.18,3.25,3.59,5600,0,2816406
2021-11-16T00:00:00+00:00,3.44,3.55,3.35,3.38,584,0,279911
2021-11-17T00:00:00+00:00,3.38,3.45,3.32,3.37,416,0,165296
2021-11-18T00:00:00+00:00,3.37,3.71,3.33,3.41,789,0,311235
2021-11-19T00:00:00+00:00,3.36,3.56,3.3,3.3,502,0,170714
2021-11-22T00:00:00+00:00,3.3,3.44,3.2,3.24,422,0,177028
2021-11-23T00:00:00+00:00,3.21,3.34,3.14,3.19,569,0,216770
2021-11-24T00:00:00+00:00,3.08,3.23,3.02,3.16,374,0,112329
2021-11-26T00:00:00+00:00,3.16,3.32,3.15,3.18,361,0,168086
2021-11-29T00:00:00+00:00,3.29,3.31,3.2,3.2,209,0,115433
2021-11-30T00:00:00+00:00,3.17,3.29,3.02,3.02,499,0,196242
2021-12-01T00:00:00+00:00,3.23,3.23,2.95,2.95,222,0,79976
2021-12-02T00:00:00+00:00,3.04,3.04,2.92,2.98,140,0,41642
2021-12-03T00:00:00+00:00,2.98,3.08,2.93,2.96,126,0,38025
2021-12-06T00:00:00+00:00,2.95,3.04,2.91,2.94,144,0,48643
2021-12-07T00:00:00+00:00,3.03,3.18,3.0,3.15,210,0,67112
2021-12-08T00:00:00+00:00,3.22,3.3,3.18,3.2800000000000002,255,0,68884
2021-12-09T00:00:00+00:00,3.33,3.46,3.31,3.34,216,0,83725
2021-12-10T00:00:00+00:00,3.31,4.26,3.26,3.49,10773,0,5173110
2021-12-13T00:00:00+00:00,3.2,3.35,3.0,3.06,713,0,335422
2021-12-14T00:00:00+00:00,3.02,3.13,3.0,3.07,233,0,102293
2021-12-15T00:00:00+00:00,3.06,3.39,3.01,3.3,666,0,218908
2021-12-16T00:00:00+00:00,3.19,3.41,3.15,3.38,320,0,114137
2021-12-17T00:00:00+00:00,3.36,3.67,3.24,3.54,417,0,97544
2021-12-20T00:00:00+00:00,3.4699999999999998,3.58,3.37,3.58,406,0,121360
2021-12-21T00:00:00+00:00,3.61,3.92,3.59,3.92,828,0,261878
2021-12-22T00:00:00+00:00,3.84,4.05,3.61,3.89,613,0,242495
2021-12-23T00:00:00+00:00,3.8,3.89,3.69,3.74,238,0,78615
2021-12-27T00:00:00+00:00,3.7,3.85,3.64,3.85,338,0,78573
2021-12-28T00:00:00+00:00,3.7800000000000002,3.7800000000000002,3.6,3.61,232,0,61840
2021-12-29T00:00:00+00:00,3.66,3.68,3.56,3.59,77,0,32285
2021-12-30T00:00:00+00:00,3.65,3.65,3.34,3.42,151,0,70559
2021-12-31T00:00:00+00:00,3.39,3.52,3.36,3.36,133,0,54064
2022-01-03T00:00:00+00:00,3.3,3.4,3.3,3.38,103,0,38283
2022-01-04T00:00:00+00:00,3.26,3.69,3.26,3.61,476,0,211904
2022-01-05T00:00:00+00:00,3.61,3.69,3.42,3.54,396,0,191187
2022-01-06T00:00:00+00:00,3.55,3.55,3.3,3.41,157,0,64803
2022-01-07T00:00:00+00:00,3.4,3.46,3.3,3.44,125,0,44555
2022-01-10T00:00:00+00:00,3.36,3.55,3.25,3.49,363,0,191533
2022-01-11T00:00:00+00:00,3.5,3.56,3.46,3.54,346,0,154020
2022-01-12T00:00:00+00:00,3.58,3.94,3.4699999999999998,3.74,1147,0,474411
2022-01-13T00:00:00+00:00,3.58,3.65,3.33,3.33,294,0,106470
2022-01-14T00:00:00+00:00,3.31,3.43,3.25,3.29,174,0,85548
2022-01-18T00:00:00+00:00,3.2,3.24,3.08,3.13,162,0,60693
2022-01-19T00:00:00+00:00,3.09,3.23,3.04,3.13,182,0,56337
2022-01-20T00:00:00+00:00,3.12,3.16,3.04,3.13,99,0,34055
2022-01-21T00:00:00+00:00,3.01,3.11,2.7199999999999998,2.75,234,0,97707
2022-01-24T00:00:00+00:00,2.68,2.7,2.63,2.67,86,0,24839
2022-01-25T00:00:00+00:00,2.55,2.69,2.55,2.61,46,0,21100
2022-01-26T00:00:00+00:00,2.65,2.7,2.51,2.51,65,0,21303
2022-01-27T00:00:00+00:00,2.5,2.58,2.5,2.5,106,0,28376
2022-01-28T00:00:00+00:00,2.51,2.56,2.43,2.4699999999999998,71,0,26612
2022-01-31T00:00:00+00:00,2.4,2.56,2.4,2.5,57,0,18831
2022-02-01T00:00:00+00:00,2.6,2.61,2.5,2.5300000000000002,64,0,17262
2022-02-02T00:00:00+00:00,2.7,2.7,2.52,2.57,43,0,12826
2022-02-03T00:00:00+00:00,2.4699999999999998,2.52,2.4699999999999998,2.52,25,0,9599
2022-02-04T00:00:00+00:00,2.49,2.61,2.48,2.5300000000000002,50,0,10150
2022-02-07T00:00:00+00:00,2.51,2.59,2.45,2.5,48,0,25369
2022-02-08T00:00:00+00:00,2.55,2.58,2.41,2.48,120,0,76269
2022-02-09T00:00:00+00:00,2.5,2.52,2.45,2.51,56,0,18232
2022-02-10T00:00:00+00:00,2.55,2.57,2.4699999999999998,2.49,53,0,22183
2022-02-11T00:00:00+00:00,2.5,2.65,2.44,2.64,116,0,42321
2022-02-14T00:00:00+00:00,2.55,2.55,2.45,2.52,86,0,27640
2022-02-15T00:00:00+00:00,2.5,2.61,2.4699999999999998,2.55,51,0,18346
2022-02-16T00:00:00+00:00,2.48,2.5300000000000002,2.43,2.46,69,0,55819
2022-02-17T00:00:00+00:00,2.56,2.66,2.42,2.4699999999999998,117,0,72844
2022-02-18T00:00:00+00:00,2.46,2.54,2.46,2.5300000000000002,38,0,9083
2022-02-22T00:00:00+00:00,2.5,2.52,2.42,2.42,98,0,32250
2022-02-23T00:00:00+00:00,2.55,2.55,2.45,2.48,22,0,6253
2022-02-24T00:00:00+00:00,2.3,2.45,2.25,2.34,76,0,18122
2022-02-25T00:00:00+00:00,2.35,2.49,2.33,2.49,26,0,6863
2022-02-28T00:00:00+00:00,2.33,2.48,2.33,2.48,55,0,18469
2022-03-01T00:00:00+00:00,2.42,2.55,2.42,2.55,47,0,30625
2022-03-02T00:00:00+00:00,2.51,2.51,2.49,2.51,27,0,9587
2022-03-03T00:00:00+00:00,2.5,2.5,2.45,2.4699999999999998,27,0,17248
2022-03-04T00:00:00+00:00,2.45,2.49,2.4,2.45,62,0,15676
2022-03-07T00:00:00+00:00,2.36,2.42,2.29,2.29,51,0,25107
2022-03-08T00:00:00+00:00,2.33,2.41,2.25,2.32,227,0,90049
2022-03-09T00:00:00+00:00,2.3,3.08,2.25,2.94,1612,0,737466
2022-03-10T00:00:00+00:00,2.33,2.85,2.33,2.56,245,0,133140
2022-03-11T00:00:00+00:00,2.4699999999999998,2.5300000000000002,2.2,2.29,106,0,66287
2022-03-14T00:00:00+00:00,2.33,2.34,2.3,2.3,34,0,10058
2022-03-15T00:00:00+00:00,2.23,2.25,2.2,2.21,93,0,41210
2022-03-16T00:00:00+00:00,2.24,2.24,2.15,2.23,94,0,32046
2022-03-17T00:00:00+00:00,2.2,2.25,2.16,2.2,48,0,17274
2022-03-18T00:00:00+00:00,2.25,2.2800000000000002,2.22,2.23,65,0,18604
2022-03-21T00:00:00+00:00,2.23,2.33,2.22,2.27,87,0,17507
2022-03-22T00:00:00+00:00,2.26,2.36,2.26,2.32,54,0,17506
2022-03-23T00:00:00+00:00,2.3,2.35,2.27,2.34,22,0,3893
2022-03-24T00:00:00+00:00,2.31,2.37,2.3,2.35,15,0,5370
2022-03-25T00:00:00+00:00,2.34,2.4699999999999998,2.33,2.42,66,0,43839
2022-03-28T00:00:00+00:00,2.45,2.54,2.41,2.5,81,0,45237
2022-03-29T00:00:00+00:00,2.52,2.54,2.41,2.52,27,0,10206
2022-03-30T00:00:00+00:00,2.57,2.9,2.57,2.83,549,0,232327
2022-03-31T00:00:00+00:00,2.74,2.85,2.63,2.69,253,0,95069
2022-04-01T00:00:00+00:00,2.57,2.79,2.56,2.7199999999999998,158,0,40427
2022-04-04T00:00:00+00:00,2.7199999999999998,2.7199999999999998,2.65,2.67,30,0,13226
2022-04-05T00:00:00+00:00,2.66,2.69,2.62,2.65,35,0,11812
2022-04-06T00:00:00+00:00,2.62,3.13,2.62,2.94,450,0,218615
2022-04-07T00:00:00+00:00,2.86,2.95,2.8,2.9,197,0,86812
2022-04-08T00:00:00+00:00,2.81,2.84,2.7,2.7,147,0,86072
2022-04-11T00:00:00+00:00,2.7,2.81,2.63,2.66,38,0,13461
2022-04-12T00:00:00+00:00,2.66,2.66,2.54,2.56,54,0,16338
2022-04-13T00:00:00+00:00,2.51,2.62,2.51,2.56,39,0,7570
2022-04-14T00:00:00+00:00,2.6,2.64,2.54,2.58,32,0,11444
2022-04-18T00:00:00+00:00,2.7,2.7,2.56,2.59,35,0,6020
2022-04-19T00:00:00+00:00,2.56,2.76,2.55,2.7,35,0,6547
2022-04-20T00:00:00+00:00,2.71,2.71,2.58,2.61,27,0,6527
2022-04-21T00:00:00+00:00,2.52,2.6,2.35,2.35,39,0,8039
2022-04-22T00:00:00+00:00,2.45,2.48,2.44,2.4699999999999998,24,0,4483
2022-04-25T00:00:00+00:00,2.36,2.48,2.35,2.35,39,0,8574
2022-04-26T00:00:00+00:00,2.36,2.36,2.23,2.24,103,0,34969
2022-04-27T00:00:00+00:00,2.25,2.41,2.25,2.3,46,0,10298
2022-04-28T00:00:00+00:00,2.32,2.37,2.3,2.37,14,0,6937
2022-04-29T00:00:00+00:00,2.29,2.41,2.29,2.38,40,0,18855
2022-05-02T00:00:00+00:00,2.35,2.41,2.35,2.4,20,0,3779
2022-05-03T00:00:00+00:00,2.35,2.45,2.32,2.42,51,0,22599
2022-05-04T00:00:00+00:00,2.34,2.4699999999999998,2.34,2.42,28,0,11657
2022-05-05T00:00:00+00:00,2.36,2.45,2.36,2.45,29,0,8610
2022-05-06T00:00:00+00:00,2.45,2.49,2.44,2.4699999999999998,21,0,2811
2022-05-09T00:00:00+00:00,2.4,2.69,2.4,2.55,233,0,84469
2022-05-10T00:00:00+00:00,2.6,2.81,2.45,2.69,186,0,56792
2022-05-11T00:00:00+00:00,2.76,2.9,2.44,2.46,269,0,142443
2022-05-12T00:00:00+00:00,2.44,2.44,2.15,2.17,176,0,75707
2022-05-13T00:00:00+00:00,2.2800000000000002,2.29,2.04,2.25,169,0,69600
2022-05-16T00:00:00+00:00,2.25,2.25,2.07,2.17,98,0,22631
2022-05-17T00:00:00+00:00,2.19,2.19,2.09,2.12,81,0,13814
2022-05-18T00:00:00+00:00,2.1,2.21,2.08,2.08,47,0,10847
2022-05-19T00:00:00+00:00,2.19,2.22,2.03,2.03,108,0,24592
2022-05-20T00:00:00+00:00,2.18,2.18,2.0,2.1,33,0,6822
2022-05-23T00:00:00+00:00,2.21,2.33,2.03,2.16,100,0,43140
2022-05-24T00:00:00+00:00,2.04,2.12,2.01,2.01,26,0,4572
2022-05-25T00:00:00+00:00,2.08,2.08,2.0,2.04,15,0,5134
2022-05-26T00:00:00+00:00,2.01,2.06,2.01,2.02,11,0,3758
2022-05-27T00:00:00+00:00,2.01,2.02,1.95,1.95,82,0,59400
2022-05-31T00:00:00+00:00,1.98,2.04,1.96,1.98,44,0,33084
2022-06-01T00:00:00+00:00,2.01,2.05,1.98,2.02,70,0,17608
2022-06-02T00:00:00+00:00,1.96,2.09,1.96,2.05,49,0,13512
2022-06-03T00:00:00+00:00,2.02,2.1,1.99,2.07,33,0,6853
2022-06-06T00:00:00+00:00,2.0,2.08,1.83,1.94,141,0,83637
2022-06-07T00:00:00+00:00,1.95,2.0,1.85,1.88,55,0,66860
2022-06-08T00:00:00+00:00,1.98,1.99,1.85,1.92,78,0,18627
2022-06-09T00:00:00+00:00,1.9100000000000001,1.9100000000000001,1.71,1.71,49,0,21205
2022-06-10T00:00:00+00:00,1.88,1.88,0.88,0.89,927,0,168664
2022-06-13T00:00:00+00:00,1.2,1.48,0.95,1.05,1946,0,952222
2022-06-14T00:00:00+00:00,1.07,1.08,0.91,1.08,253,0,140996
2022-06-15T00:00:00+00:00,0.99,1.07,0.92,1.0,345,0,191003
2022-06-16T00:00:00+00:00,0.99,1.02,0.9,0.98,243,0,138581
2022-06-17T00:00:00+00:00,0.96,1.09,0.91,1.06,199,0,83391
2022-06-21T00:00:00+00:00,1.04,1.08,0.95,0.99,116,0,56088
2022-06-22T00:00:00+00:00,0.98,0.98,0.9,0.97,115,0,62500
2022-06-23T00:00:00+00:00,0.92,0.97,0.9,0.94,77,0,18620
2022-06-24T00:00:00+00:00,0.86,1.03,0.86,0.96,227,0,89577
2022-06-27T00:00:00+00:00,0.96,0.96,0.9,0.94,120,0,112909
2022-06-28T00:00:00+00:00,0.94,0.95,0.88,0.94,89,0,55094
2022-06-29T00:00:00+00:00,0.93,1.06,0.9,1.05,132,0,86947
2022-06-30T00:00:00+00:00,1.0,1.06,0.92,1.06,43,0,36899
2022-07-01T00:00:00+00:00,1.05,1.06,0.96,1.01,127,0,63210
2022-07-05T00:00:00+00:00,1.03,1.06,0.97,1.05,135,0,51316
2022-07-06T00:00:00+00:00,0.95,1.02,0.95,1.0,133,0,60375
2022-07-07T00:00:00+00:00,1.0,1.03,0.97,1.02,111,0,48031
2022-07-08T00:00:00+00:00,1.02,1.06,0.98,1.04,68,0,71113
2022-07-11T00:00:00+00:00,1.02,1.03,0.9,0.93,130,0,94478
2022-07-12T00:00:00+00:00,0.95,0.95,0.88,0.92,82,0,71174
2022-07-13T00:00:00+00:00,0.92,0.96,0.85,0.88,203,0,171352
2022-07-14T00:00:00+00:00,0.85,0.91,0.83,0.85,107,0,87914
2022-07-15T00:00:00+00:00,0.85,0.85,0.71,0.78,202,0,103110
2022-07-18T00:00:00+00:00,0.86,0.86,0.75,0.78,138,0,42602
2022-07-19T00:00:00+00:00,0.84,0.87,0.79,0.83,85,0,56080
2022-07-20T00:00:00+00:00,0.85,0.85,0.77,0.8,123,0,66687
2022-07-21T00:00:00+00:00,0.8,0.81,0.75,0.77,56,0,15565
2022-07-22T00:00:00+00:00,0.75,0.8,0.75,0.78,44,0,33178
2022-07-25T00:00:00+00:00,0.79,0.82,0.79,0.8,125,0,44183
2022-07-26T00:00:00+00:00,0.81,0.81,0.68,0.73,115,0,69268
2022-07-27T00:00:00+00:00,0.72,0.75,0.67,0.69,130,0,59908
2022-07-28T00:00:00+00:00,0.71,0.71,0.65,0.67,101,0,47665
2022-07-29T00:00:00+00:00,0.68,0.69,0.65,0.67,20,0,6355
2022-08-01T00:00:00+00:00,0.67,0.67,0.65,0.67,67,0,33173
2022-08-02T00:00:00+00:00,0.68,0.69,0.62,0.66,110,0,54685
2022-08-03T00:00:00+00:00,0.65,0.71,0.58,0.68,311,0,156259
2022-08-04T00:00:00+00:00,0.67,0.72,0.64,0.66,153,0,92109
2022-08-05T00:00:00+00:00,0.67,0.7,0.62,0.64,111,0,83873
2022-08-08T00:00:00+00:00,0.69,0.69,0.55,0.61,259,0,185595
2022-08-09T00:00:00+00:00,0.61,0.61,0.55,0.6,168,0,118131
2022-08-10T00:00:00+00:00,0.6,0.68,0.51,0.53,329,0,250000
2022-08-11T00:00:00+00:00,0.58,0.59,0.55,0.57,102,0,51685
2022-08-12T00:00:00+00:00,0.62,0.68,0.61,0.67,134,0,98858
2022-08-15T00:00:00+00:00,0.65,0.66,0.61,0.63,125,0,80656
2022-08-16T00:00:00+00:00,0.66,0.68,0.63,0.68,137,0,86952
2022-08-17T00:00:00+00:00,0.65,0.75,0.61,0.75,134,0,103633
2022-08-18T00:00:00+00:00,0.79,0.93,0.75,0.9,441,0,348387
2022-08-19T00:00:00+00:00,0.89,0.9,0.8,0.87,170,0,143920
2022-08-22T00:00:00+00:00,0.81,0.9,0.75,0.9,120,0,71701
2022-08-23T00:00:00+00:00,0.9,0.9,0.81,0.87,57,0,35851
2022-08-24T00:00:00+00:00,0.87,0.89,0.83,0.86,75,0,42127
2022-08-25T00:00:00+00:00,0.84,0.86,0.81,0.82,55,0,22416
2022-08-26T00:00:00+00:00,0.84,0.84,0.76,0.84,63,0,38056
2022-08-29T00:00:00+00:00,0.87,0.87,0.8,0.83,68,0,47606
2022-08-30T00:00:00+00:00,0.83,0.99,0.8,0.99,212,0,85155
2022-08-31T00:00:00+00:00,0.95,1.05,0.95,1.0,164,0,107524
2022-09-01T00:00:00+00:00,1.03,1.16,1.0,1.04,517,0,455538
2022-09-02T00:00:00+00:00,1.0,1.04,0.98,1.01,110,0,44877
2022-09-06T00:00:00+00:00,1.02,1.1,1.0,1.1,363,0,94302
2022-09-07T00:00:00+00:00,1.15,1.19,1.06,1.08,306,0,124588
2022-09-08T00:00:00+00:00,1.09,1.16,1.05,1.1400000000000001,315,0,100597
2022-09-09T00:00:00+00:00,1.1,1.15,1.1,1.13,270,0,90905
2022-09-12T00:00:00+00:00,1.13,1.16,1.09,1.12,144,0,34777
2022-09-13T00:00:00+00:00,1.09,1.12,1.08,1.09,185,0,38830
2022-09-14T00:00:00+00:00,1.08,1.1,1.08,1.1,109,0,24266
2022-09-15T00:00:00+00:00,1.07,1.07,1.01,1.03,200,0,46872
2022-09-16T00:00:00+00:00,1.08,1.08,0.91,0.91,286,0,104942
2022-09-19T00:00:00+00:00,0.87,0.87,0.75,0.75,121,0,33942
2022-09-20T00:00:00+00:00,0.76,0.82,0.75,0.76,68,0,33844
2022-09-21T00:00:00+00:00,0.78,0.8,0.73,0.78,8,0,2704
2022-09-22T00:00:00+00:00,0.79,0.85,0.75,0.8,95,0,32817
2022-09-23T00:00:00+00:00,0.82,1.04,0.81,0.93,122,0,68406
2022-09-26T00:00:00+00:00,0.91,0.96,0.85,0.89,56,0,28895
2022-09-27T00:00:00+00:00,0.88,0.9,0.78,0.79,74,0,43017
2022-09-28T00:00:00+00:00,0.85,0.88,0.77,0.83,34,0,13625
2022-09-29T00:00:00+00:00,0.89,0.89,0.8,0.88,26,0,4515
2022-09-30T00:00:00+00:00,0.88,0.95,0.88,0.88,59,0,33526
2022-10-03T00:00:00+00:00,0.95,0.95,0.86,0.9,23,0,13690
2022-10-04T00:00:00+00:00,0.88,0.9,0.81,0.88,90,0,22727
2022-10-05T00:00:00+00:00,0.91,0.94,0.89,0.91,34,0,19974
2022-10-06T00:00:00+00:00,0.9,0.92,0.9,0.91,18,0,5911
2022-10-07T00:00:00+00:00,0.88,0.92,0.88,0.88,13,0,5860
2022-10-10T00:00:00+00:00,0.88,0.93,0.84,0.88,38,0,8297
2022-10-11T00:00:00+00:00,0.9,0.92,0.85,0.87,20,0,7715
2022-10-12T00:00:00+00:00,0.89,0.89,0.87,0.87,4,0,548
2022-10-13T00:00:00+00:00,0.85,0.85,0.83,0.83,50,0,16281
2022-10-14T00:00:00+00:00,0.91,0.92,0.7,0.7,133,0,67825
2022-10-17T00:00:00+00:00,0.72,0.73,0.71,0.72,27,0,16752
2022-10-18T00:00:00+00:00,0.73,0.73,0.7,0.7,20,0,12689
2022-10-19T00:00:00+00:00,0.71,0.73,0.7,0.72,14,0,2779
2022-10-20T00:00:00+00:00,0.73,0.73,0.69,0.73,5,0,650
2022-10-21T00:00:00+00:00,0.71,0.75,0.71,0.73,11,0,2945
2022-10-24T00:00:00+00:00,0.72,0.72,0.65,0.67,17,0,13473
2022-10-25T00:00:00+00:00,0.71,0.73,0.69,0.69,22,0,25582
2022-10-26T00:00:00+00:00,0.71,0.74,0.68,0.68,31,0,11878
2022-10-27T00:00:00+00:00,0.7,0.7,0.69,0.7,15,0,3803
2022-10-28T00:00:00+00:00,0.71,0.74,0.69,0.74,44,0,18771
2022-10-31T00:00:00+00:00,0.75,0.75,0.73,0.75,7,0,3628
2022-11-01T00:00:00+00:00,0.75,0.77,0.73,0.73,28,0,9166
2022-11-02T00:00:00+00:00,0.7,0.77,0.68,0.76,19,0,9172
2022-11-03T00:00:00+00:00,0.81,0.81,0.73,0.79,17,0,6519
2022-11-04T00:00:00+00:00,0.73,0.75,0.73,0.73,16,0,7620
2022-11-07T00:00:00+00:00,0.8,0.83,0.75,0.75,31,0,12021
2022-11-08T00:00:00+00:00,0.75,0.75,0.73,0.75,5,0,1702
2022-11-09T00:00:00+00:00,0.75,0.75,0.7,0.71,22,0,11791
2022-11-10T00:00:00+00:00,0.78,0.78,0.74,0.76,7,0,1034
2022-11-11T00:00:00+00:00,0.79,0.79,0.72,0.72,18,0,5524
2022-11-14T00:00:00+00:00,0.73,0.8,0.7,0.75,15,0,6659
2022-11-15T00:00:00+00:00,0.75,0.75,0.72,0.72,21,0,11512
2022-11-16T00:00:00+00:00,0.73,0.76,0.73,0.73,5,0,3562
2022-11-17T00:00:00+00:00,0.76,0.76,0.71,0.72,24,0,6393
2022-11-18T00:00:00+00:00,0.77,0.78,0.74,0.74,62,0,28983
2022-11-21T00:00:00+00:00,0.7,0.74,0.7,0.71,29,0,11168
2022-11-22T00:00:00+00:00,0.7,0.78,0.7,0.76,6,0,1008
2022-11-23T00:00:00+00:00,0.75,0.75,0.72,0.73,12,0,6084
2022-11-25T00:00:00+00:00,0.73,0.75,0.73,0.75,5,0,2502
2022-11-28T00:00:00+00:00,0.73,0.75,0.73,0.73,9,0,1794
2022-11-29T00:00:00+00:00,0.73,0.74,0.73,0.74,5,0,844
2022-11-30T00:00:00+00:00,0.72,0.74,0.7,0.74,7,0,1609
2022-12-01T00:00:00+00:00,0.74,0.77,0.71,0.73,20,0,5618
2022-12-02T00:00:00+00:00,0.73,0.73,0.73,0.73,4,0,409
2022-12-05T00:00:00+00:00,0.73,0.74,0.73,0.74,4,0,750
2022-12-06T00:00:00+00:00,0.75,0.77,0.73,0.73,27,0,16062
2022-12-07T00:00:00+00:00,0.73,0.75,0.67,0.71,93,0,27434
2022-12-08T00:00:00+00:00,0.73,0.75,0.71,0.75,7,0,3379
2022-12-09T00:00:00+00:00,0.76,0.76,0.73,0.73,2,0,446
2022-12-12T00:00:00+00:00,0.74,0.74,0.69,0.71,45,0,22475
2022-12-13T00:00:00+00:00,0.73,0.75,0.7,0.74,44,0,20536
2022-12-14T00:00:00+00:00,0.72,0.79,0.71,0.77,32,0,12078
2022-12-15T00:00:00+00:00,0.74,0.74,0.69,0.7,46,0,27226
2022-12-16T00:00:00+00:00,0.71,0.71,0.67,0.68,42,0,15065
2022-12-19T00:00:00+00:00,0.71,0.71,0.68,0.69,25,0,7619
2022-12-20T00:00:00+00:00,0.69,0.75,0.66,0.7,117,0,45241
2022-12-21T00:00:00+00:00,0.68,0.68,0.64,0.67,28,0,8249
2022-12-22T00:00:00+00:00,0.66,0.66,0.64,0.65,26,0,7099
2022-12-23T00:00:00+00:00,0.69,0.73,0.67,0.69,17,0,6860
2022-12-27T00:00:00+00:00,0.69,0.69,0.66,0.66,14,0,4442
2022-12-28T00:00:00+00:00,0.66,0.68,0.62,0.63,45,0,13902
2022-12-29T00:00:00+00:00,0.64,0.66,0.63,0.64,37,0,13220
2022-12-30T00:00:00+00:00,0.68,0.68,0.62,0.63,45,0,32046
2023-01-03T00:00:00+00:00,0.62,0.62,0.6,0.6,66,0,35628
2023-01-04T00:00:00+00:00,0.6,0.62,0.6,0.62,39,0,15307
2023-01-05T00:00:00+00:00,1.28,1.87,1.01,1.07,57646,0,27923853
2023-01-06T00:00:00+00:00,0.92,1.07,0.9,0.91,3586,0,1225301
2023-01-09T00:00:00+00:00,0.88,0.99,0.82,0.99,1612,0,776632
2023-01-10T00:00:00+00:00,0.92,0.95,0.85,0.95,501,0,303465
2023-01-11T00:00:00+00:00,0.89,1.02,0.88,1.01,463,0,282295
2023-01-12T00:00:00+00:00,0.95,0.98,0.89,0.93,372,0,164353
2023-01-13T00:00:00+00:00,0.9,0.92,0.85,0.86,199,0,111597
2023-01-17T00:00:00+00:00,0.86,0.86,0.77,0.82,228,0,118037
2023-01-18T00:00:00+00:00,0.79,0.81,0.74,0.77,132,0,109837
2023-01-19T00:00:00+00:00,0.81,0.83,0.78,0.78,101,0,45375
2023-01-20T00:00:00+00:00,0.79,0.8,0.76,0.78,124,0,63255
2023-01-23T00:00:00+00:00,0.8,0.81,0.76,0.76,101,0,56965
2023-01-24T00:00:00+00:00,0.78,0.8,0.75,0.75,90,0,71864
2023-01-25T00:00:00+00:00,0.8,0.8,0.75,0.75,61,0,25657
2023-01-26T00:00:00+00:00,0.76,0.78,0.76,0.76,45,0,21534
2023-01-27T00:00:00+00:00,0.78,0.78,0.75,0.76,67,0,34668
2023-01-30T00:00:00+00:00,0.76,0.77,0.73,0.75,110,0,79413
2023-01-31T00:00:00+00:00,0.73,0.75,0.71,0.72,93,0,46259
2023-02-01T00:00:00+00:00,0.71,0.74,0.71,0.73,175,0,74724
2023-02-02T00:00:00+00:00,0.73,0.74,0.7,0.74,124,0,46055
2023-02-03T00:00:00+00:00,0.72,0.74,0.7,0.71,98,0,63775
2023-02-06T00:00:00+00:00,0.73,0.73,0.71,0.72,56,0,19206
2023-02-07T00:00:00+00:00,0.72,0.72,0.7,0.71,63,0,19024
2023-02-08T00:00:00+00:00,0.74,0.74,0.7,0.7,87,0,26389
2023-02-09T00:00:00+00:00,0.73,0.75,0.66,0.68,209,0,78102
2023-02-10T00:00:00+00:00,0.71,0.79,0.69,0.75,275,0,183121
2023-02-13T00:00:00+00:00,0.72,0.73,0.69,0.69,94,0,83186
2023-02-14T00:00:00+00:00,0.72,0.72,0.7,0.71,14,0,5493
2023-02-15T00:00:00+00:00,0.7,0.74,0.7,0.73,44,0,16317
2023-02-16T00:00:00+00:00,0.73,0.75,0.72,0.72,35,0,18501
2023-02-17T00:00:00+00:00,0.72,0.74,0.7,0.73,52,0,30913
2023-02-21T00:00:00+00:00,0.76,0.83,0.72,0.76,315,0,206586
2023-02-22T00:00:00+00:00,0.78,0.78,0.74,0.74,82,0,60083
2023-02-23T00:00:00+00:00,0.74,0.78,0.69,0.73,127,0,89159
2023-02-24T00:00:00+00:00,0.72,0.73,0.67,0.7,182,0,187089
2023-02-27T00:00:00+00:00,0.7,0.74,0.68,0.69,99,0,48699
2023-02-28T00:00:00+00:00,0.69,0.7,0.65,0.65,180,0,130206
2023-03-01T00:00:00+00:00,0.69,0.69,0.61,0.63,152,0,117932
2023-03-02T00:00:00+00:00,0.65,0.67,0.64,0.65,64,0,26213
2023-03-03T00:00:00+00:00,0.7,0.7,0.67,0.7,77,0,97933
2023-03-06T00:00:00+00:00,0.68,0.7,0.67,0.67,59,0,34939
2023-03-07T00:00:00+00:00,0.68,0.69,0.65,0.66,35,0,22960
2023-03-08T00:00:00+00:00,0.65,0.65,0.63,0.65,21,0,11015
2023-03-09T00:00:00+00:00,0.65,0.69,0.64,0.64,64,0,26606
2023-03-10T00:00:00+00:00,0.64,0.64,0.56,0.58,135,0,68772
2023-03-13T00:00:00+00:00,0.57,0.6,0.57,0.57,42,0,23922
2023-03-14T00:00:00+00:00,0.59,0.76,0.58,0.64,91,0,56276
2023-03-15T00:00:00+00:00,0.65,0.65,0.58,0.58,35,0,15415
2023-03-16T00:00:00+00:00,0.58,0.58,0.56,0.57,31,0,22015
2023-03-17T00:00:00+00:00,0.6,0.6,0.57,0.6,51,0,38998
2023-03-20T00:00:00+00:00,0.69,0.69,0.64,0.67,40,0,13942
2023-03-21T00:00:00+00:00,0.68,0.69,0.59,0.65,40,0,16104
2023-03-22T00:00:00+00:00,0.67,0.67,0.61,0.61,63,0,14399
2023-03-23T00:00:00+00:00,0.65,0.65,0.61,0.62,19,0,3863
2023-03-24T00:00:00+00:00,0.62,0.64,0.6,0.61,31,0,30123
2023-03-27T00:00:00+00:00,0.64,0.64,0.61,0.62,7,0,5140
2023-03-28T00:00:00+00:00,0.61,0.62,0.61,0.62,7,0,829
2023-03-29T00:00:00+00:00,0.64,0.66,0.62,0.65,38,0,19162
2023-03-30T00:00:00+00:00,0.63,0.63,0.6,0.62,36,0,7653
2023-03-31T00:00:00+00:00,0.61,0.64,0.61,0.64,18,0,12144
2023-04-03T00:00:00+00:00,0.64,0.65,0.64,0.64,29,0,12337
2023-04-04T00:00:00+00:00,0.64,0.64,0.63,0.64,16,0,6451
2023-04-05T00:00:00+00:00,0.61,0.63,0.59,0.62,24,0,10056
2023-04-06T00:00:00+00:00,0.65,0.65,0.62,0.64,10,0,5683
2023-04-10T00:00:00+00:00,0.63,0.67,0.61,0.67,37,0,20044
2023-04-11T00:00:00+00:00,0.66,0.67,0.62,0.63,81,0,40540
2023-04-12T00:00:00+00:00,0.63,0.68,0.63,0.63,15,0,8754
2023-04-13T00:00:00+00:00,0.67,0.67,0.63,0.66,10,0,2481
2023-04-14T00:00:00+00:00,0.64,0.69,0.61,0.62,31,0,13525
2023-04-17T00:00:00+00:00,0.65,0.65,0.64,0.64,6,0,3400
2023-04-18T00:00:00+00:00,0.65,0.66,0.65,0.66,27,0,30953
2023-04-19T00:00:00+00:00,0.66,0.66,0.66,0.66,5,0,5710
2023-04-20T00:00:00+00:00,0.66,0.66,0.64,0.66,13,0,10275
2023-04-21T00:00:00+00:00,0.66,0.71,0.66,0.67,85,0,122934
2023-04-24T00:00:00+00:00,0.7,0.72,0.6,0.66,135,0,59591
2023-04-25T00:00:00+00:00,0.66,0.69,0.66,0.67,18,0,11040
2023-04-26T00:00:00+00:00,0.7,0.7,0.66,0.66,44,0,37365
2023-04-27T00:00:00+00:00,0.68,0.7,0.67,0.69,16,0,4588
2023-04-28T00:00:00+00:00,0.67,0.7,0.66,0.68,48,0,17092
2023-05-01T00:00:00+00:00,0.67,0.75,0.67,0.74,73,0,43973
2023-05-02T00:00:00+00:00,0.74,0.74,0.72,0.73,50,0,28895
2023-05-03T00:00:00+00:00,0.67,0.76,0.65,0.74,58,0,21319
2023-05-04T00:00:00+00:00,0.73,0.75,0.73,0.75,62,0,21624
2023-05-05T00:00:00+00:00,0.72,0.81,0.72,0.81,64,0,24197
2023-05-08T00:00:00+00:00,0.85,0.95,0.84,0.88,198,0,112709
2023-05-09T00:00:00+00:00,0.93,0.94,0.88,0.88,54,0,31531
2023-05-10T00:00:00+00:00,0.88,0.9,0.8,0.82,62,0,30459
2023-05-11T00:00:00+00:00,0.8,0.81,0.8,0.8,17,0,3469
2023-05-12T00:00:00+00:00,0.86,0.89,0.82,0.84,42,0,29023
2023-05-15T00:00:00+00:00,0.78,0.78,0.76,0.78,24,0,26999
2023-05-16T00:00:00+00:00,0.72,0.81,0.69,0.69,57,0,20177
2023-05-17T00:00:00+00:00,0.75,0.79,0.73,0.76,32,0,15606
2023-05-18T00:00:00+00:00,0.75,0.75,0.73,0.73,34,0,10195
2023-05-19T00:00:00+00:00,0.76,0.78,0.69,0.73,18,0,12542
2023-05-22T00:00:00+00:00,0.69,0.71,0.65,0.69,56,0,60965
2023-05-23T00:00:00+00:00,0.66,0.68,0.66,0.67,52,0,29391
2023-05-24T00:00:00+00:00,0.67,0.7,0.67,0.7,43,0,17564
2023-05-25T00:00:00+00:00,0.68,0.69,0.67,0.69,10,0,4065
2023-05-26T00:00:00+00:00,0.68,0.7,0.67,0.67,65,0,48019
2023-05-30T00:00:00+00:00,0.68,0.7,0.68,0.68,25,0,9396
2023-05-31T00:00:00+00:00,0.69,0.7,0.67,0.69,25,0,13110
2023-06-01T00:00:00+00:00,0.68,0.68,0.67,0.67,10,0,5400
2023-06-02T00:00:00+00:00,0.67,0.68,0.65,0.66,56,0,25085
2023-06-05T00:00:00+00:00,0.65,0.67,0.6,0.61,70,0,24299
2023-06-06T00:00:00+00:00,0.62,0.65,0.62,0.63,30,0,4725
2023-06-07T00:00:00+00:00,0.63,0.65,0.63,0.63,12,0,5783
2023-06-08T00:00:00+00:00,0.7,0.7,0.62,0.63,22,0,23797
2023-06-09T00:00:00+00:00,0.61,0.62,0.61,0.62,3,0,374
2023-06-12T00:00:00+00:00,0.62,0.62,0.58,0.62,58,0,24898
2023-06-13T00:00:00+00:00,0.61,0.63,0.61,0.62,14,0,10414
2023-06-14T00:00:00+00:00,0.6,0.61,0.59,0.61,27,0,27046
2023-06-15T00:00:00+00:00,0.6,0.61,0.58,0.6,79,0,48050
2023-06-16T00:00:00+00:00,0.58,0.59,0.58,0.58,39,0,17300
2023-06-20T00:00:00+00:00,0.56,0.62,0.55,0.61,65,0,25850
2023-06-21T00:00:00+00:00,0.6,0.6,0.58,0.59,12,0,3414
2023-06-22T00:00:00+00:00,0.57,0.59,0.54,0.54,50,0,32619
2023-06-23T00:00:00+00:00,0.53,0.58,0.53,0.54,57,0,15041
2023-06-26T00:00:00+00:00,0.54,0.58,0.54,0.56,43,0,15816
2023-06-27T00:00:00+00:00,0.55,0.56,0.51,0.52,70,0,31448
2023-06-28T00:00:00+00:00,0.51,0.52,0.51,0.51,27,0,18468
2023-06-29T00:00:00+00:00,0.51,0.52,0.5,0.5,58,0,26408
2023-06-30T00:00:00+00:00,0.53,0.53,0.5,0.51,61,0,17743
2023-07-03T00:00:00+00:00,0.51,0.53,0.5,0.52,95,0,18049
2023-07-05T00:00:00+00:00,0.52,0.52,0.47,0.49,252,0,122386
2023-07-06T00:00:00+00:00,0.48,0.49,0.46,0.47,70,0,41444
2023-07-07T00:00:00+00:00,0.47,0.48,0.45,0.47,164,0,65811
2023-07-10T00:00:00+00:00,0.44,0.47,0.44,0.46,49,0,21569
2023-07-11T00:00:00+00:00,0.46,0.46,0.45,0.46,48,0,29339
2023-07-12T00:00:00+00:00,0.46,0.46,0.44,0.45,49,0,16627
2023-07-13T00:00:00+00:00,0.46,0.5,0.44,0.45,80,0,39738
2023-07-14T00:00:00+00:00,0.43,0.45,0.42,0.43,67,0,39191
2023-07-17T00:00:00+00:00,0.4,0.4,0.35,0.37,156,0,106009
2023-07-18T00:00:00+00:00,0.35,0.44,0.34,0.41,164,0,75927
2023-07-19T00:00:00+00:00,0.4,0.42,0.35,0.41,127,0,78208
2023-07-20T00:00:00+00:00,0.4,0.4,0.38,0.39,46,0,16784
2023-07-21T00:00:00+00:00,0.39,0.4,0.38,0.39,45,0,15360
2023-07-24T00:00:00+00:00,0.4,0.41,0.33,0.39,537,0,199938
2023-07-25T00:00:00+00:00,4.1,4.2,3.66,3.8,363,0,82779
2023-07-26T00:00:00+00:00,5.2,6.87,5.06,5.27,56452,0,23837990
2023-07-27T00:00:00+00:00,4.08,4.4,2.89,3.06,1449,0,507415
2023-07-28T00:00:00+00:00,2.98,3.01,2.61,2.69,696,0,203328
2023-07-31T00:00:00+00:00,2.75,2.77,2.4,2.44,285,0,101406
2023-08-01T00:00:00+00:00,4.32,5.07,3.23,3.55,13291,0,6191251
2023-08-02T00:00:00+00:00,3.46,3.58,2.9699999999999998,2.99,632,0,254169
2023-08-03T00:00:00+00:00,3.09,3.14,2.81,3.07,390,0,167743
2023-08-04T00:00:00+00:00,3.08,3.08,2.73,2.74,209,0,52357
2023-08-07T00:00:00+00:00,2.7,2.75,2.5300000000000002,2.55,133,0,44449
2023-08-08T00:00:00+00:00,2.48,2.55,2.41,2.41,83,0,23760
2023-08-09T00:00:00+00:00,2.4,2.5,2.2800000000000002,2.35,217,0,55217
2023-08-10T00:00:00+00:00,2.39,2.42,2.13,2.2,90,0,25576
2023-08-11T00:00:00+00:00,2.15,2.15,2.03,2.03,91,0,30013
2023-08-14T00:00:00+00:00,2.07,2.07,1.8199999999999998,1.87,261,0,100561
2023-08-15T00:00:00+00:00,1.88,1.94,1.8599999999999999,1.9,86,0,27519
2023-08-16T00:00:00+00:00,1.9,2.41,1.9,1.9300000000000002,1343,0,571755
2023-08-17T00:00:00+00:00,2.13,2.34,1.7,1.8,1099,0,486751
2023-08-18T00:00:00+00:00,1.63,1.92,1.62,1.92,256,0,111094
2023-08-21T00:00:00+00:00,1.76,2.1,1.76,2.04,380,0,185958
2023-08-22T00:00:00+00:00,1.9100000000000001,2.0,1.8599999999999999,1.96,141,0,25105
2023-08-23T00:00:00+00:00,1.8599999999999999,2.05,1.8599999999999999,1.94,272,0,73717
2023-08-24T00:00:00+00:00,1.85,1.9,1.6600000000000001,1.69,167,0,58044
2023-08-25T00:00:00+00:00,1.6800000000000002,1.77,1.6600000000000001,1.72,38,0,15316
2023-08-28T00:00:00+00:00,1.77,1.81,1.45,1.46,191,0,61363
2023-08-29T00:00:00+00:00,1.45,1.45,1.33,1.33,133,0,37465
2023-08-30T00:00:00+00:00,1.35,1.38,1.2,1.25,246,0,72303
2023-08-31T00:00:00+00:00,1.21,1.35,1.17,1.29,167,0,43307
2023-09-01T00:00:00+00:00,1.35,1.35,1.18,1.22,110,0,42216
2023-09-05T00:00:00+00:00,1.24,1.24,1.1400000000000001,1.16,227,0,99486
2023-09-06T00:00:00+00:00,1.19,1.19,1.05,1.1400000000000001,140,0,69556
2023-09-07T00:00:00+00:00,1.11,1.12,1.07,1.09,68,0,23710
2023-09-08T00:00:00+00:00,1.12,1.12,1.05,1.1,89,0,21852
2023-09-11T00:00:00+00:00,1.05,1.11,1.03,1.07,44,0,10977
2023-09-12T00:00:00+00:00,1.09,1.18,1.08,1.1400000000000001,62,0,15943
2023-09-13T00:00:00+00:00,1.13,1.3599999999999999,1.13,1.16,217,0,108482
2023-09-14T00:00:00+00:00,1.16,1.21,1.07,1.09,159,0,34087
2023-09-15T00:00:00+00:00,1.08,1.15,1.03,1.08,155,0,64878
2023-09-18T00:00:00+00:00,1.09,1.1,1.03,1.06,377,0,83798
2023-09-19T00:00:00+00:00,1.09,1.18,1.05,1.07,188,0,53029
2023-09-20T00:00:00+00:00,1.08,1.08,1.03,1.05,138,0,31061
2023-09-21T00:00:00+00:00,1.06,1.06,0.87,0.98,211,0,103333
2023-09-22T00:00:00+00:00,0.98,0.99,0.82,0.88,124,0,40239
2023-09-25T00:00:00+00:00,0.88,1.03,0.88,0.99,62,0,30213
2023-09-26T00:00:00+00:00,0.93,0.98,0.88,0.96,107,0,39216
2023-09-27T00:00:00+00:00,0.95,1.03,0.92,1.01,65,0,27813
2023-09-28T00:00:00+00:00,1.01,1.11,0.96,1.01,280,0,72365
2023-09-29T00:00:00+00:00,0.98,1.1,0.98,1.04,90,0,23630
2023-10-02T00:00:00+00:00,1.07,1.08,0.92,0.92,161,0,48530
2023-10-03T00:00:00+00:00,0.91,0.98,0.86,0.94,86,0,28572
2023-10-04T00:00:00+00:00,0.85,0.92,0.85,0.9,62,0,28140
2023-10-05T00:00:00+00:00,0.92,0.96,0.91,0.91,49,0,11991
2023-10-06T00:00:00+00:00,0.86,0.93,0.69,0.8,202,0,63749
2023-10-09T00:00:00+00:00,0.88,0.88,0.79,0.85,67,0,19496
2023-10-10T00:00:00+00:00,0.82,0.89,0.82,0.89,65,0,20813
2023-10-11T00:00:00+00:00,0.87,0.9,0.82,0.87,82,0,23342
2023-10-12T00:00:00+00:00,0.83,0.88,0.81,0.88,83,0,28161
2023-10-13T00:00:00+00:00,0.85,0.95,0.85,0.93,101,0,46794
2023-10-16T00:00:00+00:00,0.97,1.05,0.94,0.97,167,0,41775
2023-10-17T00:00:00+00:00,0.94,0.94,0.87,0.9,84,0,20614
2023-10-18T00:00:00+00:00,0.89,0.93,0.89,0.93,34,0,7702
2023-10-19T00:00:00+00:00,0.93,0.93,0.88,0.92,21,0,4984
2023-10-20T00:00:00+00:00,0.9,0.93,0.88,0.91,8,0,13480
2023-10-23T00:00:00+00:00,0.91,1.15,0.91,1.05,384,0,212399
2023-10-24T00:00:00+00:00,0.97,0.99,0.89,0.91,140,0,40190
2023-10-25T00:00:00+00:00,0.87,0.98,0.82,0.84,195,0,51656
2023-10-26T00:00:00+00:00,3.31,3.35,1.21,1.28,109583,0,52360492
2023-10-27T00:00:00+00:00,1.49,1.6,1.3,1.38,19678,0,8271434
2023-10-30T00:00:00+00:00,1.23,1.26,1.11,1.22,2334,0,1028899
2023-10-31T00:00:00+00:00,1.05,1.2,1.02,1.06,1527,0,762556
2023-11-01T00:00:00+00:00,1.07,1.2,1.05,1.09,1429,0,812065
2023-11-02T00:00:00+00:00,1.13,1.24,1.11,1.17,1580,0,883651
2023-11-03T00:00:00+00:00,1.2,1.24,1.17,1.19,701,0,411754
2023-11-06T00:00:00+00:00,1.1400000000000001,1.1400000000000001,1.05,1.07,888,0,393248
2023-11-07T00:00:00+00:00,1.07,1.13,1.03,1.13,434,0,242810
2023-11-08T00:00:00+00:00,1.11,1.15,1.09,1.13,363,0,191578
2023-11-09T00:00:00+00:00,1.17,1.17,1.06,1.08,618,0,272176
2023-11-10T00:00:00+00:00,1.06,1.13,1.04,1.07,563,0,192637
2023-11-13T00:00:00+00:00,1.03,1.16,1.02,1.15,635,0,387336
2023-11-14T00:00:00+00:00,1.13,1.1400000000000001,1.09,1.12,539,0,288215
2023-11-15T00:00:00+00:00,1.11,1.28,1.07,1.26,1122,0,548459
2023-11-16T00:00:00+00:00,1.23,1.78,1.21,1.5899999999999999,27632,0,15659315
2023-11-17T00:00:00+00:00,1.54,1.7,1.42,1.55,3851,0,1895668
2023-11-20T00:00:00+00:00,1.55,1.81,1.53,1.67,3048,0,1592362
2023-11-21T00:00:00+00:00,1.9,2.21,1.72,1.77,21347,0,11712074
2023-11-22T00:00:00+00:00,1.8,1.98,1.73,1.85,3258,0,1198808
2023-11-24T00:00:00+00:00,1.88,2.04,1.8199999999999998,1.98,1931,0,745161
2023-11-27T00:00:00+00:00,2.01,2.02,1.6400000000000001,1.69,1662,0,681642
2023-11-28T00:00:00+00:00,1.69,1.71,1.45,1.49,1190,0,651167
2023-11-29T00:00:00+00:00,1.53,1.55,1.49,1.52,337,0,146030
2023-11-30T00:00:00+00:00,1.5,1.5,1.25,1.25,839,0,427811
2023-12-01T00:00:00+00:00,1.27,1.47,1.22,1.34,793,0,353397
2023-12-04T00:00:00+00:00,1.33,1.46,1.31,1.45,765,0,318000
2023-12-05T00:00:00+00:00,1.45,1.47,1.38,1.42,720,0,295031
2023-12-06T00:00:00+00:00,1.42,1.43,1.29,1.34,408,0,203367
2023-12-07T00:00:00+00:00,1.3599999999999999,1.3599999999999999,1.22,1.23,476,0,231175
2023-12-08T00:00:00+00:00,1.25,1.25,1.16,1.2,459,0,201457
2023-12-11T00:00:00+00:00,1.18,1.18,1.03,1.05,393,0,233716
2023-12-12T00:00:00+00:00,1.07,1.08,1.01,1.05,239,0,159614
2023-12-13T00:00:00+00:00,1.06,1.13,1.04,1.11,246,0,118790
2023-12-14T00:00:00+00:00,1.06,1.3,1.06,1.29,620,0,320173
2023-12-15T00:00:00+00:00,1.29,1.37,1.25,1.29,555,0,270689
2023-12-18T00:00:00+00:00,1.33,1.33,1.15,1.17,311,0,129754
2023-12-19T00:00:00+00:00,1.19,1.24,1.16,1.17,183,0,91133
2023-12-20T00:00:00+00:00,1.17,1.17,1.09,1.11,279,0,111615
2023-12-21T00:00:00+00:00,1.13,1.15,1.08,1.12,170,0,62117
2023-12-22T00:00:00+00:00,1.11,1.12,1.07,1.07,134,0,38021
2023-12-26T00:00:00+00:00,1.1400000000000001,1.23,1.1400000000000001,1.2,325,0,150850
2023-12-27T00:00:00+00:00,1.22,1.25,1.16,1.19,223,0,93503
2023-12-28T00:00:00+00:00,1.2,1.25,1.18,1.24,268,0,91704
2023-12-29T00:00:00+00:00,1.23,1.25,1.15,1.16,305,0,140580
2024-01-02T00:00:00+00:00,1.19,1.22,1.16,1.18,179,0,62409
2024-01-03T00:00:00+00:00,2.17,2.45,1.75,1.94,131139,0,57186050
2024-01-04T00:00:00+00:00,1.85,1.85,1.41,1.43,7490,0,3611318
2024-01-05T00:00:00+00:00,1.38,1.53,1.35,1.38,2607,0,1030577
2024-01-08T00:00:00+00:00,1.38,1.54,1.37,1.49,2149,0,1113205
2024-01-09T00:00:00+00:00,1.44,1.5899999999999999,1.44,1.58,1112,0,661556
2024-01-10T00:00:00+00:00,1.5699999999999998,1.58,1.51,1.56,829,0,401550
2024-01-11T00:00:00+00:00,1.51,1.55,1.42,1.46,882,0,364569
2024-01-12T00:00:00+00:00,1.46,1.52,1.41,1.44,480,0,280912
2024-01-16T00:00:00+00:00,1.4,1.4,1.28,1.32,854,0,392472
2024-01-17T00:00:00+00:00,1.31,1.32,1.27,1.28,417,0,259647
2024-01-18T00:00:00+00:00,1.26,1.29,1.21,1.24,351,0,150907
2024-01-19T00:00:00+00:00,1.2,1.26,1.2,1.24,358,0,157088
2024-01-22T00:00:00+00:00,1.25,1.27,1.21,1.26,421,0,140339
2024-01-23T00:00:00+00:00,1.23,1.33,1.23,1.32,282,0,128587
2024-01-24T00:00:00+00:00,1.3,1.3,1.2,1.23,1035,0,290011
2024-01-25T00:00:00+00:00,1.26,1.3,1.22,1.25,688,0,294051
2024-01-26T00:00:00+00:00,1.27,1.3,1.26,1.3,342,0,138163
2024-01-29T00:00:00+00:00,1.28,1.4,1.24,1.37,718,0,267227
2024-01-30T00:00:00+00:00,1.3599999999999999,1.48,1.34,1.46,983,0,406278
2024-01-31T00:00:00+00:00,1.47,1.55,1.42,1.51,1789,0,578308
2024-02-01T00:00:00+00:00,1.48,1.53,1.41,1.49,1541,0,376874
2024-02-02T00:00:00+00:00,1.46,1.52,1.45,1.49,464,0,125765
2024-02-05T00:00:00+00:00,1.48,1.5,1.4,1.4,474,0,139314
2024-02-06T00:00:00+00:00,1.45,1.45,1.35,1.3900000000000001,214,0,63896
2024-02-07T00:00:00+00:00,1.4,1.41,1.3599999999999999,1.38,187,0,50444
2024-02-08T00:00:00+00:00,1.44,1.44,1.27,1.31,423,0,175924
2024-02-09T00:00:00+00:00,1.31,1.32,1.26,1.32,109,0,74833
2024-02-12T00:00:00+00:00,1.31,1.3599999999999999,1.26,1.3599999999999999,303,0,188910
2024-02-13T00:00:00+00:00,1.33,1.35,1.3,1.3,203,0,47192
2024-02-14T00:00:00+00:00,1.32,1.33,1.25,1.26,250,0,85463
2024-02-15T00:00:00+00:00,1.3,1.32,1.23,1.25,270,0,111099
2024-02-16T00:00:00+00:00,1.27,1.29,1.25,1.27,235,0,122467
2024-02-20T00:00:00+00:00,1.25,1.28,1.19,1.2,246,0,118507
2024-02-21T00:00:00+00:00,1.2,1.22,1.15,1.19,170,0,110230
2024-02-22T00:00:00+00:00,1.24,1.24,1.17,1.19,68,0,29711
2024-02-23T00:00:00+00:00,1.21,1.25,1.15,1.22,144,0,56225
2024-02-26T00:00:00+00:00,1.18,1.25,1.18,1.25,187,0,66235
2024-02-27T00:00:00+00:00,1.24,1.25,1.22,1.22,144,0,43900
2024-02-28T00:00:00+00:00,1.24,1.24,1.21,1.23,173,0,84395
2024-02-29T00:00:00+00:00,1.22,1.23,1.18,1.2,183,0,81439
2024-03-01T00:00:00+00:00,1.21,1.21,1.15,1.2,207,0,101766
2024-03-04T00:00:00+00:00,1.24,1.27,1.19,1.24,283,0,108011
2024-03-05T00:00:00+00:00,1.25,1.25,1.2,1.21,139,0,46541
2024-03-06T00:00:00+00:00,1.2,1.25,1.2,1.24,182,0,68028
2024-03-07T00:00:00+00:00,1.24,1.25,1.21,1.25,79,0,20164
2024-03-08T00:00:00+00:00,1.25,1.29,1.24,1.27,137,0,35537
2024-03-11T00:00:00+00:00,1.25,1.26,1.22,1.26,112,0,44567
2024-03-12T00:00:00+00:00,1.25,1.26,1.22,1.26,76,0,44457
2024-03-13T00:00:00+00:00,1.23,1.25,1.21,1.21,72,0,36805
2024-03-14T00:00:00+00:00,1.21,1.23,1.2,1.2,84,0,30368
2024-03-15T00:00:00+00:00,1.19,1.22,1.18,1.22,162,0,38213
2024-03-18T00:00:00+00:00,1.16,1.18,1.16,1.16,59,0,19244
2024-03-19T00:00:00+00:00,1.15,1.16,1.1,1.12,187,0,62166
2024-03-20T00:00:00+00:00,1.07,1.12,1.06,1.12,221,0,76559
2024-03-21T00:00:00+00:00,1.07,1.09,1.05,1.07,126,0,38872
2024-03-22T00:00:00+00:00,1.06,1.09,1.06,1.06,74,0,18192
2024-03-25T00:00:00+00:00,1.05,1.05,1.03,1.04,147,0,47721
2024-03-26T00:00:00+00:00,1.18,1.34,1.15,1.34,10783,0,4778808
2024-03-27T00:00:00+00:00,1.23,1.25,1.18,1.22,1688,0,536844
2024-03-28T00:00:00+00:00,1.19,1.32,1.19,1.29,1512,0,368432
2024-04-01T00:00:00+00:00,1.27,1.41,1.27,1.3900000000000001,1561,0,486598
2024-04-02T00:00:00+00:00,1.35,1.35,1.25,1.26,255,0,140075
2024-04-03T00:00:00+00:00,1.26,1.3,1.24,1.26,226,0,95404
2024-04-04T00:00:00+00:00,1.29,1.31,1.25,1.29,261,0,75642
2024-04-05T00:00:00+00:00,1.26,1.3,1.25,1.27,138,0,53519
2024-04-08T00:00:00+00:00,1.3,1.31,1.25,1.25,275,0,130012
2024-04-09T00:00:00+00:00,1.23,1.28,1.17,1.18,659,0,212476
2024-04-10T00:00:00+00:00,1.31,1.31,1.05,1.13,2517,0,1367833
2024-04-11T00:00:00+00:00,1.11,1.17,1.1,1.16,339,0,173671
2024-04-12T00:00:00+00:00,1.13,1.13,1.08,1.08,301,0,142227
2024-04-15T00:00:00+00:00,1.1,1.11,1.05,1.07,387,0,172677
2024-04-16T00:00:00+00:00,1.08,1.13,1.05,1.13,193,0,50145
2024-04-17T00:00:00+00:00,1.15,1.19,1.0,1.03,1199,0,481161
2024-04-18T00:00:00+00:00,1.08,1.08,0.94,1.05,353,0,178203
2024-04-19T00:00:00+00:00,1.0,1.02,0.97,1.0,196,0,117629
2024-04-22T00:00:00+00:00,0.98,1.04,0.94,1.04,315,0,266894
2024-04-23T00:00:00+00:00,1.02,1.37,1.0,1.35,9248,0,6265174
2024-04-24T00:00:00+00:00,1.46,1.5,1.28,1.47,7174,0,3973762
2024-04-25T00:00:00+00:00,1.46,1.73,1.3599999999999999,1.5899999999999999,7360,0,4083576
2024-04-26T00:00:00+00:00,1.49,1.58,1.4,1.44,3256,0,1539512
2024-04-29T00:00:00+00:00,1.38,1.45,1.3,1.3900000000000001,2676,0,1415378
2024-04-30T00:00:00+00:00,1.37,1.41,1.26,1.26,1111,0,476850
2024-05-01T00:00:00+00:00,1.2,1.23,1.05,1.12,1499,0,721064
2024-05-02T00:00:00+00:00,1.13,1.17,1.1,1.13,486,0,228123
2024-05-03T00:00:00+00:00,1.11,1.16,1.07,1.08,649,0,317582
2024-05-06T00:00:00+00:00,1.08,1.1,1.03,1.09,877,0,544528
2024-05-07T00:00:00+00:00,1.06,1.08,1.03,1.06,339,0,191921
2024-05-08T00:00:00+00:00,1.06,1.1400000000000001,1.04,1.12,545,0,327910
2024-05-09T00:00:00+00:00,1.12,1.24,1.06,1.1,1761,0,1079393
2024-05-10T00:00:00+00:00,1.08,1.09,1.05,1.06,261,0,155167
2024-05-13T00:00:00+00:00,1.06,1.1400000000000001,1.06,1.08,322,0,145141
2024-05-14T00:00:00+00:00,1.07,1.09,1.05,1.09,283,0,161926
2024-05-15T00:00:00+00:00,1.08,1.12,1.06,1.09,427,0,273524
2024-05-16T00:00:00+00:00,1.07,1.1,1.05,1.06,247,0,108089
2024-05-17T00:00:00+00:00,1.06,1.09,1.06,1.08,133,0,78525
2024-05-20T00:00:00+00:00,1.07,1.09,1.06,1.09,130,0,55295
2024-05-21T00:00:00+00:00,1.08,1.11,1.07,1.09,211,0,80778
2024-05-22T00:00:00+00:00,1.08,1.09,1.06,1.07,229,0,145628
2024-05-23T00:00:00+00:00,1.06,1.09,1.0,1.03,475,0,273042
2024-05-24T00:00:00+00:00,1.0,1.02,0.91,0.94,474,0,305637
2024-05-28T00:00:00+00:00,0.98,0.98,0.91,0.93,154,0,63323
2024-05-29T00:00:00+00:00,0.94,0.94,0.87,0.89,253,0,98911
2024-05-30T00:00:00+00:00,0.89,0.9,0.85,0.86,119,0,58670
2024-05-31T00:00:00+00:00,0.83,0.85,0.78,0.79,347,0,124035
2024-06-03T00:00:00+00:00,0.77,0.78,0.75,0.77,296,0,131822
2024-06-04T00:00:00+00:00,0.77,0.81,0.77,0.78,151,0,55639
2024-06-05T00:00:00+00:00,0.77,0.78,0.75,0.78,278,0,100610
2024-06-06T00:00:00+00:00,0.77,0.79,0.75,0.79,218,0,57806
2024-06-07T00:00:00+00:00,0.79,0.8,0.75,0.78,306,0,119669
2024-06-10T00:00:00+00:00,0.76,0.8,0.75,0.8,316,0,66274
2024-06-11T00:00:00+00:00,0.78,0.85,0.76,0.85,345,0,120913
2024-06-12T00:00:00+00:00,0.85,0.87,0.85,0.85,210,0,79935
2024-06-13T00:00:00+00:00,0.86,0.86,0.82,0.83,269,0,58940
2024-06-14T00:00:00+00:00,0.83,0.87,0.83,0.86,116,0,61019
2024-06-17T00:00:00+00:00,0.83,0.84,0.77,0.79,377,0,101987
2024-06-18T00:00:00+00:00,0.79,0.8,0.71,0.71,336,0,134943
2024-06-20T00:00:00+00:00,0.73,0.74,0.7,0.72,287,0,75668
2024-06-21T00:00:00+00:00,0.71,0.73,0.71,0.71,257,0,67853
2024-06-24T00:00:00+00:00,0.73,0.76,0.71,0.75,73,0,17893
2024-06-25T00:00:00+00:00,0.75,0.76,0.71,0.74,149,0,71047
2024-06-26T00:00:00+00:00,0.74,0.76,0.73,0.74,134,0,38659
2024-06-27T00:00:00+00:00,0.73,0.75,0.72,0.73,136,0,35034
2024-06-28T00:00:00+00:00,0.75,0.78,0.75,0.77,138,0,89414
2024-07-01T00:00:00+00:00,0.77,0.83,0.77,0.82,182,0,111721
2024-07-02T00:00:00+00:00,0.8,0.8,0.74,0.77,111,0,56815
2024-07-03T00:00:00+00:00,0.71,0.75,0.71,0.73,63,0,22756
2024-07-05T00:00:00+00:00,0.73,0.75,0.73,0.75,31,0,17600
2024-07-08T00:00:00+00:00,0.75,0.78,0.74,0.75,59,0,22943
2024-07-09T00:00:00+00:00,0.78,0.78,0.74,0.76,26,0,20329
2024-07-10T00:00:00+00:00,0.78,0.79,0.76,0.78,70,0,43307
2024-07-11T00:00:00+00:00,0.78,0.83,0.78,0.82,179,0,60677
2024-07-12T00:00:00+00:00,0.8,0.82,0.79,0.8,42,0,29770
2024-07-15T00:00:00+00:00,0.8,0.82,0.78,0.79,77,0,31131
2024-07-16T00:00:00+00:00,0.79,0.8,0.78,0.79,47,0,9590
2024-07-17T00:00:00+00:00,0.8,0.97,0.8,0.92,887,0,501057
2024-07-18T00:00:00+00:00,0.87,0.93,0.85,0.89,421,0,100144
2024-07-19T00:00:00+00:00,0.89,0.89,0.82,0.83,125,0,76830
2024-07-22T00:00:00+00:00,0.81,0.86,0.81,0.85,100,0,69292
2024-07-23T00:00:00+00:00,0.83,0.85,0.79,0.79,194,0,111907
2024-07-24T00:00:00+00:00,0.8,0.8,0.73,0.73,141,0,48544
2024-07-25T00:00:00+00:00,0.74,0.76,0.72,0.72,134,0,65576
2024-07-26T00:00:00+00:00,0.73,0.75,0.71,0.75,233,0,78379
2024-07-29T00:00:00+00:00,0.74,0.75,0.7,0.72,200,0,80572
2024-07-30T00:00:00+00:00,0.72,0.75,0.72,0.74,181,0,145866
2024-07-31T00:00:00+00:00,0.74,0.78,0.74,0.78,183,0,79873
2024-08-01T00:00:00+00:00,0.77,0.78,0.73,0.76,90,0,18086
2024-08-02T00:00:00+00:00,0.75,0.75,0.72,0.72,35,0,33823
2024-08-05T00:00:00+00:00,0.69,0.72,0.6,0.69,209,0,85368
2024-08-06T00:00:00+00:00,0.68,0.71,0.65,0.69,56,0,10128
2024-08-07T00:00:00+00:00,0.69,0.69,0.66,0.67,39,0,11727
2024-08-08T00:00:00+00:00,0.67,0.71,0.67,0.7,63,0,11331
2024-08-09T00:00:00+00:00,0.7,0.71,0.68,0.69,104,0,26889
2024-08-12T00:00:00+00:00,0.7,0.7,0.68,0.69,35,0,19770
2024-08-13T00:00:00+00:00,0.69,0.71,0.67,0.71,53,0,27297
2024-08-14T00:00:00+00:00,0.7,0.76,0.68,0.75,148,0,47729
2024-08-15T00:00:00+00:00,0.77,0.79,0.7,0.73,252,0,99748
2024-08-16T00:00:00+00:00,0.74,0.74,0.66,0.68,135,0,76072
2024-08-19T00:00:00+00:00,0.66,0.71,0.66,0.7,62,0,48034
2024-08-20T00:00:00+00:00,0.7,0.73,0.7,0.73,73,0,15476
2024-08-21T00:00:00+00:00,0.71,0.74,0.71,0.74,59,0,19735
2024-08-22T00:00:00+00:00,0.72,0.72,0.71,0.71,35,0,15588
2024-08-23T00:00:00+00:00,0.71,0.75,0.71,0.72,25,0,28899
2024-08-26T00:00:00+00:00,0.72,0.74,0.7,0.71,62,0,46382
2024-08-27T00:00:00+00:00,0.71,0.72,0.7,0.71,39,0,12546
2024-08-28T00:00:00+00:00,0.69,0.72,0.69,0.69,37,0,10649
2024-08-29T00:00:00+00:00,0.7,0.7,0.68,0.68,23,0,14343
2024-08-30T00:00:00+00:00,0.67,0.69,0.66,0.68,24,0,21140
2024-09-03T00:00:00+00:00,0.69,0.69,0.65,0.66,69,0,43377
2024-09-04T00:00:00+00:00,0.66,0.67,0.65,0.66,25,0,20259
2024-09-05T00:00:00+00:00,0.67,0.67,0.65,0.66,37,0,16324
2024-09-06T00:00:00+00:00,0.65,0.66,0.64,0.65,37,0,25440
2024-09-09T00:00:00+00:00,0.66,0.67,0.63,0.64,48,0,15377
2024-09-10T00:00:00+00:00,0.64,0.67,0.64,0.67,24,0,9980
2024-09-11T00:00:00+00:00,0.67,0.71,0.67,0.69,81,0,24441
2024-09-12T00:00:00+00:00,0.7,0.71,0.69,0.69,22,0,9912
2024-09-13T00:00:00+00:00,0.69,0.71,0.69,0.7,30,0,13967
2024-09-16T00:00:00+00:00,0.68,0.69,0.68,0.68,46,0,16777
2024-09-17T00:00:00+00:00,0.67,0.68,0.65,0.67,41,0,14399
2024-09-18T00:00:00+00:00,0.66,0.68,0.66,0.67,50,0,27933
2024-09-19T00:00:00+00:00,0.66,0.67,0.65,0.66,33,0,16025
2024-09-20T00:00:00+00:00,0.68,0.69,0.66,0.69,48,0,23802
2024-09-23T00:00:00+00:00,0.69,0.7,0.67,0.7,40,0,33798
2024-09-24T00:00:00+00:00,0.68,0.69,0.67,0.67,37,0,37725
2024-09-25T00:00:00+00:00,0.67,0.69,0.66,0.68,65,0,22881
2024-09-26T00:00:00+00:00,0.67,0.68,0.65,0.66,75,0,43467
2024-09-27T00:00:00+00:00,0.66,0.69,0.63,0.68,119,0,55800
2024-09-30T00:00:00+00:00,0.69,0.69,0.65,0.67,55,0,29820
2024-10-01T00:00:00+00:00,0.69,0.69,0.63,0.65,155,0,35305
2024-10-02T00:00:00+00:00,0.64,0.64,0.61,0.61,115,0,37055
2024-10-03T00:00:00+00:00,0.62,0.67,0.6,0.64,65,0,27663
2024-10-04T00:00:00+00:00,0.66,0.66,0.61,0.62,134,0,47858
2024-10-07T00:00:00+00:00,0.64,0.64,0.56,0.56,263,0,119040
2024-10-08T00:00:00+00:00,0.53,0.59,0.53,0.58,53,0,30212
2024-10-09T00:00:00+00:00,0.59,0.59,0.52,0.54,161,0,41492
2024-10-10T00:00:00+00:00,0.55,0.56,0.41,0.47,466,0,266225
2024-10-11T00:00:00+00:00,0.5,0.5,0.47,0.48,58,0,51742
2024-10-14T00:00:00+00:00,0.49,0.52,0.48,0.5,181,0,86667
2024-10-15T00:00:00+00:00,0.53,0.71,0.52,0.58,2299,0,1516924
2024-10-16T00:00:00+00:00,0.54,0.57,0.53,0.55,113,0,85879
2024-10-17T00:00:00+00:00,0.52,0.56,0.52,0.53,81,0,45156
2024-10-18T00:00:00+00:00,0.55,0.55,0.53,0.54,68,0,52013
2024-10-21T00:00:00+00:00,0.56,0.56,0.53,0.54,47,0,29390
2024-10-22T00:00:00+00:00,0.54,0.58,0.53,0.56,70,0,31871
2024-10-23T00:00:00+00:00,0.56,0.57,0.54,0.56,46,0,40010
2024-10-24T00:00:00+00:00,0.57,0.74,0.55,0.72,1571,0,1223674
2024-10-25T00:00:00+00:00,0.64,0.75,0.63,0.69,764,0,537738
2024-10-28T00:00:00+00:00,0.65,0.77,0.65,0.77,356,0,247224
2024-10-29T00:00:00+00:00,0.74,0.74,0.69,0.71,189,0,72130
2024-10-30T00:00:00+00:00,0.72,0.77,0.7,0.7,285,0,247937
2024-10-31T00:00:00+00:00,0.7,0.71,0.68,0.71,72,0,52862
2024-11-01T00:00:00+00:00,0.7,0.72,0.64,0.66,132,0,130154
2024-11-04T00:00:00+00:00,0.67,0.67,0.62,0.64,146,0,129368
2024-11-05T00:00:00+00:00,0.63,0.64,0.55,0.57,413,0,200090
2024-11-06T00:00:00+00:00,0.58,0.58,0.52,0.57,160,0,62153
2024-11-07T00:00:00+00:00,0.54,0.55,0.53,0.54,155,0,60475
2024-11-08T00:00:00+00:00,0.55,0.58,0.52,0.52,65,0,27566
2024-11-11T00:00:00+00:00,0.51,0.53,0.5,0.53,153,0,56749
2024-11-12T00:00:00+00:00,0.52,0.53,0.51,0.52,148,0,35076
2024-11-13T00:00:00+00:00,0.54,0.55,0.54,0.54,121,0,49198
2024-11-14T00:00:00+00:00,0.54,0.59,0.52,0.56,159,0,132425
2024-11-15T00:00:00+00:00,0.56,0.56,0.5,0.5,211,0,143662
2024-11-18T00:00:00+00:00,0.53,0.55,0.51,0.51,75,0,49861
2024-11-19T00:00:00+00:00,0.55,0.56,0.5,0.56,117,0,32448
2024-11-20T00:00:00+00:00,0.55,0.57,0.55,0.57,42,0,18585
2024-11-21T00:00:00+00:00,0.58,0.59,0.53,0.54,168,0,36846
2024-11-22T00:00:00+00:00,0.55,0.58,0.53,0.54,115,0,19510
2024-11-25T00:00:00+00:00,0.55,0.55,0.52,0.52,158,0,50744
2024-11-26T00:00:00+00:00,0.53,0.54,0.5,0.5,136,0,91422
2024-11-27T00:00:00+00:00,0.51,0.54,0.51,0.51,183,0,30384
2024-11-29T00:00:00+00:00,0.52,0.55,0.51,0.55,53,0,37833
2024-12-02T00:00:00+00:00,0.53,0.55,0.51,0.53,42,0,26069
2024-12-03T00:00:00+00:00,0.53,0.55,0.53,0.54,33,0,13194
2024-12-04T00:00:00+00:00,0.54,0.55,0.53,0.54,28,0,19808
2024-12-05T00:00:00+00:00,0.53,0.55,0.53,0.54,28,0,35175
2024-12-06T00:00:00+00:00,0.54,0.54,0.5,0.5,211,0,69677
2024-12-09T00:00:00+00:00,0.51,0.52,0.48,0.5,133,0,68485
2024-12-10T00:00:00+00:00,0.5,0.5,0.47,0.48,164,0,130830
2024-12-11T00:00:00+00:00,0.43,0.52,0.42,0.5,1499,0,776609
2024-12-12T00:00:00+00:00,0.49,0.52,0.47,0.5,406,0,183144
2024-12-13T00:00:00+00:00,0.49,0.51,0.47,0.51,279,0,107264
2024-12-16T00:00:00+00:00,0.51,0.52,0.48,0.51,161,0,91286
2024-12-17T00:00:00+00:00,0.5,0.51,0.46,0.51,149,0,110547
2024-12-18T00:00:00+00:00,0.49,0.51,0.46,0.49,142,0,57799
2024-12-19T00:00:00+00:00,0.49,0.54,0.49,0.53,150,0,100784
2024-12-20T00:00:00+00:00,0.51,0.53,0.49,0.51,215,0,65831
2024-12-23T00:00:00+00:00,0.54,0.54,0.49,0.54,141,0,47482
2024-12-24T00:00:00+00:00,0.5,0.53,0.5,0.51,23,0,23523
2024-12-26T00:00:00+00:00,0.53,0.59,0.52,0.57,186,0,175453
2024-12-27T00:00:00+00:00,0.55,0.63,0.55,0.6,334,0,284662
2024-12-30T00:00:00+00:00,0.58,0.61,0.53,0.59,157,0,158835
2024-12-31T00:00:00+00:00,0.6,0.62,0.58,0.61,129,0,110605
2025-01-02T00:00:00+00:00,0.59,0.69,0.59,0.64,170,0,113919
2025-01-03T00:00:00+00:00,0.64,0.68,0.63,0.65,106,0,84892
2025-01-06T00:00:00+00:00,0.65,0.69,0.65,0.68,89,0,84622
2025-01-07T00:00:00+00:00,0.69,0.69,0.58,0.58,239,0,135850
2025-01-08T00:00:00+00:00,0.56,0.56,0.52,0.54,196,0,107941
2025-01-10T00:00:00+00:00,0.55,0.57,0.51,0.54,153,0,84404
2025-01-13T00:00:00+00:00,0.51,0.54,0.51,0.53,150,0,65683
2025-01-14T00:00:00+00:00,0.51,0.54,0.51,0.54,164,0,71614
2025-01-15T00:00:00+00:00,0.52,0.56,0.52,0.56,276,0,58845
2025-01-16T00:00:00+00:00,0.55,0.58,0.53,0.56,146,0,61575
2025-01-17T00:00:00+00:00,0.57,0.57,0.53,0.54,162,0,36369
2025-01-21T00:00:00+00:00,0.53,0.56,0.53,0.54,29,0,39265
2025-01-22T00:00:00+00:00,0.55,0.56,0.52,0.52,104,0,58467
2025-01-23T00:00:00+00:00,0.52,0.54,0.51,0.52,102,0,31293
2025-01-24T00:00:00+00:00,0.52,0.55,0.52,0.52,96,0,39793
2025-01-27T00:00:00+00:00,0.52,0.55,0.52,0.54,57,0,33171
2025-01-28T00:00:00+00:00,0.54,0.55,0.52,0.54,45,0,29576
2025-01-29T00:00:00+00:00,0.54,0.55,0.51,0.52,91,0,44807
2025-01-30T00:00:00+00:00,0.52,0.55,0.51,0.52,72,0,35888
2025-01-31T00:00:00+00:00,0.52,0.53,0.51,0.51,132,0,46061
2025-02-03T00:00:00+00:00,0.5,0.52,0.46,0.49,130,0,37290
2025-02-04T00:00:00+00:00,0.5,0.5,0.47,0.49,93,0,31266
2025-02-05T00:00:00+00:00,0.51,0.51,0.46,0.46,132,0,45325
2025-02-06T00:00:00+00:00,0.48,0.48,0.44,0.44,125,0,66935
2025-02-07T00:00:00+00:00,0.47,0.48,0.42,0.42,156,0,68582
2025-02-10T00:00:00+00:00,0.44,0.45,0.4,0.43,244,0,89041
2025-02-11T00:00:00+00:00,0.42,0.44,0.41,0.43,55,0,28983
2025-02-12T00:00:00+00:00,0.42,0.44,0.41,0.42,121,0,29471
2025-02-13T00:00:00+00:00,0.42,0.42,0.4,0.41,205,0,84488
2025-02-14T00:00:00+00:00,0.42,0.46,0.41,0.46,315,0,190884
2025-02-18T00:00:00+00:00,0.47,0.88,0.47,0.56,19514,0,16190072
2025-02-19T00:00:00+00:00,0.51,0.61,0.51,0.58,797,0,752216
2025-02-20T00:00:00+00:00,0.56,0.65,0.55,0.59,499,0,467013
2025-02-21T00:00:00+00:00,0.59,0.71,0.59,0.7,1517,0,997130
2025-02-24T00:00:00+00:00,0.68,0.82,0.68,0.76,1477,0,1123317
2025-02-25T00:00:00+00:00,0.71,0.74,0.68,0.71,280,0,159051
2025-02-26T00:00:00+00:00,0.72,0.84,0.71,0.8,711,0,388817
2025-02-27T00:00:00+00:00,0.79,0.82,0.77,0.78,270,0,123191
2025-02-28T00:00:00+00:00,0.76,0.78,0.67,0.69,382,0,269241
2025-03-03T00:00:00+00:00,0.7,0.72,0.69,0.7,143,0,81682
2025-03-04T00:00:00+00:00,0.69,0.72,0.63,0.63,183,0,63452
2025-03-05T00:00:00+00:00,0.66,0.67,0.63,0.66,187,0,78433
2025-03-06T00:00:00+00:00,0.65,0.66,0.62,0.64,494,0,252292
2025-03-07T00:00:00+00:00,0.65,0.66,0.62,0.63,418,0,150697
2025-03-10T00:00:00+00:00,0.63,0.64,0.62,0.62,331,0,118387
2025-03-11T00:00:00+00:00,0.63,0.66,0.63,0.66,409,0,112102
2025-03-12T00:00:00+00:00,0.66,0.7,0.65,0.69,138,0,70664
2025-03-13T00:00:00+00:00,0.67,0.73,0.65,0.67,251,0,117764
2025-03-14T00:00:00+00:00,0.66,0.68,0.61,0.66,185,0,64584
2025-03-17T00:00:00+00:00,0.64,0.66,0.63,0.66,144,0,42355
2025-03-18T00:00:00+00:00,0.7,0.7,0.65,0.67,102,0,43463
2025-03-19T00:00:00+00:00,0.65,0.68,0.65,0.66,78,0,15665
2025-03-20T00:00:00+00:00,0.67,0.67,0.66,0.67,43,0,12758
2025-03-21T00:00:00+00:00,0.65,0.68,0.65,0.68,62,0,16270
2025-03-24T00:00:00+00:00,0.69,0.73,0.69,0.71,104,0,111342
2025-03-25T00:00:00+00:00,0.7,0.72,0.69,0.69,45,0,42205
2025-03-26T00:00:00+00:00,0.72,0.72,0.69,0.72,92,0,41056
2025-03-27T00:00:00+00:00,0.73,0.82,0.72,0.78,144,0,116409
2025-03-28T00:00:00+00:00,0.81,0.87,0.81,0.85,121,0,126262
2025-03-31T00:00:00+00:00,0.87,1.1,0.85,1.06,1244,0,722186
2025-04-01T00:00:00+00:00,1.11,1.4,1.11,1.31,2197,0,1615909
2025-04-02T00:00:00+00:00,1.19,1.3900000000000001,1.1,1.11,799,0,524594
2025-04-03T00:00:00+00:00,1.11,1.17,0.9,0.92,677,0,429756
2025-04-04T00:00:00+00:00,0.91,0.91,0.74,0.74,396,0,175947
2025-04-07T00:00:00+00:00,0.74,1.34,0.73,0.84,6742,0,4411527
2025-04-08T00:00:00+00:00,0.8,1.01,0.8,0.89,858,0,480665
2025-04-09T00:00:00+00:00,0.89,1.09,0.85,0.97,613,0,309892
2025-04-10T00:00:00+00:00,0.99,1.09,0.99,1.06,749,0,380177
2025-04-11T00:00:00+00:00,1.05,1.09,0.9,0.91,646,0,357242
2025-04-14T00:00:00+00:00,0.94,0.99,0.9,0.92,352,0,140083
2025-04-15T00:00:00+00:00,0.91,0.93,0.87,0.9,306,0,105136
2025-04-16T00:00:00+00:00,0.91,1.0,0.88,0.92,351,0,219400
2025-04-17T00:00:00+00:00,0.97,0.97,0.85,0.85,249,0,149223
2025-04-21T00:00:00+00:00,0.85,0.9,0.82,0.86,248,0,121079
2025-04-22T00:00:00+00:00,0.86,0.89,0.82,0.82,276,0,126094
2025-04-23T00:00:00+00:00,0.82,0.87,0.81,0.87,177,0,86044
2025-04-24T00:00:00+00:00,0.86,0.94,0.85,0.92,176,0,103328
2025-04-25T00:00:00+00:00,0.9,1.01,0.88,0.97,379,0,177124
2025-04-28T00:00:00+00:00,0.99,1.06,0.92,0.98,615,0,211609
2025-04-29T00:00:00+00:00,0.98,1.06,0.98,1.02,354,0,116845
2025-04-30T00:00:00+00:00,1.04,1.06,1.0,1.04,432,0,158324
2025-05-01T00:00:00+00:00,1.03,1.06,1.01,1.04,296,0,81326
2025-05-02T00:00:00+00:00,1.06,1.07,1.04,1.06,214,0,54423
2025-05-05T00:00:00+00:00,1.01,1.16,1.01,1.15,503,0,150198
2025-05-06T00:00:00+00:00,1.1400000000000001,1.18,1.12,1.15,127,0,87965
2025-05-07T00:00:00+00:00,1.15,1.3,1.15,1.28,497,0,254884
2025-05-08T00:00:00+00:00,1.28,1.3599999999999999,1.25,1.33,693,0,280702
2025-05-09T00:00:00+00:00,1.33,1.35,1.18,1.22,414,0,260984
2025-05-12T00:00:00+00:00,1.3,1.42,1.3,1.35,631,0,310985
2025-05-13T00:00:00+00:00,1.3900000000000001,1.6800000000000002,1.3900000000000001,1.67,1062,0,600883
2025-05-14T00:00:00+00:00,1.7,1.79,1.41,1.47,992,0,512335
2025-05-15T00:00:00+00:00,1.46,1.48,1.1400000000000001,1.23,532,0,366394
2025-05-16T00:00:00+00:00,1.27,1.5,1.27,1.48,591,0,395426
2025-05-20T00:00:00+00:00,1.4,1.41,1.3,1.37,206,1,138614
2025-05-22T00:00:00+00:00,1.18,1.22,1.1400000000000001,1.21,328,1,115004
2025-05-23T00:00:00+00:00,1.2,1.21,1.11,1.15,228,1,113313
2025-05-27T00:00:00+00:00,1.19,1.3900000000000001,1.19,1.3599999999999999,491,1,229723
2025-05-28T00:00:00+00:00,1.3900000000000001,1.41,1.3,1.37,314,1,132338
2025-05-29T00:00:00+00:00,1.38,1.43,1.34,1.4,241,1,88477
2025-05-30T00:00:00+00:00,1.3900000000000001,1.4,1.33,1.37,232,1,71148
2025-06-02T00:00:00+00:00,1.38,1.6099999999999999,1.38,1.54,774,1,409092
2025-06-03T00:00:00+00:00,1.62,1.81,1.62,1.65,849,1,376357
2025-06-04T00:00:00+00:00,1.69,1.73,1.55,1.58,392,1,178109
2025-06-05T00:00:00+00:00,1.5699999999999998,1.6099999999999999,1.42,1.5,461,1,253611
2025-06-06T00:00:00+00:00,1.55,1.65,1.48,1.54,501,1,230132
2025-06-09T00:00:00+00:00,1.5899999999999999,1.65,1.55,1.62,373,1,185974
2025-06-10T00:00:00+00:00,1.6400000000000001,1.6800000000000002,1.6,1.6600000000000001,439,1,146641
2025-06-11T00:00:00+00:00,1.6400000000000001,1.7,1.6,1.6400000000000001,163,1,54628
2025-06-12T00:00:00+00:00,1.67,1.85,1.58,1.85,590,1,248757
2025-06-13T00:00:00+00:00,1.8,1.85,1.74,1.77,453,1,176659
2025-06-16T00:00:00+00:00,1.8199999999999998,1.98,1.78,1.95,551,1,293361
2025-06-17T00:00:00+00:00,1.92,2.25,1.92,2.0,1026,1,430009
2025-06-18T00:00:00+00:00,2.03,2.06,1.8900000000000001,1.94,371,1,155255
2025-06-20T00:00:00+00:00,1.94,1.97,1.8399999999999999,1.8399999999999999,333,1,183584
2025-06-23T00:00:00+00:00,1.85,2.04,1.85,1.96,346,1,149281
2025-06-24T00:00:00+00:00,1.98,2.07,1.96,2.06,308,1,140472
2025-06-25T00:00:00+00:00,2.12,2.29,2.12,2.12,463,1,240037
2025-06-26T00:00:00+00:00,2.15,2.25,2.14,2.19,531,1,197747
2025-06-27T00:00:00+00:00,2.23,2.6,2.2,2.59,1178,1,540256
2025-06-30T00:00:00+00:00,2.65,2.7,2.16,2.23,1325,1,609304
2025-07-01T00:00:00+00:00,2.27,2.45,2.27,2.42,664,1,353061
2025-07-02T00:00:00+00:00,2.44,3.1,2.38,3.1,1824,1,768386
2025-07-03T00:00:00+00:00,3.08,3.12,2.8,3.11,966,1,460168
2025-07-07T00:00:00+00:00,3.11,4.0,3.04,3.99,2425,1,773347
2025-07-08T00:00:00+00:00,4.1,5.48,4.07,4.74,3649,1,1438909
2025-07-09T00:00:00+00:00,4.75,4.78,4.11,4.68,1381,0,524573
2025-07-10T00:00:00+00:00,4.6,4.95,3.2800000000000002,3.35,2373,1,919393
2025-07-11T00:00:00+00:00,3.5,4.17,3.46,3.9699999999999998,2118,1,778499
2025-07-14T00:00:00+00:00,4.02,4.02,3.38,3.51,1106,1,459288
2025-07-15T00:00:00+00:00,3.55,3.7199999999999998,3.2800000000000002,3.57,664,1,264035
2025-07-16T00:00:00+00:00,3.55,3.91,3.48,3.52,998,1,252188
2025-07-17T00:00:00+00:00,3.52,3.61,3.3,3.58,792,1,276033
2025-07-18T00:00:00+00:00,3.59,3.6,3.35,3.35,283,1,84467
2025-07-21T00:00:00+00:00,3.39,3.6,3.35,3.52,479,1,160947
2025-07-22T00:00:00+00:00,3.46,3.46,2.95,3.01,1166,1,386770
2025-07-23T00:00:00+00:00,2.95,3.11,2.91,3.07,416,1,138355
2025-07-24T00:00:00+00:00,3.09,3.39,3.09,3.25,384,1,141103
2025-07-25T00:00:00+00:00,3.25,3.3,2.96,3.01,405,1,157876
2025-07-28T00:00:00+00:00,3.0,3.06,2.9,3.02,228,1,75094
2025-07-29T00:00:00+00:00,2.98,3.18,2.96,2.98,259,1,98804
2025-07-30T00:00:00+00:00,2.9699999999999998,2.98,2.83,2.88,255,1,56822
2025-07-31T00:00:00+00:00,2.88,2.9,2.4,2.4,703,1,272461
2025-08-01T00:00:00+00:00,2.39,2.77,2.39,2.75,561,1,203079
2025-08-13T00:00:00+00:00,2.95,3.04,2.91,2.9699999999999998,204,1,41312
2025-08-14T00:00:00+00:00,3.0,3.1,2.9,3.04,179,1,41620
2025-08-15T00:00:00+00:00,3.04,3.38,3.04,3.3,408,1,148509
2025-08-18T00:00:00+00:00,3.25,3.34,3.12,3.13,225,1,85079
2025-08-19T00:00:00+00:00,3.13,3.13,2.85,2.85,368,1,137756
2025-08-20T00:00:00+00:00,2.87,3.1,2.87,3.09,158,1,72537
2025-08-21T00:00:00+00:00,3.1,3.13,3.0,3.04,95,1,25855
2025-08-22T00:00:00+00:00,3.07,3.35,3.07,3.21,197,1,63474
2025-08-25T00:00:00+00:00,3.31,3.31,2.93,2.93,212,1,64861
2025-08-26T00:00:00+00:00,2.95,3.02,2.92,2.98,116,1,39304
2025-08-27T00:00:00+00:00,2.98,3.07,2.98,2.98,108,1,28791
2025-08-28T00:00:00+00:00,3.0,3.14,3.0,3.08,120,1,48262
2025-08-29T00:00:00+00:00,3.13,3.13,2.7800000000000002,2.83,173,1,61942
2025-09-02T00:00:00+00:00,2.83,2.84,2.64,2.73,199,1,83848
2025-09-03T00:00:00+00:00,2.76,2.84,2.68,2.71,116,1,39581
2025-09-04T00:00:00+00:00,2.71,2.73,2.51,2.7199999999999998,164,1,72085
2025-09-05T00:00:00+00:00,2.7,2.7199999999999998,2.55,2.65,109,2,36626
2025-09-08T00:00:00+00:00,2.7,2.75,2.63,2.7199999999999998,86,1,26787
2025-09-09T00:00:00+00:00,2.7199999999999998,2.75,2.67,2.75,131,1,26292
2025-09-10T00:00:00+00:00,2.7,2.75,2.64,2.68,177,1,32865
2025-09-11T00:00:00+00:00,2.69,2.8,2.68,2.77,120,1,44261
2025-09-12T00:00:00+00:00,2.7199999999999998,2.86,2.7199999999999998,2.85,58,1,29635
2025-09-15T00:00:00+00:00,2.85,2.9,2.7800000000000002,2.87,120,1,42333
2025-09-16T00:00:00+00:00,2.85,2.89,2.82,2.84,68,1,25755
2025-09-17T00:00:00+00:00,2.92,2.96,2.81,2.86,72,1,25519
2025-09-18T00:00:00+00:00,2.92,2.98,2.71,2.7199999999999998,179,1,60050
2025-09-19T00:00:00+00:00,2.81,2.87,2.73,2.84,183,1,179174
2025-09-22T00:00:00+00:00,2.84,2.88,2.74,2.87,81,1,18574
2025-09-23T00:00:00+00:00,2.9,2.9699999999999998,2.82,2.9,83,1,31288
2025-09-24T00:00:00+00:00,2.87,3.3,2.87,3.23,385,1,139384
2025-09-25T00:00:00+00:00,3.23,3.23,3.04,3.12,161,1,59662
2025-09-26T00:00:00+00:00,3.05,3.24,3.02,3.16,179,1,78275
2025-09-29T00:00:00+00:00,3.11,3.2,3.06,3.08,109,1,57994
2025-09-30T00:00:00+00:00,3.08,3.1,2.95,3.04,140,1,29410
2025-10-01T00:00:00+00:00,2.99,3.02,2.98,2.99,50,1,11040
2025-10-02T00:00:00+00:00,3.01,3.02,2.96,3.02,62,1,18441
2025-10-03T00:00:00+00:00,3.05,3.09,3.0,3.02,62,1,19052
2025-10-06T00:00:00+00:00,3.07,3.15,2.99,3.13,225,1,67824
2025-10-07T00:00:00+00:00,3.03,3.39,3.03,3.22,677,1,203829
2025-10-08T00:00:00+00:00,3.25,3.27,3.14,3.24,106,1,38826
2025-10-09T00:00:00+00:00,3.23,3.33,3.19,3.29,136,1,54412
2025-10-10T00:00:00+00:00,3.26,3.33,2.99,3.03,206,1,88926
2025-10-13T00:00:00+00:00,3.06,3.13,2.93,2.93,135,1,34454
2025-10-14T00:00:00+00:00,2.9,3.0,2.81,2.98,178,1,53809
2025-10-15T00:00:00+00:00,3.03,3.03,2.89,2.9,120,1,39584
2025-10-16T00:00:00+00:00,2.89,2.94,2.85,2.91,85,1,46485
2025-10-17T00:00:00+00:00,2.81,2.93,2.81,2.92,118,1,33702
2025-10-20T00:00:00+00:00,2.95,3.06,2.95,3.0,95,1,35603
2025-10-21T00:00:00+00:00,3.01,3.01,2.89,2.91,40,1,10263
2025-10-22T00:00:00+00:00,2.86,2.87,2.76,2.86,82,1,35502
2025-10-23T00:00:00+00:00,2.82,2.93,2.82,2.92,31,1,8836
2025-10-24T00:00:00+00:00,2.96,3.05,2.88,2.9699999999999998,160,2,71704
2025-10-27T00:00:00+00:00,3.0,3.0,2.86,2.88,86,1,28481
2025-10-28T00:00:00+00:00,2.92,2.96,2.88,2.9,50,1,18210
2025-10-29T00:00:00+00:00,2.88,2.89,2.75,2.75,110,1,55651
2025-10-30T00:00:00+00:00,2.82,2.98,2.79,2.82,61,1,33244
2025-10-31T00:00:00+00:00,2.88,2.88,2.75,2.8,52,1,23930
2025-11-03T00:00:00+00:00,2.8,3.02,2.8,2.96,163,1,70248
2025-11-04T00:00:00+00:00,2.96,3.03,2.8,2.82,102,1,46586
2025-11-05T00:00:00+00:00,2.99,2.99,2.8,2.89,62,1,33523
2025-11-06T00:00:00+00:00,2.85,2.9,2.79,2.84,82,1,42995
2025-11-07T00:00:00+00:00,2.84,2.93,2.77,2.91,64,1,34579
2025-11-10T00:00:00+00:00,2.88,2.95,2.81,2.85,129,1,27903
2025-11-11T00:00:00+00:00,2.85,2.91,2.85,2.89,45,1,25828
2025-11-12T00:00:00+00:00,2.9,3.0,2.88,2.99,200,1,41992
2025-11-13T00:00:00+00:00,2.96,3.0,2.77,2.8,104,1,60487
2025-11-14T00:00:00+00:00,2.8,3.02,2.8,2.92,167,1,38991
2025-11-17T00:00:00+00:00,2.92,3.03,2.85,2.9,76,2,35493
2025-11-18T00:00:00+00:00,2.7800000000000002,2.96,2.7800000000000002,2.92,96,1,52054
2025-11-19T00:00:00+00:00,2.92,2.92,2.66,2.7199999999999998,104,1,33637
2025-11-20T00:00:00+00:00,2.77,2.89,2.63,2.66,142,1,38968
2025-11-21T00:00:00+00:00,2.71,2.76,2.63,2.69,116,1,35131
2025-11-24T00:00:00+00:00,2.65,2.7,2.49,2.5300000000000002,117,1,54152
2025-11-25T00:00:00+00:00,2.5300000000000002,2.58,2.45,2.57,80,1,31441
2025-11-26T00:00:00+00:00,2.58,2.75,2.57,2.67,117,1,39561
2025-11-28T00:00:00+00:00,2.73,2.87,2.67,2.71,60,1,18434
2025-12-01T00:00:00+00:00,2.7,2.7,2.61,2.63,70,1,17871
2025-12-02T00:00:00+00:00,2.61,2.62,2.5300000000000002,2.55,61,1,21635
2025-12-03T00:00:00+00:00,2.55,2.61,2.49,2.57,94,1,19057
2025-12-04T00:00:00+00:00,2.59,2.59,2.5300000000000002,2.5300000000000002,51,1,36257
2025-12-05T00:00:00+00:00,2.5300000000000002,2.58,2.32,2.39,161,1,73048
2025-12-08T00:00:00+00:00,2.4,2.5,2.06,2.12,256,1,109299
2025-12-09T00:00:00+00:00,2.1,2.29,2.08,2.23,212,1,67385
2025-12-10T00:00:00+00:00,2.2,2.2800000000000002,2.19,2.23,230,1,54683
2025-12-11T00:00:00+00:00,2.26,2.3,2.24,2.25,158,1,50412
2025-12-12T00:00:00+00:00,2.25,2.26,2.09,2.11,215,1,77930
2025-12-15T00:00:00+00:00,2.11,2.23,2.03,2.07,108,1,34594
2025-12-16T00:00:00+00:00,2.03,2.13,1.97,2.06,137,1,56756
2025-12-17T00:00:00+00:00,2.06,2.09,2.0,2.03,76,1,26568
2025-12-18T00:00:00+00:00,2.06,2.09,2.04,2.06,93,1,40528
2025-12-19T00:00:00+00:00,2.06,2.27,2.05,2.19,235,1,87140
2025-12-22T00:00:00+00:00,2.23,2.4699999999999998,2.23,2.35,201,1,68209
2025-12-23T00:00:00+00:00,2.44,2.44,2.26,2.26,149,1,51019
2025-12-24T00:00:00+00:00,2.3,2.36,2.25,2.33,82,1,18689
2025-12-26T00:00:00+00:00,2.37,2.5300000000000002,2.33,2.43,176,1,66626
2025-12-29T00:00:00+00:00,2.43,2.48,2.3,2.31,144,1,46583
2025-12-30T00:00:00+00:00,2.31,2.36,2.15,2.15,159,1,39176
2025-12-31T00:00:00+00:00,2.15,2.24,2.05,2.13,178,1,59789
2026-01-02T00:00:00+00:00,2.13,2.19,2.1,2.19,133,1,32046
2026-01-05T00:00:00+00:00,2.2,2.43,2.16,2.35,132,1,65042
2026-01-06T00:00:00+00:00,2.35,2.35,2.23,2.27,63,1,11380
2026-01-07T00:00:00+00:00,2.27,2.38,2.21,2.31,64,1,24695
2026-01-08T00:00:00+00:00,2.3,2.31,2.25,2.25,47,1,10226
2026-01-09T00:00:00+00:00,2.25,2.2800000000000002,2.14,2.18,78,1,27763
2026-01-12T00:00:00+00:00,2.21,2.21,2.0,2.08,141,1,61245
2026-01-13T00:00:00+00:00,2.13,2.15,2.02,2.1,46,1,13924
2026-01-14T00:00:00+00:00,2.1,2.11,1.96,2.08,124,1,32503
2026-01-15T00:00:00+00:00,2.12,2.12,2.04,2.05,101,1,20395
2026-01-16T00:00:00+00:00,2.0,2.06,1.98,2.02,114,1,28515
2026-01-20T00:00:00+00:00,2.0,2.19,2.0,2.15,64,1,28588
2026-01-21T00:00:00+00:00,2.15,2.19,2.04,2.05,131,1,38395
2026-01-22T00:00:00+00:00,2.02,2.1,2.01,2.08,81,1,35146
2026-01-23T00:00:00+00:00,2.11,2.11,2.05,2.06,63,1,18427
2026-01-26T00:00:00+00:00,2.06,2.07,2.03,2.06,65,1,25179
2026-01-27T00:00:00+00:00,2.1,2.1,2.01,2.06,93,1,29543
2026-01-28T00:00:00+00:00,2.09,2.09,2.0,2.03,50,1,12918
2026-01-29T00:00:00+00:00,2.05,2.1,2.0,2.08,100,1,38959
2026-01-30T00:00:00+00:00,2.1,2.1,2.02,2.02,116,1,36156
2026-02-02T00:00:00+00:00,2.02,2.02,1.8599999999999999,1.8900000000000001,141,1,45895
2026-02-03T00:00:00+00:00,1.9,1.98,1.8599999999999999,1.9,128,1,36427
2026-02-04T00:00:00+00:00,1.9,1.9,1.83,1.9,86,1,23097
2026-02-05T00:00:00+00:00,1.83,1.9,1.53,1.6,216,1,113703
2026-02-06T00:00:00+00:00,1.6600000000000001,1.77,1.6600000000000001,1.74,125,1,46930
2026-02-09T00:00:00+00:00,1.74,1.79,1.6800000000000002,1.74,46,1,11793
2026-02-10T00:00:00+00:00,1.71,1.74,1.63,1.7,64,1,16058
2026-02-11T00:00:00+00:00,1.7,1.74,1.63,1.73,160,1,38050
2026-02-12T00:00:00+00:00,1.7,1.71,1.62,1.67,62,1,13732
2026-02-13T00:00:00+00:00,1.69,1.69,1.6400000000000001,1.67,53,1,14023
2026-02-17T00:00:00+00:00,1.6600000000000001,1.6600000000000001,1.6,1.63,83,1,31265
2026-02-18T00:00:00+00:00,1.62,1.62,1.58,1.6,41,1,17032
2026-02-19T00:00:00+00:00,1.6,1.6,1.48,1.51,137,1,41748
2026-02-20T00:00:00+00:00,1.52,1.55,1.48,1.51,51,1,20170
2026-02-23T00:00:00+00:00,1.5,1.51,1.37,1.4,99,1,44751
2026-02-24T00:00:00+00:00,1.4,1.42,1.38,1.38,69,1,21538
2026-02-25T00:00:00+00:00,1.4,1.4,1.35,1.35,81,1,25366
2026-02-26T00:00:00+00:00,1.35,1.35,1.25,1.28,43,1,22881
2026-02-27T00:00:00+00:00,1.29,1.31,1.18,1.31,132,1,53412
2026-03-02T00:00:00+00:00,1.34,1.67,1.34,1.48,252,1,130319
2026-03-03T00:00:00+00:00,1.47,1.56,1.3599999999999999,1.42,154,1,50945
2026-03-04T00:00:00+00:00,1.43,1.45,1.4,1.45,79,1,26817
2026-03-05T00:00:00+00:00,1.48,1.48,1.3900000000000001,1.41,53,1,9517
2026-03-06T00:00:00+00:00,1.4,1.4,1.32,1.34,63,1,18907
2026-03-09T00:00:00+00:00,1.3900000000000001,1.51,1.27,1.46,110,1,39935
2026-03-10T00:00:00+00:00,1.47,1.47,1.4,1.46,69,1,20095
2026-03-11T00:00:00+00:00,1.41,1.43,1.38,1.42,65,1,20737
2026-03-12T00:00:00+00:00,1.42,1.42,1.31,1.38,72,1,27669
2026-03-13T00:00:00+00:00,1.3900000000000001,1.43,1.22,1.27,97,1,28944
2026-03-16T00:00:00+00:00,1.33,1.38,1.28,1.32,50,1,13429
2026-03-17T00:00:00+00:00,1.31,1.3599999999999999,1.28,1.33,61,1,17568
2026-03-18T00:00:00+00:00,1.34,1.34,1.22,1.22,73,1,30990
2026-03-19T00:00:00+00:00,1.3,1.32,1.25,1.29,118,1,44099
2026-03-20T00:00:00+00:00,1.32,1.37,1.19,1.22,151,1,41657
2026-03-23T00:00:00+00:00,1.26,1.32,1.21,1.23,121,1,41015
2026-03-24T00:00:00+00:00,1.23,1.23,1.13,1.13,79,1,21443
2026-03-25T00:00:00+00:00,1.11,1.19,1.07,1.09,101,1,24382
2026-03-26T00:00:00+00:00,1.16,1.16,1.04,1.06,81,1,27895
2026-03-27T00:00:00+00:00,1.07,1.07,0.97,1.0,98,1,46259
2026-03-30T00:00:00+00:00,1.0,1.02,0.9,0.91,107,0,44851
2026-03-31T00:00:00+00:00,0.94,0.98,0.92,0.96,106,0,66209
2026-04-01T00:00:00+00:00,0.97,1.13,0.95,1.08,197,1,97024
2026-04-02T00:00:00+00:00,1.06,1.1400000000000001,1.06,1.1,110,1,38383
2026-04-06T00:00:00+00:00,1.11,1.49,1.11,1.3900000000000001,882,1,401652
