datetime,open,high,low,close,volume,openinterest
2020-08-17 21:30:00,3585.0,3585.0,3585.0,3585.0,0.0,12.0
2020-08-17 22:00:00,3585.0,3585.0,3585.0,3585.0,0.0,12.0
2020-08-17 22:30:00,3585.0,3585.0,3585.0,3585.0,0.0,12.0
2020-08-17 23:00:00,3585.0,3585.0,3585.0,3585.0,0.0,12.0
2020-08-18 09:30:00,3590.0,3609.0,3590.0,3609.0,14.0,12.0
2020-08-18 10:00:00,3609.0,3609.0,3606.0,3606.0,3.0,9.0
2020-08-18 10:15:00,3606.0,3606.0,3606.0,3606.0,0.0,9.0
2020-08-18 11:00:00,3606.0,3610.0,3606.0,3610.0,15.0,24.0
2020-08-18 11:30:00,3610.0,3610.0,3608.0,3608.0,1.0,24.0
2020-08-18 14:00:00,3608.0,3620.0,3608.0,3618.0,6.0,22.0
2020-08-18 14:30:00,3618.0,3618.0,3613.0,3613.0,3.0,19.0
2020-08-18 15:00:00,3613.0,3619.0,3613.0,3616.0,4.0,20.0
2020-08-18 21:30:00,3616.0,3639.0,3616.0,3639.0,17.0,10.0
2020-08-18 22:00:00,3639.0,3640.0,3639.0,3640.0,1.0,11.0
2020-08-18 22:30:00,3640.0,3650.0,3638.0,3638.0,2.0,11.0
2020-08-18 23:00:00,3638.0,3638.0,3638.0,3638.0,0.0,11.0
2020-08-19 09:30:00,3638.0,3638.0,3636.0,3636.0,1.0,11.0
2020-08-19 10:00:00,3636.0,3658.0,3636.0,3658.0,12.0,21.0
2020-08-19 10:15:00,3658.0,3658.0,3655.0,3655.0,5.0,26.0
2020-08-19 11:00:00,3655.0,3655.0,3649.0,3649.0,4.0,29.0
2020-08-19 11:30:00,3649.0,3649.0,3649.0,3649.0,0.0,29.0
2020-08-19 14:00:00,3649.0,3649.0,3649.0,3649.0,0.0,29.0
2020-08-19 14:30:00,3649.0,3661.0,3649.0,3661.0,2.0,30.0
2020-08-19 15:00:00,3661.0,3661.0,3659.0,3659.0,1.0,31.0
2020-08-19 21:30:00,3659.0,3659.0,3650.0,3650.0,1.0,32.0
2020-08-19 22:00:00,3650.0,3660.0,3650.0,3660.0,5.0,34.0
2020-08-19 22:30:00,3660.0,3660.0,3660.0,3660.0,0.0,34.0
2020-08-19 23:00:00,3660.0,3661.0,3655.0,3661.0,2.0,34.0
2020-08-20 09:30:00,3661.0,3661.0,3660.0,3660.0,1.0,34.0
2020-08-20 10:00:00,3660.0,3660.0,3660.0,3660.0,0.0,34.0
2020-08-20 10:15:00,3660.0,3660.0,3660.0,3660.0,0.0,34.0
2020-08-20 11:00:00,3660.0,3660.0,3653.0,3653.0,2.0,36.0
2020-08-20 11:30:00,3653.0,3653.0,3653.0,3653.0,0.0,36.0
2020-08-20 14:00:00,3653.0,3653.0,3636.0,3636.0,13.0,46.0
2020-08-20 14:30:00,3636.0,3636.0,3636.0,3636.0,0.0,46.0
2020-08-20 15:00:00,3636.0,3636.0,3636.0,3636.0,0.0,46.0
2020-08-20 21:30:00,3636.0,3636.0,3569.0,3621.0,23.0,30.0
2020-08-20 22:00:00,3621.0,3622.0,3619.0,3619.0,4.0,33.0
2020-08-20 22:30:00,3619.0,3627.0,3619.0,3627.0,1.0,33.0
2020-08-20 23:00:00,3627.0,3633.0,3626.0,3626.0,2.0,35.0
2020-08-21 09:30:00,3626.0,3641.0,3626.0,3641.0,5.0,34.0
2020-08-21 10:00:00,3641.0,3641.0,3641.0,3641.0,0.0,34.0
2020-08-21 10:15:00,3641.0,3641.0,3641.0,3641.0,0.0,34.0
2020-08-21 11:00:00,3641.0,3641.0,3641.0,3641.0,0.0,34.0
2020-08-21 11:30:00,3641.0,3641.0,3633.0,3633.0,1.0,35.0
2020-08-21 14:00:00,3633.0,3633.0,3633.0,3633.0,0.0,35.0
2020-08-21 14:30:00,3633.0,3633.0,3627.0,3627.0,5.0,37.0
2020-08-21 15:00:00,3627.0,3627.0,3627.0,3627.0,0.0,37.0
2020-08-21 21:30:00,3627.0,3627.0,3627.0,3627.0,0.0,37.0
2020-08-21 22:00:00,3627.0,3627.0,3627.0,3627.0,0.0,37.0
2020-08-21 22:30:00,3627.0,3628.0,3627.0,3628.0,1.0,37.0
2020-08-21 23:00:00,3628.0,3633.0,3628.0,3633.0,1.0,37.0
2020-08-24 09:30:00,3633.0,3642.0,3631.0,3633.0,5.0,42.0
2020-08-24 10:00:00,3633.0,3633.0,3630.0,3630.0,1.0,42.0
2020-08-24 10:15:00,3630.0,3630.0,3630.0,3630.0,0.0,42.0
2020-08-24 11:00:00,3630.0,3630.0,3630.0,3630.0,0.0,42.0
2020-08-24 11:30:00,3630.0,3634.0,3630.0,3634.0,1.0,41.0
2020-08-24 14:00:00,3634.0,3634.0,3634.0,3634.0,0.0,41.0
2020-08-24 14:30:00,3634.0,3636.0,3634.0,3636.0,1.0,42.0
2020-08-24 15:00:00,3636.0,3636.0,3636.0,3636.0,0.0,42.0
2020-08-24 21:30:00,3636.0,3638.0,3636.0,3638.0,1.0,41.0
2020-08-24 22:00:00,3638.0,3638.0,3637.0,3637.0,3.0,38.0
2020-08-24 22:30:00,3637.0,3649.0,3637.0,3649.0,2.0,39.0
2020-08-24 23:00:00,3649.0,3649.0,3649.0,3649.0,0.0,39.0
2020-08-25 09:30:00,3649.0,3651.0,3649.0,3651.0,6.0,41.0
2020-08-25 10:00:00,3651.0,3651.0,3650.0,3650.0,1.0,42.0
2020-08-25 10:15:00,3650.0,3650.0,3647.0,3647.0,1.0,42.0
2020-08-25 11:00:00,3647.0,3647.0,3647.0,3647.0,0.0,42.0
2020-08-25 11:30:00,3647.0,3647.0,3647.0,3647.0,0.0,42.0
2020-08-25 14:00:00,3647.0,3647.0,3636.0,3636.0,8.0,50.0
2020-08-25 14:30:00,3636.0,3636.0,3601.0,3601.0,3.0,52.0
2020-08-25 15:00:00,3601.0,3623.0,3601.0,3610.0,26.0,77.0
2020-08-25 21:30:00,3610.0,3610.0,3605.0,3605.0,1.0,78.0
2020-08-25 22:00:00,3605.0,3606.0,3603.0,3603.0,2.0,80.0
2020-08-25 22:30:00,3603.0,3603.0,3603.0,3603.0,0.0,80.0
2020-08-25 23:00:00,3603.0,3603.0,3603.0,3603.0,0.0,80.0
2020-08-26 09:30:00,3603.0,3603.0,3579.0,3579.0,9.0,83.0
2020-08-26 10:00:00,3579.0,3596.0,3579.0,3593.0,2.0,84.0
2020-08-26 10:15:00,3593.0,3597.0,3593.0,3597.0,1.0,85.0
2020-08-26 11:00:00,3597.0,3598.0,3597.0,3598.0,1.0,84.0
2020-08-26 11:30:00,3598.0,3598.0,3598.0,3598.0,0.0,84.0
2020-08-26 14:00:00,3598.0,3598.0,3598.0,3598.0,0.0,84.0
2020-08-26 14:30:00,3598.0,3602.0,3598.0,3602.0,1.0,83.0
2020-08-26 15:00:00,3616.0,3622.0,3616.0,3622.0,7.0,81.0
2020-08-26 21:30:00,3622.0,3622.0,3609.0,3609.0,1.0,80.0
2020-08-26 22:00:00,3609.0,3625.0,3609.0,3625.0,2.0,78.0
2020-08-26 22:30:00,3625.0,3625.0,3625.0,3625.0,0.0,78.0
2020-08-26 23:00:00,3625.0,3629.0,3625.0,3629.0,1.0,78.0
2020-08-27 09:30:00,3629.0,3629.0,3624.0,3624.0,1.0,77.0
2020-08-27 10:00:00,3624.0,3624.0,3624.0,3624.0,0.0,77.0
2020-08-27 10:15:00,3624.0,3624.0,3624.0,3624.0,0.0,77.0
2020-08-27 11:00:00,3624.0,3625.0,3620.0,3620.0,2.0,79.0
2020-08-27 11:30:00,3620.0,3620.0,3620.0,3620.0,0.0,79.0
2020-08-27 14:00:00,3620.0,3620.0,3605.0,3605.0,3.0,78.0
2020-08-27 14:30:00,3605.0,3612.0,3605.0,3612.0,3.0,80.0
2020-08-27 15:00:00,3612.0,3612.0,3612.0,3612.0,0.0,80.0
2020-08-27 21:30:00,3612.0,3612.0,3610.0,3610.0,1.0,81.0
2020-08-27 22:00:00,3610.0,3610.0,3604.0,3604.0,1.0,82.0
2020-08-27 22:30:00,3604.0,3604.0,3600.0,3600.0,3.0,84.0
2020-08-27 23:00:00,3600.0,3610.0,3600.0,3610.0,1.0,84.0
2020-08-28 09:30:00,3610.0,3610.0,3607.0,3607.0,3.0,87.0
2020-08-28 10:00:00,3607.0,3607.0,3607.0,3607.0,0.0,87.0
2020-08-28 10:15:00,3607.0,3607.0,3607.0,3607.0,0.0,87.0
2020-08-28 11:00:00,3607.0,3610.0,3607.0,3610.0,1.0,87.0
2020-08-28 11:30:00,3610.0,3610.0,3610.0,3610.0,0.0,87.0
2020-08-28 14:00:00,3610.0,3614.0,3610.0,3614.0,1.0,87.0
2020-08-28 14:30:00,3614.0,3618.0,3614.0,3618.0,3.0,84.0
2020-08-28 15:00:00,3618.0,3642.0,3616.0,3616.0,6.0,84.0
2020-08-28 21:30:00,3616.0,3624.0,3616.0,3624.0,1.0,83.0
2020-08-28 22:00:00,3624.0,3624.0,3624.0,3624.0,0.0,83.0
2020-08-28 22:30:00,3624.0,3624.0,3624.0,3624.0,0.0,83.0
2020-08-28 23:00:00,3624.0,3625.0,3617.0,3625.0,2.0,81.0
2020-08-31 09:30:00,3625.0,3668.0,3625.0,3657.0,25.0,80.0
2020-08-31 10:00:00,3657.0,3657.0,3648.0,3648.0,18.0,80.0
2020-08-31 10:15:00,3648.0,3648.0,3648.0,3648.0,0.0,80.0
2020-08-31 11:00:00,3648.0,3648.0,3648.0,3648.0,0.0,80.0
2020-08-31 11:30:00,3648.0,3656.0,3648.0,3656.0,1.0,81.0
2020-08-31 14:00:00,3656.0,3656.0,3652.0,3652.0,2.0,80.0
2020-08-31 14:30:00,3652.0,3664.0,3652.0,3664.0,1.0,80.0
2020-08-31 15:00:00,3664.0,3664.0,3664.0,3664.0,0.0,80.0
2020-08-31 21:30:00,3664.0,3664.0,3632.0,3653.0,13.0,77.0
2020-08-31 22:00:00,3653.0,3653.0,3653.0,3653.0,3.0,80.0
2020-08-31 22:30:00,3653.0,3653.0,3647.0,3647.0,7.0,77.0
2020-08-31 23:00:00,3647.0,3647.0,3647.0,3647.0,11.0,66.0
2020-09-01 09:30:00,3647.0,3647.0,3647.0,3647.0,0.0,66.0
2020-09-01 10:00:00,3647.0,3647.0,3647.0,3647.0,4.0,62.0
2020-09-01 10:15:00,3647.0,3647.0,3647.0,3647.0,0.0,62.0
2020-09-01 11:00:00,3647.0,3647.0,3647.0,3647.0,0.0,62.0
2020-09-01 11:30:00,3647.0,3654.0,3647.0,3647.0,3.0,64.0
2020-09-01 14:00:00,3647.0,3655.0,3647.0,3655.0,3.0,64.0
2020-09-01 14:30:00,3655.0,3662.0,3654.0,3655.0,4.0,66.0
2020-09-01 15:00:00,3655.0,3664.0,3653.0,3659.0,8.0,67.0
2020-09-01 21:30:00,3659.0,3659.0,3659.0,3659.0,0.0,67.0
2020-09-01 22:00:00,3659.0,3659.0,3659.0,3659.0,0.0,67.0
2020-09-01 22:30:00,3659.0,3659.0,3659.0,3659.0,0.0,67.0
2020-09-01 23:00:00,3659.0,3659.0,3659.0,3659.0,0.0,67.0
2020-09-02 09:30:00,3659.0,3659.0,3653.0,3653.0,2.0,65.0
2020-09-02 10:00:00,3653.0,3654.0,3652.0,3652.0,9.0,65.0
2020-09-02 10:15:00,3652.0,3652.0,3652.0,3652.0,0.0,65.0
2020-09-02 11:00:00,3652.0,3659.0,3652.0,3659.0,2.0,65.0
2020-09-02 11:30:00,3659.0,3659.0,3650.0,3656.0,3.0,66.0
2020-09-02 14:00:00,3656.0,3664.0,3654.0,3654.0,6.0,65.0
2020-09-02 14:30:00,3654.0,3654.0,3654.0,3654.0,0.0,65.0
2020-09-02 15:00:00,3654.0,3664.0,3654.0,3664.0,3.0,65.0
2020-09-02 21:30:00,3664.0,3670.0,3664.0,3669.0,22.0,54.0
2020-09-02 22:00:00,3669.0,3669.0,3667.0,3667.0,2.0,53.0
2020-09-02 22:30:00,3667.0,3667.0,3667.0,3667.0,0.0,53.0
2020-09-02 23:00:00,3667.0,3667.0,3667.0,3667.0,0.0,53.0
2020-09-03 09:30:00,3667.0,3675.0,3667.0,3675.0,1.0,52.0
2020-09-03 10:00:00,3675.0,3680.0,3671.0,3671.0,6.0,50.0
2020-09-03 10:15:00,3671.0,3671.0,3671.0,3671.0,0.0,50.0
2020-09-03 11:00:00,3671.0,3686.0,3671.0,3686.0,1.0,49.0
2020-09-03 11:30:00,3686.0,3686.0,3670.0,3670.0,2.0,50.0
2020-09-03 14:00:00,3670.0,3670.0,3670.0,3670.0,0.0,50.0
2020-09-03 14:30:00,3670.0,3675.0,3670.0,3670.0,4.0,53.0
2020-09-03 15:00:00,3670.0,3672.0,3670.0,3672.0,15.0,68.0
2020-09-03 21:30:00,3672.0,3672.0,3672.0,3672.0,0.0,68.0
2020-09-03 22:00:00,3672.0,3672.0,3672.0,3672.0,0.0,68.0
2020-09-03 22:30:00,3672.0,3672.0,3672.0,3672.0,0.0,68.0
2020-09-03 23:00:00,3672.0,3672.0,3655.0,3655.0,12.0,79.0
2020-09-04 09:30:00,3655.0,3655.0,3624.0,3624.0,17.0,92.0
2020-09-04 10:00:00,3624.0,3624.0,3624.0,3624.0,0.0,92.0
2020-09-04 10:15:00,3624.0,3624.0,3624.0,3624.0,0.0,92.0
2020-09-04 11:00:00,3624.0,3657.0,3624.0,3645.0,2.0,92.0
2020-09-04 11:30:00,3645.0,3650.0,3645.0,3650.0,1.0,91.0
2020-09-04 14:00:00,3649.0,3650.0,3649.0,3650.0,2.0,92.0
2020-09-04 14:30:00,3650.0,3650.0,3650.0,3650.0,0.0,92.0
2020-09-04 15:00:00,3650.0,3650.0,3650.0,3650.0,0.0,92.0
2020-09-04 21:30:00,3650.0,3656.0,3650.0,3654.0,18.0,95.0
2020-09-04 22:00:00,3654.0,3658.0,3652.0,3654.0,3.0,96.0
2020-09-04 22:30:00,3654.0,3654.0,3651.0,3651.0,4.0,98.0
2020-09-04 23:00:00,3651.0,3651.0,3650.0,3650.0,1.0,98.0
2020-09-07 09:30:00,3650.0,3658.0,3650.0,3656.0,2.0,100.0
2020-09-07 10:00:00,3656.0,3656.0,3649.0,3649.0,1.0,100.0
2020-09-07 10:15:00,3649.0,3649.0,3649.0,3649.0,0.0,100.0
2020-09-07 11:00:00,3649.0,3649.0,3645.0,3645.0,1.0,100.0
2020-09-07 11:30:00,3645.0,3645.0,3645.0,3645.0,0.0,100.0
2020-09-07 14:00:00,3645.0,3645.0,3645.0,3645.0,0.0,100.0
2020-09-07 14:30:00,3645.0,3645.0,3630.0,3630.0,6.0,103.0
2020-09-07 15:00:00,3630.0,3640.0,3630.0,3640.0,3.0,106.0
2020-09-07 21:30:00,3640.0,3640.0,3640.0,3640.0,0.0,106.0
2020-09-07 22:00:00,3640.0,3640.0,3640.0,3640.0,0.0,106.0
2020-09-07 22:30:00,3640.0,3640.0,3640.0,3640.0,0.0,106.0
2020-09-07 23:00:00,3640.0,3640.0,3640.0,3640.0,0.0,106.0
2020-09-08 09:30:00,3640.0,3645.0,3640.0,3645.0,1.0,105.0
2020-09-08 10:00:00,3645.0,3645.0,3645.0,3645.0,0.0,105.0
2020-09-08 10:15:00,3645.0,3645.0,3645.0,3645.0,0.0,105.0
2020-09-08 11:00:00,3645.0,3645.0,3640.0,3640.0,5.0,110.0
2020-09-08 11:30:00,3640.0,3640.0,3640.0,3640.0,1.0,111.0
2020-09-08 14:00:00,3640.0,3640.0,3640.0,3640.0,0.0,111.0
2020-09-08 14:30:00,3640.0,3640.0,3640.0,3640.0,0.0,111.0
2020-09-08 15:00:00,3640.0,3640.0,3626.0,3631.0,9.0,119.0
2020-09-08 21:30:00,3625.0,3625.0,3605.0,3605.0,11.0,124.0
2020-09-08 22:00:00,3605.0,3605.0,3595.0,3595.0,2.0,124.0
2020-09-08 22:30:00,3595.0,3595.0,3595.0,3595.0,0.0,124.0
2020-09-08 23:00:00,3595.0,3620.0,3595.0,3620.0,1.0,124.0
2020-09-09 09:30:00,3620.0,3628.0,3620.0,3628.0,1.0,125.0
2020-09-09 10:00:00,3628.0,3628.0,3628.0,3628.0,0.0,125.0
2020-09-09 10:15:00,3628.0,3628.0,3628.0,3628.0,0.0,125.0
2020-09-09 11:00:00,3628.0,3628.0,3607.0,3607.0,1.0,125.0
2020-09-09 11:30:00,3607.0,3607.0,3607.0,3607.0,0.0,125.0
2020-09-09 14:00:00,3607.0,3608.0,3607.0,3607.0,4.0,128.0
2020-09-09 14:30:00,3607.0,3607.0,3607.0,3607.0,1.0,129.0
2020-09-09 15:00:00,3601.0,3601.0,3576.0,3576.0,17.0,141.0
2020-09-09 21:30:00,3576.0,3586.0,3576.0,3586.0,1.0,140.0
2020-09-09 22:00:00,3586.0,3586.0,3580.0,3580.0,1.0,141.0
2020-09-09 22:30:00,3580.0,3580.0,3580.0,3580.0,0.0,141.0
2020-09-09 23:00:00,3580.0,3580.0,3580.0,3580.0,0.0,141.0
2020-09-10 09:30:00,3580.0,3580.0,3580.0,3580.0,1.0,141.0
2020-09-10 10:00:00,3580.0,3580.0,3580.0,3580.0,0.0,141.0
2020-09-10 10:15:00,3580.0,3580.0,3580.0,3580.0,0.0,141.0
2020-09-10 11:00:00,3580.0,3580.0,3580.0,3580.0,0.0,141.0
2020-09-10 11:30:00,3580.0,3580.0,3580.0,3580.0,2.0,143.0
2020-09-10 14:00:00,3580.0,3580.0,3555.0,3564.0,29.0,165.0
2020-09-10 14:30:00,3564.0,3564.0,3564.0,3564.0,0.0,165.0
2020-09-10 15:00:00,3564.0,3564.0,3555.0,3555.0,2.0,167.0
2020-09-10 21:30:00,3555.0,3555.0,3555.0,3555.0,0.0,167.0
2020-09-10 22:00:00,3555.0,3555.0,3555.0,3555.0,0.0,167.0
2020-09-10 22:30:00,3555.0,3555.0,3555.0,3555.0,0.0,167.0
2020-09-10 23:00:00,3555.0,3555.0,3555.0,3555.0,0.0,167.0
2020-09-11 09:30:00,3555.0,3555.0,3555.0,3555.0,0.0,167.0
2020-09-11 10:00:00,3555.0,3555.0,3555.0,3555.0,0.0,167.0
2020-09-11 10:15:00,3555.0,3555.0,3555.0,3555.0,0.0,167.0
2020-09-11 11:00:00,3555.0,3555.0,3555.0,3555.0,0.0,167.0
2020-09-11 11:30:00,3555.0,3580.0,3555.0,3579.0,8.0,165.0
2020-09-11 14:00:00,3579.0,3582.0,3579.0,3582.0,2.0,165.0
2020-09-11 14:30:00,3582.0,3582.0,3581.0,3581.0,1.0,165.0
2020-09-11 15:00:00,3581.0,3581.0,3581.0,3581.0,0.0,165.0
2020-09-11 21:30:00,3581.0,3581.0,3569.0,3569.0,1.0,166.0
2020-09-11 22:00:00,3569.0,3569.0,3569.0,3569.0,0.0,166.0
2020-09-11 22:30:00,3569.0,3569.0,3569.0,3569.0,0.0,166.0
2020-09-11 23:00:00,3569.0,3569.0,3569.0,3569.0,0.0,166.0
2020-09-14 09:30:00,3569.0,3569.0,3569.0,3569.0,0.0,166.0
2020-09-14 10:00:00,3569.0,3569.0,3569.0,3569.0,0.0,166.0
2020-09-14 10:15:00,3569.0,3580.0,3569.0,3580.0,1.0,166.0
2020-09-14 11:00:00,3580.0,3580.0,3580.0,3580.0,0.0,166.0
2020-09-14 11:30:00,3580.0,3580.0,3580.0,3580.0,0.0,166.0
2020-09-14 14:00:00,3580.0,3580.0,3580.0,3580.0,0.0,166.0
2020-09-14 14:30:00,3580.0,3580.0,3580.0,3580.0,0.0,166.0
2020-09-14 15:00:00,3580.0,3580.0,3574.0,3574.0,2.0,165.0
2020-09-14 21:30:00,3574.0,3574.0,3574.0,3574.0,0.0,165.0
2020-09-14 22:00:00,3574.0,3574.0,3574.0,3574.0,0.0,165.0
2020-09-14 22:30:00,3574.0,3588.0,3574.0,3588.0,1.0,164.0
2020-09-14 23:00:00,3588.0,3588.0,3588.0,3588.0,0.0,164.0
2020-09-15 09:30:00,3588.0,3588.0,3578.0,3578.0,1.0,165.0
2020-09-15 10:00:00,3578.0,3578.0,3578.0,3578.0,0.0,165.0
2020-09-15 10:15:00,3578.0,3578.0,3578.0,3578.0,0.0,165.0
2020-09-15 11:00:00,3578.0,3578.0,3540.0,3540.0,14.0,172.0
2020-09-15 11:30:00,3540.0,3553.0,3539.0,3553.0,3.0,172.0
2020-09-15 14:00:00,3553.0,3553.0,3538.0,3538.0,7.0,179.0
2020-09-15 14:30:00,3538.0,3555.0,3536.0,3555.0,2.0,180.0
2020-09-15 15:00:00,3555.0,3555.0,3530.0,3530.0,8.0,186.0
2020-09-15 21:30:00,3530.0,3530.0,3530.0,3530.0,0.0,186.0
2020-09-15 22:00:00,3530.0,3530.0,3526.0,3526.0,8.0,187.0
2020-09-15 22:30:00,3526.0,3526.0,3517.0,3517.0,11.0,196.0
2020-09-15 23:00:00,3517.0,3521.0,3515.0,3515.0,6.0,201.0
2020-09-16 09:30:00,3515.0,3525.0,3515.0,3525.0,1.0,200.0
2020-09-16 10:00:00,3525.0,3525.0,3520.0,3520.0,5.0,195.0
2020-09-16 10:15:00,3520.0,3521.0,3520.0,3521.0,7.0,188.0
2020-09-16 11:00:00,3521.0,3521.0,3518.0,3518.0,1.0,187.0
2020-09-16 11:30:00,3518.0,3518.0,3518.0,3518.0,0.0,187.0
2020-09-16 14:00:00,3517.0,3517.0,3506.0,3506.0,26.0,204.0
2020-09-16 14:30:00,3506.0,3506.0,3506.0,3506.0,1.0,205.0
2020-09-16 15:00:00,3506.0,3513.0,3506.0,3513.0,1.0,205.0
2020-09-16 21:30:00,3513.0,3513.0,3513.0,3513.0,0.0,205.0
2020-09-16 22:00:00,3513.0,3513.0,3513.0,3513.0,0.0,205.0
2020-09-16 22:30:00,3513.0,3513.0,3507.0,3508.0,4.0,207.0
2020-09-16 23:00:00,3508.0,3508.0,3508.0,3508.0,0.0,207.0
2020-09-17 09:30:00,3508.0,3508.0,3508.0,3508.0,0.0,207.0
2020-09-17 10:00:00,3508.0,3508.0,3508.0,3508.0,0.0,207.0
2020-09-17 10:15:00,3508.0,3508.0,3508.0,3508.0,0.0,207.0
2020-09-17 11:00:00,3508.0,3508.0,3508.0,3508.0,0.0,207.0
2020-09-17 11:30:00,3508.0,3508.0,3508.0,3508.0,0.0,207.0
2020-09-17 14:00:00,3508.0,3508.0,3508.0,3508.0,0.0,207.0
2020-09-17 14:30:00,3508.0,3508.0,3504.0,3504.0,9.0,210.0
2020-09-17 15:00:00,3504.0,3505.0,3503.0,3504.0,67.0,277.0
2020-09-17 21:30:00,3504.0,3504.0,3504.0,3504.0,0.0,277.0
2020-09-17 22:00:00,3504.0,3504.0,3504.0,3504.0,0.0,277.0
2020-09-17 22:30:00,3504.0,3504.0,3504.0,3504.0,0.0,277.0
2020-09-17 23:00:00,3504.0,3514.0,3504.0,3514.0,25.0,257.0
2020-09-18 09:30:00,3514.0,3514.0,3513.0,3514.0,15.0,242.0
2020-09-18 10:00:00,3514.0,3514.0,3514.0,3514.0,0.0,242.0
2020-09-18 10:15:00,3514.0,3514.0,3514.0,3514.0,0.0,242.0
2020-09-18 11:00:00,3514.0,3517.0,3514.0,3517.0,1.0,242.0
2020-09-18 11:30:00,3517.0,3517.0,3517.0,3517.0,0.0,242.0
2020-09-18 14:00:00,3517.0,3518.0,3517.0,3518.0,1.0,242.0
2020-09-18 14:30:00,3518.0,3518.0,3518.0,3518.0,0.0,242.0
2020-09-18 15:00:00,3518.0,3518.0,3518.0,3518.0,0.0,242.0
2020-09-18 21:30:00,3518.0,3518.0,3518.0,3518.0,0.0,242.0
2020-09-18 22:00:00,3518.0,3518.0,3500.0,3500.0,2.0,242.0
2020-09-18 22:30:00,3500.0,3506.0,3500.0,3506.0,1.0,243.0
2020-09-18 23:00:00,3506.0,3506.0,3506.0,3506.0,0.0,243.0
2020-09-21 09:30:00,3506.0,3506.0,3477.0,3477.0,13.0,255.0
2020-09-21 10:00:00,3477.0,3477.0,3464.0,3464.0,35.0,288.0
2020-09-21 10:15:00,3464.0,3464.0,3464.0,3464.0,0.0,288.0
2020-09-21 11:00:00,3464.0,3464.0,3460.0,3461.0,5.0,293.0
2020-09-21 11:30:00,3461.0,3461.0,3461.0,3461.0,0.0,293.0
2020-09-21 14:00:00,3461.0,3461.0,3459.0,3459.0,31.0,324.0
2020-09-21 14:30:00,3459.0,3462.0,3459.0,3462.0,2.0,324.0
2020-09-21 15:00:00,3462.0,3462.0,3455.0,3455.0,4.0,323.0
2020-09-21 21:30:00,3455.0,3455.0,3450.0,3450.0,2.0,321.0
2020-09-21 22:00:00,3450.0,3450.0,3450.0,3450.0,0.0,321.0
2020-09-21 22:30:00,3450.0,3450.0,3450.0,3450.0,0.0,321.0
2020-09-21 23:00:00,3450.0,3450.0,3435.0,3435.0,3.0,324.0
2020-09-22 09:30:00,3435.0,3447.0,3435.0,3447.0,1.0,323.0
2020-09-22 10:00:00,3447.0,3447.0,3447.0,3447.0,0.0,323.0
2020-09-22 10:15:00,3447.0,3447.0,3447.0,3447.0,0.0,323.0
2020-09-22 11:00:00,3447.0,3447.0,3447.0,3447.0,0.0,323.0
2020-09-22 11:30:00,3447.0,3463.0,3447.0,3463.0,3.0,323.0
2020-09-22 14:00:00,3463.0,3463.0,3463.0,3463.0,0.0,323.0
2020-09-22 14:30:00,3463.0,3463.0,3463.0,3463.0,0.0,323.0
2020-09-22 15:00:00,3463.0,3463.0,3452.0,3452.0,2.0,325.0
2020-09-22 21:30:00,3452.0,3463.0,3452.0,3463.0,1.0,324.0
2020-09-22 22:00:00,3463.0,3463.0,3463.0,3463.0,0.0,324.0
2020-09-22 22:30:00,3463.0,3463.0,3463.0,3463.0,0.0,324.0
2020-09-22 23:00:00,3463.0,3463.0,3463.0,3463.0,0.0,324.0
2020-09-23 09:30:00,3463.0,3463.0,3463.0,3463.0,0.0,324.0
2020-09-23 10:00:00,3463.0,3463.0,3452.0,3452.0,2.0,323.0
2020-09-23 10:15:00,3452.0,3463.0,3452.0,3456.0,21.0,328.0
2020-09-23 11:00:00,3456.0,3456.0,3456.0,3456.0,0.0,328.0
2020-09-23 11:30:00,3456.0,3456.0,3453.0,3453.0,26.0,354.0
2020-09-23 14:00:00,3453.0,3453.0,3453.0,3453.0,0.0,354.0
2020-09-23 14:30:00,3453.0,3453.0,3435.0,3435.0,4.0,357.0
2020-09-23 15:00:00,3435.0,3436.0,3435.0,3436.0,1.0,357.0
2020-09-23 21:30:00,3436.0,3471.0,3436.0,3471.0,1.0,357.0
2020-09-23 22:00:00,3471.0,3471.0,3471.0,3471.0,0.0,357.0
2020-09-23 22:30:00,3471.0,3471.0,3468.0,3468.0,1.0,357.0
2020-09-23 23:00:00,3468.0,3468.0,3467.0,3467.0,3.0,357.0
2020-09-24 09:30:00,3467.0,3467.0,3467.0,3467.0,0.0,357.0
2020-09-24 10:00:00,3467.0,3467.0,3467.0,3467.0,0.0,357.0
2020-09-24 10:15:00,3467.0,3467.0,3467.0,3467.0,0.0,357.0
2020-09-24 11:00:00,3467.0,3467.0,3467.0,3467.0,0.0,357.0
2020-09-24 11:30:00,3467.0,3467.0,3466.0,3466.0,1.0,357.0
2020-09-24 14:00:00,3466.0,3466.0,3466.0,3466.0,0.0,357.0
2020-09-24 14:30:00,3466.0,3469.0,3466.0,3469.0,6.0,352.0
2020-09-24 15:00:00,3469.0,3469.0,3469.0,3469.0,0.0,352.0
2020-09-24 21:30:00,3469.0,3469.0,3469.0,3469.0,0.0,352.0
2020-09-24 22:00:00,3469.0,3469.0,3469.0,3469.0,0.0,352.0
2020-09-24 22:30:00,3469.0,3469.0,3469.0,3469.0,0.0,352.0
2020-09-24 23:00:00,3469.0,3469.0,3469.0,3469.0,0.0,352.0
2020-09-25 09:30:00,3469.0,3469.0,3469.0,3469.0,0.0,352.0
2020-09-25 10:00:00,3469.0,3469.0,3469.0,3469.0,0.0,352.0
2020-09-25 10:15:00,3469.0,3469.0,3450.0,3450.0,2.0,354.0
2020-09-25 11:00:00,3450.0,3450.0,3450.0,3450.0,0.0,354.0
2020-09-25 11:30:00,3450.0,3450.0,3450.0,3450.0,0.0,354.0
2020-09-25 14:00:00,3450.0,3450.0,3450.0,3450.0,0.0,354.0
2020-09-25 14:30:00,3450.0,3451.0,3450.0,3450.0,14.0,368.0
2020-09-25 15:00:00,3450.0,3458.0,3450.0,3458.0,11.0,358.0
2020-09-25 21:30:00,3458.0,3458.0,3458.0,3458.0,0.0,358.0
2020-09-25 22:00:00,3458.0,3458.0,3458.0,3458.0,0.0,358.0
2020-09-25 22:30:00,3458.0,3458.0,3458.0,3458.0,0.0,358.0
2020-09-25 23:00:00,3458.0,3458.0,3458.0,3458.0,0.0,358.0
2020-09-28 09:30:00,3458.0,3463.0,3458.0,3461.0,4.0,359.0
2020-09-28 10:00:00,3461.0,3461.0,3461.0,3461.0,0.0,359.0
2020-09-28 10:15:00,3461.0,3461.0,3461.0,3461.0,0.0,359.0
2020-09-28 11:00:00,3461.0,3461.0,3461.0,3461.0,0.0,359.0
2020-09-28 11:30:00,3461.0,3461.0,3450.0,3450.0,8.0,364.0
2020-09-28 14:00:00,3450.0,3450.0,3450.0,3450.0,0.0,364.0
2020-09-28 14:30:00,3450.0,3450.0,3450.0,3450.0,0.0,364.0
2020-09-28 15:00:00,3450.0,3456.0,3450.0,3456.0,1.0,363.0
2020-09-28 21:30:00,3456.0,3456.0,3456.0,3456.0,0.0,363.0
2020-09-28 22:00:00,3456.0,3456.0,3456.0,3456.0,0.0,363.0
2020-09-28 22:30:00,3456.0,3456.0,3456.0,3456.0,0.0,363.0
2020-09-28 23:00:00,3456.0,3456.0,3442.0,3442.0,3.0,363.0
2020-09-29 09:30:00,3442.0,3442.0,3442.0,3442.0,0.0,363.0
2020-09-29 10:00:00,3442.0,3442.0,3442.0,3442.0,0.0,363.0
2020-09-29 10:15:00,3442.0,3442.0,3442.0,3442.0,0.0,363.0
2020-09-29 11:00:00,3442.0,3442.0,3435.0,3435.0,15.0,377.0
2020-09-29 11:30:00,3435.0,3451.0,3435.0,3451.0,12.0,370.0
2020-09-29 14:00:00,3451.0,3451.0,3445.0,3448.0,16.0,377.0
2020-09-29 14:30:00,3448.0,3449.0,3448.0,3449.0,5.0,376.0
2020-09-29 15:00:00,3449.0,3453.0,3449.0,3453.0,4.0,372.0
2020-09-29 21:30:00,3453.0,3463.0,3453.0,3463.0,7.0,368.0
2020-09-29 22:00:00,3464.0,3473.0,3462.0,3472.0,17.0,357.0
2020-09-29 22:30:00,3472.0,3475.0,3472.0,3475.0,4.0,353.0
2020-09-29 23:00:00,3475.0,3479.0,3475.0,3479.0,2.0,353.0
2020-09-30 09:30:00,3479.0,3479.0,3419.0,3477.0,8.0,346.0
2020-09-30 10:00:00,3477.0,3477.0,3477.0,3477.0,0.0,346.0
2020-09-30 10:15:00,3477.0,3477.0,3477.0,3477.0,0.0,346.0
2020-09-30 11:00:00,3477.0,3482.0,3477.0,3482.0,1.0,346.0
2020-09-30 11:30:00,3482.0,3482.0,3482.0,3482.0,0.0,346.0
2020-09-30 14:00:00,3482.0,3482.0,3482.0,3482.0,0.0,346.0
2020-09-30 14:30:00,3482.0,3482.0,3477.0,3477.0,2.0,348.0
2020-09-30 15:00:00,3477.0,3485.0,3477.0,3478.0,9.0,353.0
2020-10-09 09:30:00,3478.0,3506.0,3478.0,3506.0,7.0,353.0
2020-10-09 10:00:00,3506.0,3510.0,3506.0,3510.0,11.0,361.0
2020-10-09 10:15:00,3510.0,3518.0,3510.0,3518.0,3.0,361.0
2020-10-09 11:00:00,3510.0,3537.0,3510.0,3537.0,14.0,352.0
2020-10-09 11:30:00,3537.0,3537.0,3535.0,3535.0,2.0,354.0
2020-10-09 14:00:00,3535.0,3547.0,3534.0,3545.0,15.0,343.0
2020-10-09 14:30:00,3545.0,3548.0,3541.0,3546.0,4.0,341.0
2020-10-09 15:00:00,3546.0,3547.0,3546.0,3547.0,1.0,340.0
2020-10-09 21:30:00,3559.0,3559.0,3549.0,3549.0,7.0,347.0
2020-10-09 22:00:00,3549.0,3549.0,3547.0,3548.0,8.0,339.0
2020-10-09 22:30:00,3548.0,3548.0,3546.0,3548.0,14.0,336.0
2020-10-09 23:00:00,3548.0,3549.0,3548.0,3549.0,1.0,335.0
2020-10-12 09:30:00,3549.0,3559.0,3548.0,3548.0,18.0,333.0
2020-10-12 10:00:00,3548.0,3558.0,3548.0,3558.0,22.0,352.0
2020-10-12 10:15:00,3558.0,3558.0,3558.0,3558.0,0.0,352.0
2020-10-12 11:00:00,3558.0,3558.0,3558.0,3558.0,0.0,352.0
2020-10-12 11:30:00,3558.0,3558.0,3558.0,3558.0,0.0,352.0
2020-10-12 14:00:00,3558.0,3558.0,3547.0,3547.0,1.0,351.0
2020-10-12 14:30:00,3547.0,3547.0,3547.0,3547.0,1.0,350.0
2020-10-12 15:00:00,3547.0,3547.0,3547.0,3547.0,0.0,350.0
2020-10-12 21:30:00,3547.0,3547.0,3547.0,3547.0,0.0,350.0
2020-10-12 22:00:00,3547.0,3547.0,3540.0,3540.0,18.0,354.0
2020-10-12 22:30:00,3540.0,3547.0,3540.0,3547.0,3.0,357.0
2020-10-12 23:00:00,3547.0,3547.0,3547.0,3547.0,0.0,357.0
2020-10-13 09:30:00,3547.0,3547.0,3536.0,3536.0,23.0,369.0
2020-10-13 10:00:00,3536.0,3536.0,3536.0,3536.0,0.0,369.0
2020-10-13 10:15:00,3536.0,3545.0,3536.0,3545.0,1.0,368.0
2020-10-13 11:00:00,3545.0,3545.0,3536.0,3544.0,11.0,363.0
2020-10-13 11:30:00,3544.0,3546.0,3534.0,3534.0,7.0,359.0
2020-10-13 14:00:00,3534.0,3534.0,3534.0,3534.0,4.0,357.0
2020-10-13 14:30:00,3534.0,3534.0,3534.0,3534.0,0.0,357.0
2020-10-13 15:00:00,3534.0,3534.0,3534.0,3534.0,3.0,356.0
2020-10-13 21:30:00,3534.0,3541.0,3534.0,3541.0,2.0,356.0
2020-10-13 22:00:00,3541.0,3541.0,3531.0,3531.0,1.0,356.0
2020-10-13 22:30:00,3531.0,3531.0,3531.0,3531.0,0.0,356.0
2020-10-13 23:00:00,3531.0,3531.0,3531.0,3531.0,0.0,356.0
2020-10-14 09:30:00,3531.0,3536.0,3529.0,3529.0,2.0,358.0
2020-10-14 10:00:00,3529.0,3529.0,3529.0,3529.0,0.0,358.0
2020-10-14 10:15:00,3529.0,3529.0,3529.0,3529.0,0.0,358.0
2020-10-14 11:00:00,3529.0,3529.0,3527.0,3527.0,2.0,360.0
2020-10-14 11:30:00,3527.0,3527.0,3521.0,3521.0,7.0,367.0
2020-10-14 14:00:00,3521.0,3521.0,3521.0,3521.0,0.0,367.0
2020-10-14 14:30:00,3521.0,3527.0,3521.0,3527.0,2.0,366.0
2020-10-14 15:00:00,3527.0,3527.0,3527.0,3527.0,2.0,366.0
2020-10-14 21:30:00,3527.0,3527.0,3527.0,3527.0,0.0,366.0
2020-10-14 22:00:00,3527.0,3527.0,3527.0,3527.0,0.0,366.0
2020-10-14 22:30:00,3527.0,3527.0,3527.0,3527.0,0.0,366.0
2020-10-14 23:00:00,3527.0,3527.0,3527.0,3527.0,0.0,366.0
2020-10-15 09:30:00,3527.0,3527.0,3506.0,3506.0,54.0,420.0
2020-10-15 10:00:00,3506.0,3506.0,3491.0,3491.0,21.0,440.0
2020-10-15 10:15:00,3491.0,3492.0,3491.0,3492.0,4.0,444.0
2020-10-15 11:00:00,3492.0,3492.0,3491.0,3491.0,6.0,444.0
2020-10-15 11:30:00,3491.0,3499.0,3489.0,3499.0,7.0,451.0
2020-10-15 14:00:00,3499.0,3505.0,3496.0,3504.0,14.0,438.0
2020-10-15 14:30:00,3504.0,3504.0,3491.0,3491.0,3.0,439.0
2020-10-15 15:00:00,3491.0,3497.0,3491.0,3491.0,8.0,439.0
2020-10-15 21:30:00,3491.0,3498.0,3491.0,3495.0,2.0,438.0
2020-10-15 22:00:00,3495.0,3497.0,3495.0,3497.0,3.0,438.0
2020-10-15 22:30:00,3497.0,3497.0,3490.0,3490.0,1.0,439.0
2020-10-15 23:00:00,3490.0,3492.0,3488.0,3488.0,5.0,442.0
2020-10-16 09:30:00,3488.0,3488.0,3488.0,3488.0,0.0,442.0
2020-10-16 10:00:00,3488.0,3488.0,3488.0,3488.0,0.0,442.0
2020-10-16 10:15:00,3488.0,3488.0,3488.0,3488.0,0.0,442.0
2020-10-16 11:00:00,3488.0,3497.0,3488.0,3497.0,16.0,440.0
2020-10-16 11:30:00,3497.0,3497.0,3491.0,3491.0,6.0,446.0
2020-10-16 14:00:00,3491.0,3497.0,3491.0,3497.0,1.0,445.0
2020-10-16 14:30:00,3497.0,3505.0,3497.0,3498.0,14.0,432.0
2020-10-16 15:00:00,3498.0,3498.0,3498.0,3498.0,0.0,432.0
2020-10-16 21:30:00,3498.0,3498.0,3498.0,3498.0,0.0,432.0
2020-10-16 22:00:00,3498.0,3498.0,3498.0,3498.0,0.0,432.0
2020-10-16 22:30:00,3498.0,3498.0,3498.0,3498.0,0.0,432.0
2020-10-16 23:00:00,3498.0,3504.0,3498.0,3504.0,5.0,432.0
2020-10-19 09:30:00,3504.0,3515.0,3504.0,3512.0,17.0,427.0
2020-10-19 10:00:00,3512.0,3514.0,3509.0,3514.0,6.0,425.0
2020-10-19 10:15:00,3514.0,3514.0,3495.0,3495.0,16.0,428.0
2020-10-19 11:00:00,3495.0,3495.0,3488.0,3488.0,17.0,440.0
2020-10-19 11:30:00,3488.0,3488.0,3475.0,3480.0,26.0,466.0
2020-10-19 14:00:00,3480.0,3493.0,3480.0,3493.0,2.0,466.0
2020-10-19 14:30:00,3493.0,3493.0,3493.0,3493.0,0.0,466.0
2020-10-19 15:00:00,3493.0,3493.0,3493.0,3493.0,0.0,466.0
2020-10-19 21:30:00,3493.0,3493.0,3493.0,3493.0,0.0,466.0
2020-10-19 22:00:00,3493.0,3493.0,3493.0,3493.0,0.0,466.0
2020-10-19 22:30:00,3493.0,3493.0,3493.0,3493.0,0.0,466.0
2020-10-19 23:00:00,3493.0,3493.0,3493.0,3493.0,0.0,466.0
2020-10-20 09:30:00,3493.0,3493.0,3493.0,3493.0,0.0,466.0
2020-10-20 10:00:00,3493.0,3493.0,3487.0,3487.0,1.0,466.0
2020-10-20 10:15:00,3487.0,3487.0,3487.0,3487.0,0.0,466.0
2020-10-20 11:00:00,3487.0,3487.0,3485.0,3485.0,1.0,466.0
2020-10-20 11:30:00,3485.0,3485.0,3485.0,3485.0,0.0,466.0
2020-10-20 14:00:00,3485.0,3491.0,3484.0,3491.0,8.0,468.0
2020-10-20 14:30:00,3491.0,3491.0,3484.0,3484.0,7.0,474.0
2020-10-20 15:00:00,3484.0,3484.0,3483.0,3483.0,8.0,472.0
2020-10-20 21:30:00,3483.0,3483.0,3483.0,3483.0,0.0,472.0
2020-10-20 22:00:00,3483.0,3483.0,3483.0,3483.0,0.0,472.0
2020-10-20 22:30:00,3483.0,3483.0,3483.0,3483.0,0.0,472.0
2020-10-20 23:00:00,3483.0,3484.0,3481.0,3481.0,6.0,466.0
2020-10-21 09:30:00,3481.0,3481.0,3481.0,3481.0,0.0,466.0
2020-10-21 10:00:00,3481.0,3484.0,3481.0,3483.0,22.0,487.0
2020-10-21 10:15:00,3483.0,3483.0,3483.0,3483.0,0.0,487.0
2020-10-21 11:00:00,3483.0,3485.0,3483.0,3485.0,3.0,486.0
2020-10-21 11:30:00,3485.0,3489.0,3485.0,3488.0,10.0,482.0
2020-10-21 14:00:00,3488.0,3488.0,3488.0,3488.0,0.0,482.0
2020-10-21 14:30:00,3488.0,3488.0,3488.0,3488.0,0.0,482.0
2020-10-21 15:00:00,3488.0,3502.0,3488.0,3496.0,5.0,478.0
2020-10-21 21:30:00,3496.0,3510.0,3496.0,3509.0,3.0,478.0
2020-10-21 22:00:00,3509.0,3509.0,3509.0,3509.0,0.0,478.0
2020-10-21 22:30:00,3509.0,3509.0,3498.0,3498.0,1.0,477.0
2020-10-21 23:00:00,3498.0,3509.0,3498.0,3509.0,5.0,473.0
2020-10-22 09:30:00,3509.0,3509.0,3504.0,3504.0,2.0,473.0
2020-10-22 10:00:00,3504.0,3504.0,3504.0,3504.0,0.0,473.0
2020-10-22 10:15:00,3504.0,3504.0,3504.0,3504.0,0.0,473.0
2020-10-22 11:00:00,3504.0,3504.0,3504.0,3504.0,0.0,473.0
2020-10-22 11:30:00,3504.0,3504.0,3504.0,3504.0,0.0,473.0
2020-10-22 14:00:00,3504.0,3504.0,3504.0,3504.0,0.0,473.0
2020-10-22 14:30:00,3504.0,3504.0,3504.0,3504.0,0.0,473.0
2020-10-22 15:00:00,3504.0,3504.0,3504.0,3504.0,0.0,473.0
2020-10-22 21:30:00,3504.0,3504.0,3504.0,3504.0,0.0,473.0
2020-10-22 22:00:00,3504.0,3504.0,3504.0,3504.0,0.0,473.0
2020-10-22 22:30:00,3504.0,3507.0,3504.0,3507.0,1.0,472.0
2020-10-22 23:00:00,3507.0,3507.0,3501.0,3501.0,13.0,474.0
2020-10-23 09:30:00,3501.0,3517.0,3501.0,3517.0,8.0,473.0
2020-10-23 10:00:00,3517.0,3517.0,3517.0,3517.0,0.0,473.0
2020-10-23 10:15:00,3517.0,3517.0,3517.0,3517.0,0.0,473.0
2020-10-23 11:00:00,3517.0,3517.0,3517.0,3517.0,0.0,473.0
2020-10-23 11:30:00,3517.0,3517.0,3517.0,3517.0,0.0,473.0
2020-10-23 14:00:00,3517.0,3517.0,3517.0,3517.0,0.0,473.0
2020-10-23 14:30:00,3517.0,3517.0,3498.0,3498.0,11.0,469.0
2020-10-23 15:00:00,3498.0,3498.0,3498.0,3498.0,0.0,469.0
2020-10-23 21:30:00,3498.0,3498.0,3498.0,3498.0,0.0,469.0
2020-10-23 22:00:00,3498.0,3498.0,3498.0,3498.0,0.0,469.0
2020-10-23 22:30:00,3498.0,3498.0,3498.0,3498.0,0.0,469.0
2020-10-23 23:00:00,3498.0,3498.0,3483.0,3483.0,2.0,471.0
2020-10-26 09:30:00,3483.0,3483.0,3483.0,3483.0,0.0,471.0
2020-10-26 10:00:00,3483.0,3483.0,3483.0,3483.0,0.0,471.0
2020-10-26 10:15:00,3483.0,3483.0,3483.0,3483.0,0.0,471.0
2020-10-26 11:00:00,3483.0,3483.0,3483.0,3483.0,0.0,471.0
2020-10-26 11:30:00,3483.0,3483.0,3483.0,3483.0,0.0,471.0
2020-10-26 14:00:00,3483.0,3483.0,3483.0,3483.0,0.0,471.0
2020-10-26 14:30:00,3483.0,3483.0,3483.0,3483.0,0.0,471.0
2020-10-26 15:00:00,3483.0,3483.0,3477.0,3477.0,1.0,472.0
2020-10-26 21:30:00,3477.0,3477.0,3477.0,3477.0,0.0,472.0
2020-10-26 22:00:00,3477.0,3477.0,3477.0,3477.0,0.0,472.0
2020-10-26 22:30:00,3477.0,3477.0,3477.0,3477.0,0.0,472.0
2020-10-26 23:00:00,3477.0,3477.0,3477.0,3477.0,0.0,472.0
2020-10-27 09:30:00,3477.0,3479.0,3477.0,3479.0,1.0,472.0
2020-10-27 10:00:00,3479.0,3485.0,3479.0,3485.0,10.0,481.0
2020-10-27 10:15:00,3485.0,3485.0,3485.0,3485.0,0.0,481.0
2020-10-27 11:00:00,3485.0,3485.0,3485.0,3485.0,0.0,481.0
2020-10-27 11:30:00,3485.0,3485.0,3485.0,3485.0,0.0,481.0
2020-10-27 14:00:00,3485.0,3485.0,3485.0,3485.0,0.0,481.0
2020-10-27 14:30:00,3485.0,3485.0,3485.0,3485.0,0.0,481.0
2020-10-27 15:00:00,3485.0,3485.0,3485.0,3485.0,0.0,481.0
2020-10-27 21:30:00,3485.0,3487.0,3485.0,3487.0,2.0,481.0
2020-10-27 22:00:00,3487.0,3487.0,3487.0,3487.0,0.0,481.0
2020-10-27 22:30:00,3487.0,3487.0,3487.0,3487.0,0.0,481.0
2020-10-27 23:00:00,3487.0,3487.0,3487.0,3487.0,0.0,481.0
2020-10-28 09:30:00,3487.0,3492.0,3487.0,3492.0,1.0,481.0
2020-10-28 10:00:00,3492.0,3492.0,3490.0,3490.0,1.0,481.0
2020-10-28 10:15:00,3490.0,3490.0,3490.0,3490.0,0.0,481.0
2020-10-28 11:00:00,3490.0,3490.0,3488.0,3488.0,1.0,482.0
2020-10-28 11:30:00,3488.0,3488.0,3488.0,3488.0,0.0,482.0
2020-10-28 14:00:00,3488.0,3506.0,3488.0,3506.0,1.0,481.0
2020-10-28 14:30:00,3506.0,3506.0,3506.0,3506.0,0.0,481.0
2020-10-28 15:00:00,3506.0,3506.0,3499.0,3499.0,1.0,481.0
2020-10-28 21:30:00,3499.0,3499.0,3499.0,3499.0,0.0,481.0
2020-10-28 22:00:00,3499.0,3499.0,3499.0,3499.0,0.0,481.0
2020-10-28 22:30:00,3499.0,3499.0,3499.0,3499.0,0.0,481.0
2020-10-28 23:00:00,3499.0,3499.0,3499.0,3499.0,0.0,481.0
2020-10-29 09:30:00,3499.0,3499.0,3499.0,3499.0,0.0,481.0
2020-10-29 10:00:00,3499.0,3499.0,3499.0,3499.0,0.0,481.0
2020-10-29 10:15:00,3499.0,3507.0,3499.0,3507.0,1.0,481.0
2020-10-29 11:00:00,3507.0,3512.0,3507.0,3512.0,1.0,480.0
2020-10-29 11:30:00,3512.0,3512.0,3512.0,3512.0,0.0,480.0
2020-10-29 14:00:00,3512.0,3512.0,3512.0,3512.0,0.0,480.0
2020-10-29 14:30:00,3512.0,3512.0,3512.0,3512.0,0.0,480.0
2020-10-29 15:00:00,3512.0,3518.0,3506.0,3518.0,6.0,480.0
2020-10-29 21:30:00,3518.0,3518.0,3499.0,3503.0,5.0,482.0
2020-10-29 22:00:00,3503.0,3503.0,3503.0,3503.0,3.0,483.0
2020-10-29 22:30:00,3503.0,3503.0,3503.0,3503.0,0.0,483.0
2020-10-29 23:00:00,3503.0,3503.0,3503.0,3503.0,0.0,483.0
2020-10-30 09:30:00,3503.0,3526.0,3503.0,3526.0,7.0,476.0
2020-10-30 10:00:00,3526.0,3526.0,3526.0,3526.0,1.0,475.0
2020-10-30 10:15:00,3526.0,3526.0,3525.0,3525.0,2.0,474.0
2020-10-30 11:00:00,3525.0,3525.0,3525.0,3525.0,0.0,474.0
2020-10-30 11:30:00,3525.0,3525.0,3503.0,3522.0,14.0,473.0
2020-10-30 14:00:00,3522.0,3522.0,3522.0,3522.0,0.0,473.0
2020-10-30 14:30:00,3522.0,3522.0,3516.0,3517.0,3.0,470.0
2020-10-30 15:00:00,3517.0,3517.0,3517.0,3517.0,0.0,470.0
2020-10-30 21:30:00,3517.0,3539.0,3517.0,3539.0,1.0,471.0
2020-10-30 22:00:00,3539.0,3539.0,3539.0,3539.0,0.0,471.0
2020-10-30 22:30:00,3539.0,3539.0,3539.0,3539.0,0.0,471.0
2020-10-30 23:00:00,3539.0,3539.0,3514.0,3514.0,9.0,462.0
2020-11-02 09:30:00,3514.0,3514.0,3514.0,3514.0,0.0,462.0
2020-11-02 10:00:00,3514.0,3540.0,3514.0,3540.0,15.0,455.0
2020-11-02 10:15:00,3540.0,3540.0,3540.0,3540.0,3.0,452.0
2020-11-02 11:00:00,3540.0,3540.0,3535.0,3535.0,2.0,453.0
2020-11-02 11:30:00,3535.0,3535.0,3530.0,3533.0,20.0,437.0
2020-11-02 14:00:00,3533.0,3540.0,3533.0,3540.0,1.0,437.0
2020-11-02 14:30:00,3540.0,3540.0,3540.0,3540.0,0.0,437.0
2020-11-02 15:00:00,3540.0,3540.0,3540.0,3540.0,0.0,437.0
2020-11-02 21:30:00,3540.0,3551.0,3540.0,3551.0,2.0,436.0
2020-11-02 22:00:00,3551.0,3551.0,3551.0,3551.0,0.0,436.0
2020-11-02 22:30:00,3551.0,3551.0,3551.0,3551.0,0.0,436.0
2020-11-02 23:00:00,3551.0,3551.0,3534.0,3534.0,2.0,437.0
2020-11-03 09:30:00,3534.0,3540.0,3534.0,3540.0,5.0,442.0
2020-11-03 10:00:00,3540.0,3540.0,3533.0,3533.0,7.0,443.0
2020-11-03 10:15:00,3533.0,3533.0,3533.0,3533.0,0.0,443.0
2020-11-03 11:00:00,3533.0,3540.0,3533.0,3540.0,2.0,443.0
2020-11-03 11:30:00,3540.0,3540.0,3540.0,3540.0,0.0,443.0
2020-11-03 14:00:00,3540.0,3540.0,3540.0,3540.0,0.0,443.0
2020-11-03 14:30:00,3540.0,3540.0,3540.0,3540.0,0.0,443.0
2020-11-03 15:00:00,3540.0,3540.0,3540.0,3540.0,0.0,443.0
2020-11-03 21:30:00,3540.0,3540.0,3535.0,3535.0,1.0,444.0
2020-11-03 22:00:00,3535.0,3535.0,3535.0,3535.0,0.0,444.0
2020-11-03 22:30:00,3535.0,3535.0,3535.0,3535.0,0.0,444.0
2020-11-03 23:00:00,3535.0,3543.0,3535.0,3543.0,1.0,444.0
2020-11-04 09:30:00,3543.0,3549.0,3543.0,3546.0,2.0,443.0
2020-11-04 10:00:00,3546.0,3559.0,3546.0,3559.0,3.0,440.0
2020-11-04 10:15:00,3559.0,3559.0,3559.0,3559.0,0.0,440.0
2020-11-04 11:00:00,3559.0,3559.0,3559.0,3559.0,0.0,440.0
2020-11-04 11:30:00,3559.0,3559.0,3559.0,3559.0,0.0,440.0
2020-11-04 14:00:00,3559.0,3566.0,3559.0,3566.0,3.0,438.0
2020-11-04 14:30:00,3566.0,3570.0,3565.0,3565.0,2.0,439.0
2020-11-04 15:00:00,3565.0,3565.0,3565.0,3565.0,0.0,439.0
2020-11-04 21:30:00,3565.0,3565.0,3565.0,3565.0,0.0,439.0
2020-11-04 22:00:00,3565.0,3565.0,3565.0,3565.0,0.0,439.0
2020-11-04 22:30:00,3565.0,3565.0,3565.0,3565.0,0.0,439.0
2020-11-04 23:00:00,3565.0,3565.0,3565.0,3565.0,0.0,439.0
2020-11-05 09:30:00,3565.0,3565.0,3565.0,3565.0,0.0,439.0
2020-11-05 10:00:00,3565.0,3565.0,3565.0,3565.0,0.0,439.0
2020-11-05 10:15:00,3565.0,3565.0,3545.0,3545.0,1.0,439.0
2020-11-05 11:00:00,3545.0,3545.0,3545.0,3545.0,1.0,439.0
2020-11-05 11:30:00,3545.0,3545.0,3545.0,3545.0,0.0,439.0
2020-11-05 14:00:00,3545.0,3545.0,3545.0,3545.0,0.0,439.0
2020-11-05 14:30:00,3545.0,3545.0,3545.0,3545.0,0.0,439.0
2020-11-05 15:00:00,3545.0,3548.0,3545.0,3548.0,1.0,439.0
2020-11-05 21:30:00,3548.0,3560.0,3548.0,3560.0,4.0,439.0
2020-11-05 22:00:00,3560.0,3560.0,3560.0,3560.0,2.0,440.0
2020-11-05 22:30:00,3560.0,3560.0,3560.0,3560.0,0.0,440.0
2020-11-05 23:00:00,3560.0,3560.0,3560.0,3560.0,0.0,440.0
2020-11-06 09:30:00,3560.0,3579.0,3560.0,3571.0,3.0,438.0
2020-11-06 10:00:00,3571.0,3578.0,3567.0,3567.0,3.0,439.0
2020-11-06 10:15:00,3567.0,3570.0,3567.0,3570.0,1.0,440.0
2020-11-06 11:00:00,3570.0,3570.0,3568.0,3568.0,3.0,440.0
2020-11-06 11:30:00,3568.0,3568.0,3568.0,3568.0,0.0,440.0
2020-11-06 14:00:00,3568.0,3575.0,3568.0,3575.0,2.0,440.0
2020-11-06 14:30:00,3575.0,3575.0,3575.0,3575.0,4.0,440.0
2020-11-06 15:00:00,3575.0,3575.0,3574.0,3574.0,1.0,440.0
2020-11-06 21:30:00,3574.0,3574.0,3574.0,3574.0,0.0,440.0
2020-11-06 22:00:00,3574.0,3579.0,3572.0,3578.0,15.0,430.0
2020-11-06 22:30:00,3578.0,3583.0,3578.0,3583.0,3.0,430.0
2020-11-06 23:00:00,3583.0,3590.0,3583.0,3590.0,9.0,423.0
2020-11-09 09:30:00,3590.0,3640.0,3590.0,3631.0,20.0,418.0
2020-11-09 10:00:00,3631.0,3632.0,3601.0,3632.0,14.0,411.0
2020-11-09 10:15:00,3632.0,3632.0,3632.0,3632.0,0.0,411.0
2020-11-09 11:00:00,3632.0,3639.0,3631.0,3633.0,7.0,409.0
2020-11-09 11:30:00,3633.0,3635.0,3633.0,3634.0,4.0,408.0
2020-11-09 14:00:00,3634.0,3634.0,3619.0,3619.0,2.0,406.0
2020-11-09 14:30:00,3619.0,3619.0,3619.0,3619.0,0.0,406.0
2020-11-09 15:00:00,3619.0,3619.0,3619.0,3619.0,0.0,406.0
2020-11-09 21:30:00,3619.0,3649.0,3619.0,3640.0,11.0,406.0
2020-11-09 22:00:00,3640.0,3640.0,3640.0,3640.0,0.0,406.0
2020-11-09 22:30:00,3640.0,3640.0,3640.0,3640.0,0.0,406.0
2020-11-09 23:00:00,3640.0,3640.0,3640.0,3640.0,11.0,406.0
2020-11-10 09:30:00,3640.0,3642.0,3630.0,3641.0,11.0,407.0
2020-11-10 10:00:00,3641.0,3641.0,3641.0,3641.0,0.0,407.0
2020-11-10 10:15:00,3641.0,3641.0,3627.0,3627.0,9.0,403.0
2020-11-10 11:00:00,3627.0,3627.0,3626.0,3626.0,1.0,402.0
2020-11-10 11:30:00,3626.0,3644.0,3626.0,3644.0,6.0,402.0
2020-11-10 14:00:00,3644.0,3644.0,3617.0,3618.0,10.0,400.0
2020-11-10 14:30:00,3618.0,3626.0,3612.0,3613.0,17.0,404.0
2020-11-10 15:00:00,3613.0,3618.0,3604.0,3607.0,36.0,410.0
2020-11-10 21:30:00,3607.0,3611.0,3605.0,3605.0,4.0,410.0
2020-11-10 22:00:00,3605.0,3616.0,3605.0,3616.0,2.0,408.0
2020-11-10 22:30:00,3616.0,3619.0,3616.0,3619.0,1.0,407.0
2020-11-10 23:00:00,3619.0,3619.0,3619.0,3619.0,0.0,407.0
2020-11-11 09:30:00,3619.0,3624.0,3619.0,3624.0,5.0,406.0
2020-11-11 10:00:00,3624.0,3624.0,3624.0,3624.0,0.0,406.0
2020-11-11 10:15:00,3624.0,3624.0,3624.0,3624.0,0.0,406.0
2020-11-11 11:00:00,3624.0,3627.0,3624.0,3627.0,7.0,406.0
2020-11-11 11:30:00,3628.0,3633.0,3628.0,3633.0,14.0,407.0
2020-11-11 14:00:00,3633.0,3633.0,3615.0,3628.0,15.0,407.0
2020-11-11 14:30:00,3628.0,3628.0,3623.0,3623.0,1.0,407.0
2020-11-11 15:00:00,3623.0,3623.0,3610.0,3610.0,1.0,407.0
2020-11-11 21:30:00,3610.0,3610.0,3610.0,3610.0,0.0,407.0
2020-11-11 22:00:00,3610.0,3610.0,3610.0,3610.0,0.0,407.0
2020-11-11 22:30:00,3610.0,3610.0,3610.0,3610.0,0.0,407.0
2020-11-11 23:00:00,3610.0,3610.0,3610.0,3610.0,0.0,407.0
2020-11-12 09:30:00,3619.0,3619.0,3610.0,3610.0,20.0,400.0
2020-11-12 10:00:00,3610.0,3623.0,3610.0,3623.0,1.0,400.0
2020-11-12 10:15:00,3623.0,3623.0,3623.0,3623.0,0.0,400.0
2020-11-12 11:00:00,3623.0,3629.0,3623.0,3629.0,1.0,401.0
2020-11-12 11:30:00,3629.0,3629.0,3629.0,3629.0,0.0,401.0
2020-11-12 14:00:00,3629.0,3634.0,3628.0,3628.0,13.0,402.0
2020-11-12 14:30:00,3628.0,3628.0,3601.0,3601.0,4.0,400.0
2020-11-12 15:00:00,3601.0,3615.0,3601.0,3615.0,1.0,400.0
2020-11-12 21:30:00,3615.0,3615.0,3615.0,3615.0,0.0,400.0
2020-11-12 22:00:00,3615.0,3615.0,3615.0,3615.0,0.0,400.0
2020-11-12 22:30:00,3615.0,3615.0,3615.0,3615.0,0.0,400.0
2020-11-12 23:00:00,3615.0,3615.0,3615.0,3615.0,0.0,400.0
2020-11-13 09:30:00,3615.0,3615.0,3615.0,3615.0,0.0,400.0
2020-11-13 10:00:00,3615.0,3615.0,3615.0,3615.0,0.0,400.0
2020-11-13 10:15:00,3615.0,3615.0,3615.0,3615.0,0.0,400.0
2020-11-13 11:00:00,3615.0,3615.0,3615.0,3615.0,0.0,400.0
2020-11-13 11:30:00,3615.0,3615.0,3615.0,3615.0,0.0,400.0
2020-11-13 14:00:00,3615.0,3615.0,3598.0,3598.0,4.0,400.0
2020-11-13 14:30:00,3598.0,3598.0,3598.0,3598.0,0.0,400.0
2020-11-13 15:00:00,3598.0,3598.0,3598.0,3598.0,0.0,400.0
2020-11-13 21:30:00,3598.0,3598.0,3598.0,3598.0,0.0,400.0
2020-11-13 22:00:00,3598.0,3598.0,3598.0,3598.0,0.0,400.0
2020-11-13 22:30:00,3598.0,3598.0,3598.0,3598.0,0.0,400.0
2020-11-13 23:00:00,3598.0,3598.0,3598.0,3598.0,0.0,400.0
2020-11-16 09:30:00,3598.0,3598.0,3595.0,3595.0,2.0,402.0
2020-11-16 10:00:00,3595.0,3595.0,3583.0,3583.0,2.0,400.0
2020-11-16 10:15:00,3583.0,3594.0,3583.0,3594.0,1.0,400.0
2020-11-16 11:00:00,3594.0,3594.0,3594.0,3594.0,0.0,400.0
2020-11-16 11:30:00,3594.0,3594.0,3594.0,3594.0,0.0,400.0
2020-11-16 14:00:00,3594.0,3594.0,3594.0,3594.0,0.0,400.0
2020-11-16 14:30:00,3594.0,3594.0,3594.0,3594.0,0.0,400.0
2020-11-16 15:00:00,3594.0,3610.0,3594.0,3610.0,2.0,401.0
2020-11-16 21:30:00,3627.0,3627.0,3627.0,3627.0,2.0,401.0
2020-11-16 22:00:00,3627.0,3627.0,3627.0,3627.0,0.0,401.0
2020-11-16 22:30:00,3627.0,3634.0,3627.0,3631.0,6.0,396.0
2020-11-16 23:00:00,3631.0,3647.0,3631.0,3645.0,5.0,397.0
2020-11-17 09:30:00,3645.0,3645.0,3635.0,3636.0,2.0,398.0
2020-11-17 10:00:00,3636.0,3647.0,3636.0,3647.0,1.0,398.0
2020-11-17 10:15:00,3647.0,3647.0,3647.0,3647.0,0.0,398.0
2020-11-17 11:00:00,3647.0,3647.0,3647.0,3647.0,0.0,398.0
2020-11-17 11:30:00,3647.0,3647.0,3639.0,3639.0,1.0,399.0
2020-11-17 14:00:00,3639.0,3647.0,3636.0,3636.0,6.0,399.0
2020-11-17 14:30:00,3636.0,3660.0,3636.0,3660.0,4.0,396.0
2020-11-17 15:00:00,3660.0,3662.0,3660.0,3660.0,6.0,390.0
2020-11-17 21:30:00,3660.0,3666.0,3660.0,3666.0,1.0,389.0
2020-11-17 22:00:00,3666.0,3666.0,3666.0,3666.0,0.0,389.0
2020-11-17 22:30:00,3666.0,3666.0,3666.0,3666.0,0.0,389.0
2020-11-17 23:00:00,3666.0,3666.0,3652.0,3652.0,1.0,389.0
2020-11-18 09:30:00,3652.0,3652.0,3643.0,3643.0,2.0,389.0
2020-11-18 10:00:00,3643.0,3643.0,3630.0,3630.0,4.0,391.0
2020-11-18 10:15:00,3630.0,3630.0,3630.0,3630.0,0.0,391.0
2020-11-18 11:00:00,3630.0,3630.0,3630.0,3630.0,0.0,391.0
2020-11-18 11:30:00,3630.0,3647.0,3630.0,3647.0,4.0,394.0
2020-11-18 14:00:00,3647.0,3647.0,3647.0,3647.0,0.0,394.0
2020-11-18 14:30:00,3647.0,3647.0,3647.0,3647.0,0.0,394.0
2020-11-18 15:00:00,3647.0,3647.0,3640.0,3640.0,2.0,395.0
2020-11-18 21:30:00,3640.0,3640.0,3640.0,3640.0,0.0,395.0
2020-11-18 22:00:00,3640.0,3640.0,3640.0,3640.0,0.0,395.0
2020-11-18 22:30:00,3640.0,3640.0,3640.0,3640.0,0.0,395.0
2020-11-18 23:00:00,3640.0,3640.0,3640.0,3640.0,0.0,395.0
2020-11-19 09:30:00,3640.0,3640.0,3640.0,3640.0,0.0,395.0
2020-11-19 10:00:00,3640.0,3667.0,3640.0,3660.0,6.0,390.0
2020-11-19 10:15:00,3660.0,3660.0,3660.0,3660.0,0.0,390.0
2020-11-19 11:00:00,3660.0,3660.0,3658.0,3658.0,1.0,390.0
2020-11-19 11:30:00,3658.0,3658.0,3658.0,3658.0,0.0,390.0
2020-11-19 14:00:00,3658.0,3658.0,3658.0,3658.0,0.0,390.0
2020-11-19 14:30:00,3658.0,3658.0,3658.0,3658.0,0.0,390.0
2020-11-19 15:00:00,3658.0,3658.0,3658.0,3658.0,0.0,390.0
2020-11-19 21:30:00,3658.0,3659.0,3646.0,3659.0,2.0,391.0
2020-11-19 22:00:00,3659.0,3659.0,3659.0,3659.0,0.0,391.0
2020-11-19 22:30:00,3659.0,3661.0,3659.0,3661.0,1.0,390.0
2020-11-19 23:00:00,3661.0,3670.0,3661.0,3666.0,2.0,389.0
2020-11-20 09:30:00,3666.0,3666.0,3663.0,3663.0,1.0,388.0
2020-11-20 10:00:00,3663.0,3664.0,3660.0,3660.0,2.0,386.0
2020-11-20 10:15:00,3660.0,3660.0,3660.0,3660.0,0.0,386.0
2020-11-20 11:00:00,3660.0,3660.0,3660.0,3660.0,0.0,386.0
2020-11-20 11:30:00,3660.0,3660.0,3660.0,3660.0,0.0,386.0
2020-11-20 14:00:00,3660.0,3661.0,3659.0,3661.0,6.0,383.0
2020-11-20 14:30:00,3661.0,3666.0,3661.0,3666.0,1.0,382.0
2020-11-20 15:00:00,3666.0,3672.0,3666.0,3671.0,10.0,379.0
2020-11-20 21:30:00,3671.0,3686.0,3671.0,3679.0,25.0,361.0
2020-11-20 22:00:00,3679.0,3679.0,3679.0,3679.0,1.0,361.0
2020-11-20 22:30:00,3679.0,3679.0,3679.0,3679.0,0.0,361.0
2020-11-20 23:00:00,3679.0,3679.0,3679.0,3679.0,0.0,361.0
2020-11-23 09:30:00,3679.0,3679.0,3626.0,3626.0,10.0,364.0
2020-11-23 10:00:00,3626.0,3642.0,3626.0,3642.0,2.0,364.0
2020-11-23 10:15:00,3642.0,3642.0,3642.0,3642.0,0.0,364.0
2020-11-23 11:00:00,3642.0,3644.0,3642.0,3644.0,1.0,365.0
2020-11-23 11:30:00,3644.0,3644.0,3644.0,3644.0,0.0,365.0
2020-11-23 14:00:00,3644.0,3644.0,3644.0,3644.0,0.0,365.0
2020-11-23 14:30:00,3644.0,3644.0,3644.0,3644.0,0.0,365.0
2020-11-23 15:00:00,3644.0,3644.0,3626.0,3626.0,4.0,367.0
2020-11-23 21:30:00,3626.0,3626.0,3626.0,3626.0,0.0,367.0
2020-11-23 22:00:00,3626.0,3626.0,3621.0,3621.0,1.0,368.0
2020-11-23 22:30:00,3621.0,3621.0,3621.0,3621.0,0.0,368.0
2020-11-23 23:00:00,3621.0,3621.0,3621.0,3621.0,0.0,368.0
2020-11-24 09:30:00,3621.0,3630.0,3621.0,3630.0,2.0,370.0
2020-11-24 10:00:00,3630.0,3630.0,3630.0,3630.0,0.0,370.0
2020-11-24 10:15:00,3630.0,3630.0,3630.0,3630.0,0.0,370.0
2020-11-24 11:00:00,3630.0,3630.0,3630.0,3630.0,0.0,370.0
2020-11-24 11:30:00,3630.0,3630.0,3630.0,3630.0,0.0,370.0
2020-11-24 14:00:00,3630.0,3630.0,3630.0,3630.0,0.0,370.0
2020-11-24 14:30:00,3630.0,3630.0,3630.0,3630.0,0.0,370.0
2020-11-24 15:00:00,3630.0,3630.0,3630.0,3630.0,0.0,370.0
2020-11-24 21:30:00,3630.0,3630.0,3630.0,3630.0,0.0,370.0
2020-11-24 22:00:00,3630.0,3632.0,3630.0,3632.0,1.0,369.0
2020-11-24 22:30:00,3632.0,3632.0,3632.0,3632.0,0.0,369.0
2020-11-24 23:00:00,3632.0,3647.0,3632.0,3647.0,3.0,366.0
2020-11-25 09:30:00,3647.0,3647.0,3640.0,3640.0,10.0,365.0
2020-11-25 10:00:00,3640.0,3640.0,3640.0,3640.0,0.0,365.0
2020-11-25 10:15:00,3640.0,3640.0,3640.0,3640.0,0.0,365.0
2020-11-25 11:00:00,3640.0,3656.0,3615.0,3634.0,27.0,368.0
2020-11-25 11:30:00,3634.0,3634.0,3628.0,3630.0,4.0,365.0
2020-11-25 14:00:00,3630.0,3630.0,3630.0,3630.0,0.0,365.0
2020-11-25 14:30:00,3630.0,3630.0,3630.0,3630.0,0.0,365.0
2020-11-25 15:00:00,3630.0,3630.0,3630.0,3630.0,0.0,365.0
2020-11-25 21:30:00,3658.0,3660.0,3643.0,3660.0,7.0,365.0
2020-11-25 22:00:00,3660.0,3660.0,3660.0,3660.0,0.0,365.0
2020-11-25 22:30:00,3660.0,3660.0,3652.0,3652.0,9.0,372.0
2020-11-25 23:00:00,3652.0,3652.0,3652.0,3652.0,0.0,372.0
2020-11-26 09:30:00,3652.0,3663.0,3652.0,3663.0,1.0,372.0
2020-11-26 10:00:00,3663.0,3663.0,3663.0,3663.0,0.0,372.0
2020-11-26 10:15:00,3663.0,3663.0,3663.0,3663.0,0.0,372.0
2020-11-26 11:00:00,3663.0,3670.0,3663.0,3670.0,3.0,369.0
2020-11-26 11:30:00,3670.0,3674.0,3670.0,3674.0,1.0,368.0
2020-11-26 14:00:00,3674.0,3685.0,3674.0,3685.0,1.0,369.0
2020-11-26 14:30:00,3685.0,3685.0,3685.0,3685.0,0.0,369.0
2020-11-26 15:00:00,3685.0,3685.0,3685.0,3685.0,0.0,369.0
2020-11-26 21:30:00,3685.0,3685.0,3685.0,3685.0,0.0,369.0
2020-11-26 22:00:00,3685.0,3708.0,3685.0,3702.0,5.0,366.0
2020-11-26 22:30:00,3702.0,3702.0,3702.0,3702.0,0.0,366.0
2020-11-26 23:00:00,3702.0,3702.0,3702.0,3702.0,0.0,366.0
2020-11-27 09:30:00,3702.0,3716.0,3702.0,3714.0,7.0,362.0
2020-11-27 10:00:00,3714.0,3714.0,3714.0,3714.0,0.0,362.0
2020-11-27 10:15:00,3714.0,3730.0,3714.0,3725.0,2.0,360.0
2020-11-27 11:00:00,3725.0,3726.0,3707.0,3726.0,2.0,360.0
2020-11-27 11:30:00,3726.0,3726.0,3722.0,3722.0,1.0,360.0
2020-11-27 14:00:00,3722.0,3722.0,3722.0,3722.0,0.0,360.0
2020-11-27 14:30:00,3722.0,3722.0,3722.0,3722.0,0.0,360.0
2020-11-27 15:00:00,3722.0,3722.0,3722.0,3722.0,0.0,360.0
2020-11-27 21:30:00,3722.0,3722.0,3722.0,3722.0,0.0,360.0
2020-11-27 22:00:00,3722.0,3722.0,3722.0,3722.0,0.0,360.0
2020-11-27 22:30:00,3722.0,3722.0,3722.0,3722.0,0.0,360.0
2020-11-27 23:00:00,3722.0,3722.0,3722.0,3722.0,1.0,360.0
2020-11-30 09:30:00,3722.0,3722.0,3706.0,3708.0,5.0,361.0
2020-11-30 10:00:00,3708.0,3708.0,3708.0,3708.0,0.0,361.0
2020-11-30 10:15:00,3708.0,3708.0,3708.0,3708.0,0.0,361.0
2020-11-30 11:00:00,3708.0,3720.0,3708.0,3720.0,2.0,360.0
2020-11-30 11:30:00,3720.0,3720.0,3720.0,3720.0,0.0,360.0
2020-11-30 14:00:00,3720.0,3720.0,3720.0,3720.0,0.0,360.0
2020-11-30 14:30:00,3720.0,3720.0,3720.0,3720.0,0.0,360.0
2020-11-30 15:00:00,3720.0,3720.0,3720.0,3720.0,0.0,360.0
2020-11-30 21:30:00,3720.0,3720.0,3720.0,3720.0,0.0,360.0
2020-11-30 22:00:00,3720.0,3747.0,3720.0,3747.0,5.0,362.0
2020-11-30 22:30:00,3747.0,3747.0,3699.0,3699.0,3.0,359.0
2020-11-30 23:00:00,3699.0,3699.0,3699.0,3699.0,0.0,359.0
2020-12-01 09:30:00,3699.0,3699.0,3699.0,3699.0,0.0,359.0
2020-12-01 10:00:00,3699.0,3699.0,3699.0,3699.0,0.0,359.0
2020-12-01 10:15:00,3699.0,3699.0,3699.0,3699.0,0.0,359.0
2020-12-01 11:00:00,3699.0,3699.0,3685.0,3685.0,3.0,359.0
2020-12-01 11:30:00,3685.0,3710.0,3685.0,3710.0,5.0,358.0
2020-12-01 14:00:00,3710.0,3710.0,3706.0,3706.0,2.0,358.0
2020-12-01 14:30:00,3706.0,3706.0,3706.0,3706.0,0.0,358.0
2020-12-01 15:00:00,3706.0,3706.0,3706.0,3706.0,0.0,358.0
2020-12-01 21:30:00,3706.0,3726.0,3706.0,3726.0,3.0,359.0
2020-12-01 22:00:00,3726.0,3728.0,3726.0,3728.0,1.0,359.0
2020-12-01 22:30:00,3728.0,3732.0,3728.0,3732.0,2.0,357.0
2020-12-01 23:00:00,3732.0,3732.0,3732.0,3732.0,0.0,357.0
2020-12-02 09:30:00,3732.0,3739.0,3732.0,3739.0,1.0,357.0
2020-12-02 10:00:00,3739.0,3739.0,3739.0,3739.0,0.0,357.0
2020-12-02 10:15:00,3739.0,3739.0,3730.0,3730.0,1.0,356.0
2020-12-02 11:00:00,3730.0,3730.0,3730.0,3730.0,3.0,356.0
2020-12-02 11:30:00,3730.0,3730.0,3730.0,3730.0,0.0,356.0
2020-12-02 14:00:00,3730.0,3734.0,3730.0,3734.0,3.0,354.0
2020-12-02 14:30:00,3734.0,3745.0,3734.0,3745.0,1.0,354.0
2020-12-02 15:00:00,3745.0,3745.0,3741.0,3741.0,1.0,354.0
2020-12-02 21:30:00,3741.0,3748.0,3734.0,3734.0,7.0,356.0
2020-12-02 22:00:00,3734.0,3734.0,3734.0,3734.0,0.0,356.0
2020-12-02 22:30:00,3734.0,3734.0,3734.0,3734.0,0.0,356.0
2020-12-02 23:00:00,3734.0,3734.0,3734.0,3734.0,0.0,356.0
2020-12-03 09:30:00,3734.0,3734.0,3734.0,3734.0,0.0,356.0
2020-12-03 10:00:00,3734.0,3734.0,3734.0,3734.0,0.0,356.0
2020-12-03 10:15:00,3734.0,3734.0,3734.0,3734.0,0.0,356.0
2020-12-03 11:00:00,3734.0,3734.0,3734.0,3734.0,0.0,356.0
2020-12-03 11:30:00,3734.0,3734.0,3734.0,3734.0,0.0,356.0
2020-12-03 14:00:00,3734.0,3734.0,3734.0,3734.0,0.0,356.0
2020-12-03 14:30:00,3734.0,3734.0,3734.0,3734.0,0.0,356.0
2020-12-03 15:00:00,3734.0,3734.0,3734.0,3734.0,0.0,356.0
2020-12-03 21:30:00,3734.0,3734.0,3728.0,3728.0,1.0,356.0
2020-12-03 22:00:00,3728.0,3728.0,3720.0,3720.0,1.0,355.0
2020-12-03 22:30:00,3720.0,3720.0,3720.0,3720.0,0.0,355.0
2020-12-03 23:00:00,3720.0,3720.0,3720.0,3720.0,0.0,355.0
2020-12-04 09:30:00,3720.0,3720.0,3720.0,3720.0,0.0,355.0
2020-12-04 10:00:00,3720.0,3720.0,3720.0,3720.0,0.0,355.0
2020-12-04 10:15:00,3720.0,3720.0,3720.0,3720.0,0.0,355.0
2020-12-04 11:00:00,3720.0,3720.0,3720.0,3720.0,0.0,355.0
2020-12-04 11:30:00,3720.0,3720.0,3720.0,3720.0,0.0,355.0
2020-12-04 14:00:00,3720.0,3747.0,3720.0,3747.0,1.0,355.0
2020-12-04 14:30:00,3747.0,3747.0,3747.0,3747.0,4.0,352.0
2020-12-04 15:00:00,3747.0,3747.0,3747.0,3747.0,0.0,352.0
2020-12-04 21:30:00,3747.0,3774.0,3747.0,3774.0,2.0,352.0
2020-12-04 22:00:00,3774.0,3774.0,3774.0,3774.0,0.0,352.0
2020-12-04 22:30:00,3774.0,3787.0,3774.0,3787.0,1.0,352.0
2020-12-04 23:00:00,3787.0,3787.0,3778.0,3783.0,3.0,352.0
2020-12-07 09:30:00,3783.0,3799.0,3767.0,3799.0,15.0,341.0
2020-12-07 10:00:00,3799.0,3840.0,3799.0,3840.0,2.0,339.0
2020-12-07 10:15:00,3840.0,3840.0,3829.0,3829.0,1.0,338.0
2020-12-07 11:00:00,3829.0,3829.0,3829.0,3829.0,0.0,338.0
2020-12-07 11:30:00,3829.0,3829.0,3829.0,3829.0,0.0,338.0
2020-12-07 14:00:00,3829.0,3829.0,3829.0,3829.0,0.0,338.0
2020-12-07 14:30:00,3829.0,3845.0,3829.0,3844.0,5.0,336.0
2020-12-07 15:00:00,3844.0,3850.0,3844.0,3850.0,2.0,334.0
2020-12-07 21:30:00,3850.0,3850.0,3850.0,3850.0,0.0,334.0
2020-12-07 22:00:00,3850.0,3884.0,3850.0,3884.0,1.0,333.0
2020-12-07 22:30:00,3884.0,3884.0,3884.0,3884.0,0.0,333.0
2020-12-07 23:00:00,3884.0,3884.0,3884.0,3884.0,0.0,333.0
2020-12-08 09:30:00,3884.0,3884.0,3880.0,3880.0,1.0,333.0
2020-12-08 10:00:00,3880.0,3880.0,3880.0,3880.0,0.0,333.0
2020-12-08 10:15:00,3880.0,3880.0,3880.0,3880.0,0.0,333.0
2020-12-08 11:00:00,3880.0,3880.0,3880.0,3880.0,0.0,333.0
2020-12-08 11:30:00,3880.0,3880.0,3880.0,3880.0,0.0,333.0
2020-12-08 14:00:00,3880.0,3880.0,3880.0,3880.0,0.0,333.0
2020-12-08 14:30:00,3880.0,3880.0,3880.0,3880.0,0.0,333.0
2020-12-08 15:00:00,3880.0,3880.0,3880.0,3880.0,0.0,333.0
2020-12-08 21:30:00,3880.0,3880.0,3846.0,3852.0,2.0,335.0
2020-12-08 22:00:00,3852.0,3852.0,3848.0,3848.0,1.0,334.0
2020-12-08 22:30:00,3848.0,3848.0,3848.0,3848.0,0.0,334.0
2020-12-08 23:00:00,3848.0,3848.0,3848.0,3848.0,0.0,334.0
2020-12-09 09:30:00,3848.0,3848.0,3848.0,3848.0,0.0,334.0
2020-12-09 10:00:00,3848.0,3859.0,3848.0,3853.0,26.0,314.0
2020-12-09 10:15:00,3853.0,3853.0,3853.0,3853.0,0.0,314.0
2020-12-09 11:00:00,3853.0,3893.0,3853.0,3884.0,111.0,322.0
2020-12-09 11:30:00,3884.0,3902.0,3883.0,3902.0,77.0,330.0
2020-12-09 14:00:00,3902.0,3922.0,3902.0,3922.0,24.0,331.0
2020-12-09 14:30:00,3922.0,3956.0,3922.0,3956.0,22.0,329.0
2020-12-09 15:00:00,3956.0,3956.0,3935.0,3935.0,3.0,331.0
2020-12-09 21:30:00,3935.0,3978.0,3935.0,3978.0,2.0,332.0
2020-12-09 22:00:00,3978.0,3978.0,3976.0,3976.0,1.0,333.0
2020-12-09 22:30:00,3976.0,3976.0,3976.0,3976.0,0.0,333.0
2020-12-09 23:00:00,3976.0,4002.0,3976.0,4002.0,1.0,334.0
2020-12-10 09:30:00,4002.0,4014.0,4002.0,4014.0,35.0,322.0
2020-12-10 10:00:00,4014.0,4054.0,3993.0,3993.0,54.0,310.0
2020-12-10 10:15:00,3993.0,3993.0,3993.0,3993.0,0.0,310.0
2020-12-10 11:00:00,3993.0,4018.0,3993.0,4018.0,2.0,310.0
2020-12-10 11:30:00,4018.0,4018.0,4017.0,4017.0,2.0,310.0
2020-12-10 14:00:00,4017.0,4040.0,4017.0,4040.0,6.0,310.0
2020-12-10 14:30:00,4040.0,4048.0,4023.0,4035.0,24.0,299.0
2020-12-10 15:00:00,4035.0,4035.0,4023.0,4023.0,2.0,297.0
2020-12-10 21:30:00,4023.0,4061.0,4018.0,4061.0,5.0,298.0
2020-12-10 22:00:00,4061.0,4068.0,4061.0,4068.0,2.0,298.0
2020-12-10 22:30:00,4068.0,4068.0,4068.0,4068.0,0.0,298.0
2020-12-10 23:00:00,4068.0,4068.0,4043.0,4066.0,6.0,297.0
2020-12-11 09:30:00,4066.0,4088.0,4066.0,4079.0,3.0,296.0
2020-12-11 10:00:00,4079.0,4130.0,4079.0,4130.0,24.0,299.0
2020-12-11 10:15:00,4130.0,4130.0,4080.0,4080.0,21.0,281.0
2020-12-11 11:00:00,4080.0,4080.0,4048.0,4060.0,5.0,281.0
2020-12-11 11:30:00,4060.0,4060.0,4018.0,4018.0,2.0,282.0
2020-12-11 14:00:00,4018.0,4018.0,4018.0,4018.0,0.0,282.0
2020-12-11 14:30:00,4018.0,4018.0,4010.0,4010.0,2.0,284.0
2020-12-11 15:00:00,4010.0,4010.0,3966.0,3966.0,1.0,283.0
2020-12-11 21:30:00,3966.0,4000.0,3966.0,3988.0,2.0,285.0
2020-12-11 22:00:00,3988.0,3999.0,3988.0,3999.0,1.0,286.0
2020-12-11 22:30:00,3999.0,4022.0,3999.0,4022.0,1.0,286.0
2020-12-11 23:00:00,4022.0,4022.0,4010.0,4010.0,1.0,287.0
2020-12-14 09:30:00,4010.0,4015.0,3970.0,4002.0,4.0,287.0
2020-12-14 10:00:00,4002.0,4002.0,4002.0,4002.0,1.0,287.0
2020-12-14 10:15:00,4002.0,4002.0,4002.0,4002.0,0.0,287.0
2020-12-14 11:00:00,4002.0,4002.0,4002.0,4002.0,0.0,287.0
2020-12-14 11:30:00,4002.0,4002.0,3970.0,3970.0,2.0,288.0
2020-12-14 14:00:00,3970.0,3970.0,3957.0,3957.0,3.0,288.0
2020-12-14 14:30:00,3957.0,3957.0,3946.0,3949.0,14.0,278.0
2020-12-14 15:00:00,3949.0,3952.0,3948.0,3952.0,2.0,277.0
2020-12-14 21:30:00,3952.0,3952.0,3952.0,3952.0,0.0,277.0
2020-12-14 22:00:00,3952.0,3952.0,3952.0,3952.0,0.0,277.0
2020-12-14 22:30:00,3952.0,3952.0,3952.0,3952.0,0.0,277.0
2020-12-14 23:00:00,3952.0,3952.0,3952.0,3952.0,0.0,277.0
2020-12-15 09:30:00,3952.0,3952.0,3952.0,3952.0,0.0,277.0
2020-12-15 10:00:00,3952.0,3952.0,3952.0,3952.0,0.0,277.0
2020-12-15 10:15:00,3952.0,3963.0,3952.0,3963.0,10.0,270.0
2020-12-15 11:00:00,3963.0,3968.0,3963.0,3968.0,1.0,269.0
2020-12-15 11:30:00,3968.0,3968.0,3968.0,3968.0,0.0,269.0
2020-12-15 14:00:00,3968.0,4020.0,3968.0,4012.0,4.0,265.0
2020-12-15 14:30:00,4012.0,4012.0,4004.0,4004.0,2.0,264.0
2020-12-15 15:00:00,4004.0,4004.0,4004.0,4004.0,0.0,264.0
2020-12-15 21:30:00,4048.0,4089.0,4048.0,4057.0,3.0,264.0
2020-12-15 22:00:00,4057.0,4057.0,4036.0,4039.0,2.0,265.0
2020-12-15 22:30:00,4039.0,4039.0,4039.0,4039.0,0.0,265.0
2020-12-15 23:00:00,4039.0,4042.0,4039.0,4042.0,2.0,265.0
2020-12-16 09:30:00,4042.0,4042.0,4042.0,4042.0,0.0,265.0
2020-12-16 10:00:00,4042.0,4058.0,4042.0,4058.0,20.0,245.0
2020-12-16 10:15:00,4058.0,4058.0,4058.0,4058.0,0.0,245.0
2020-12-16 11:00:00,4058.0,4058.0,4058.0,4058.0,0.0,245.0
2020-12-16 11:30:00,4058.0,4074.0,4058.0,4074.0,1.0,245.0
2020-12-16 14:00:00,4074.0,4074.0,4074.0,4074.0,0.0,245.0
2020-12-16 14:30:00,4074.0,4074.0,4074.0,4074.0,0.0,245.0
2020-12-16 15:00:00,4074.0,4100.0,4072.0,4089.0,4.0,243.0
2020-12-16 21:30:00,4089.0,4089.0,4089.0,4089.0,0.0,243.0
2020-12-16 22:00:00,4089.0,4111.0,4089.0,4111.0,1.0,243.0
2020-12-16 22:30:00,4111.0,4111.0,4111.0,4111.0,0.0,243.0
2020-12-16 23:00:00,4111.0,4114.0,4111.0,4114.0,1.0,243.0
2020-12-17 09:30:00,4114.0,4114.0,4111.0,4111.0,10.0,233.0
2020-12-17 10:00:00,4111.0,4111.0,4111.0,4111.0,0.0,233.0
2020-12-17 10:15:00,4111.0,4112.0,4111.0,4112.0,1.0,233.0
2020-12-17 11:00:00,4112.0,4112.0,4112.0,4112.0,0.0,233.0
2020-12-17 11:30:00,4112.0,4142.0,4112.0,4142.0,11.0,224.0
2020-12-17 14:00:00,4142.0,4142.0,4142.0,4142.0,0.0,224.0
2020-12-17 14:30:00,4142.0,4142.0,4122.0,4122.0,1.0,224.0
2020-12-17 15:00:00,4122.0,4122.0,4100.0,4100.0,2.0,225.0
2020-12-17 21:30:00,4100.0,4168.0,4100.0,4168.0,1.0,225.0
2020-12-17 22:00:00,4168.0,4168.0,4168.0,4168.0,0.0,225.0
2020-12-17 22:30:00,4168.0,4171.0,4158.0,4171.0,2.0,225.0
2020-12-17 23:00:00,4171.0,4171.0,4171.0,4171.0,0.0,225.0
2020-12-18 09:30:00,4171.0,4171.0,4171.0,4171.0,0.0,225.0
2020-12-18 10:00:00,4171.0,4171.0,4171.0,4171.0,0.0,225.0
2020-12-18 10:15:00,4171.0,4202.0,4171.0,4197.0,4.0,225.0
2020-12-18 11:00:00,4197.0,4209.0,4197.0,4209.0,21.0,214.0
2020-12-18 11:30:00,4209.0,4209.0,4209.0,4209.0,0.0,214.0
2020-12-18 14:00:00,4209.0,4222.0,4204.0,4222.0,4.0,216.0
2020-12-18 14:30:00,4222.0,4222.0,4219.0,4219.0,1.0,216.0
2020-12-18 15:00:00,4219.0,4240.0,4219.0,4240.0,2.0,218.0
2020-12-18 21:30:00,4240.0,4240.0,4240.0,4240.0,0.0,218.0
2020-12-18 22:00:00,4240.0,4240.0,4240.0,4240.0,0.0,218.0
2020-12-18 22:30:00,4240.0,4253.0,4240.0,4253.0,1.0,219.0
2020-12-18 23:00:00,4253.0,4278.0,4253.0,4278.0,1.0,220.0
2020-12-21 09:30:00,4278.0,4399.0,4278.0,4351.0,5.0,220.0
2020-12-21 10:00:00,4351.0,4351.0,4351.0,4351.0,0.0,220.0
2020-12-21 10:15:00,4351.0,4405.0,4351.0,4352.0,34.0,220.0
2020-12-21 11:00:00,4352.0,4402.0,4352.0,4402.0,13.0,219.0
2020-12-21 11:30:00,4402.0,4402.0,4402.0,4402.0,0.0,219.0
2020-12-21 14:00:00,4402.0,4417.0,4400.0,4417.0,9.0,214.0
2020-12-21 14:30:00,4417.0,4417.0,4417.0,4417.0,0.0,214.0
2020-12-21 15:00:00,4417.0,4417.0,4417.0,4417.0,0.0,214.0
2020-12-21 21:30:00,4417.0,4423.0,4315.0,4364.0,12.0,210.0
2020-12-21 22:00:00,4364.0,4365.0,4341.0,4364.0,6.0,209.0
2020-12-21 22:30:00,4364.0,4376.0,4364.0,4376.0,6.0,205.0
2020-12-21 23:00:00,4376.0,4480.0,4376.0,4480.0,9.0,206.0
2020-12-22 09:30:00,4480.0,4505.0,4466.0,4505.0,23.0,203.0
2020-12-22 10:00:00,4505.0,4505.0,4446.0,4468.0,10.0,197.0
2020-12-22 10:15:00,4468.0,4468.0,4468.0,4468.0,0.0,197.0
2020-12-22 11:00:00,4468.0,4478.0,4467.0,4478.0,2.0,197.0
2020-12-22 11:30:00,4460.0,4473.0,4395.0,4427.0,17.0,196.0
2020-12-22 14:00:00,4427.0,4427.0,4337.0,4337.0,17.0,191.0
2020-12-22 14:30:00,4337.0,4338.0,4278.0,4278.0,11.0,187.0
2020-12-22 15:00:00,4278.0,4315.0,4278.0,4315.0,3.0,187.0
2020-12-22 21:30:00,4315.0,4326.0,4297.0,4303.0,7.0,187.0
2020-12-22 22:00:00,4303.0,4303.0,4303.0,4303.0,0.0,187.0
2020-12-22 22:30:00,4303.0,4303.0,4303.0,4303.0,0.0,187.0
2020-12-22 23:00:00,4303.0,4303.0,4290.0,4290.0,1.0,187.0
2020-12-23 09:30:00,4290.0,4290.0,4239.0,4239.0,11.0,179.0
2020-12-23 10:00:00,4239.0,4239.0,4189.0,4189.0,4.0,179.0
2020-12-23 10:15:00,4189.0,4189.0,4189.0,4189.0,0.0,179.0
2020-12-23 11:00:00,4189.0,4249.0,4189.0,4224.0,12.0,178.0
2020-12-23 11:30:00,4224.0,4255.0,4224.0,4247.0,2.0,177.0
2020-12-23 14:00:00,4247.0,4247.0,4223.0,4223.0,1.0,178.0
2020-12-23 14:30:00,4223.0,4223.0,4223.0,4223.0,0.0,178.0
2020-12-23 15:00:00,4223.0,4223.0,4223.0,4223.0,0.0,178.0
2020-12-23 21:30:00,4223.0,4265.0,4204.0,4254.0,16.0,181.0
2020-12-23 22:00:00,4254.0,4286.0,4254.0,4286.0,2.0,180.0
2020-12-23 22:30:00,4286.0,4286.0,4286.0,4286.0,0.0,180.0
2020-12-23 23:00:00,4286.0,4286.0,4286.0,4286.0,0.0,180.0
2020-12-24 09:30:00,4286.0,4286.0,4269.0,4269.0,1.0,179.0
2020-12-24 10:00:00,4269.0,4269.0,4225.0,4225.0,12.0,177.0
2020-12-24 10:15:00,4225.0,4239.0,4225.0,4239.0,2.0,176.0
2020-12-24 11:00:00,4239.0,4239.0,4239.0,4239.0,0.0,176.0
2020-12-24 11:30:00,4239.0,4239.0,4239.0,4239.0,0.0,176.0
2020-12-24 14:00:00,4239.0,4239.0,4239.0,4239.0,0.0,176.0
2020-12-24 14:30:00,4239.0,4278.0,4239.0,4278.0,5.0,176.0
2020-12-24 15:00:00,4278.0,4278.0,4278.0,4278.0,0.0,176.0
2020-12-24 21:30:00,4278.0,4278.0,4226.0,4231.0,5.0,172.0
2020-12-24 22:00:00,4231.0,4231.0,4210.0,4217.0,2.0,173.0
2020-12-24 22:30:00,4217.0,4217.0,4217.0,4217.0,0.0,173.0
2020-12-24 23:00:00,4217.0,4224.0,4202.0,4224.0,16.0,172.0
2020-12-25 09:30:00,4224.0,4224.0,4190.0,4190.0,2.0,170.0
2020-12-25 10:00:00,4190.0,4206.0,4190.0,4204.0,2.0,168.0
2020-12-25 10:15:00,4204.0,4204.0,4204.0,4204.0,0.0,168.0
2020-12-25 11:00:00,4204.0,4225.0,4204.0,4225.0,1.0,167.0
2020-12-25 11:30:00,4225.0,4272.0,4225.0,4241.0,20.0,164.0
2020-12-25 14:00:00,4241.0,4249.0,4231.0,4231.0,2.0,164.0
2020-12-25 14:30:00,4231.0,4266.0,4231.0,4242.0,4.0,165.0
2020-12-25 15:00:00,4242.0,4242.0,4239.0,4239.0,4.0,168.0
2020-12-25 21:30:00,4239.0,4316.0,4239.0,4286.0,63.0,173.0
2020-12-25 22:00:00,4286.0,4299.0,4286.0,4299.0,1.0,172.0
2020-12-25 22:30:00,4299.0,4308.0,4285.0,4298.0,7.0,173.0
2020-12-25 23:00:00,4298.0,4300.0,4298.0,4300.0,2.0,172.0
2020-12-28 09:30:00,4300.0,4300.0,4240.0,4241.0,2.0,174.0
2020-12-28 10:00:00,4241.0,4242.0,4240.0,4242.0,51.0,175.0
2020-12-28 10:15:00,4242.0,4242.0,4222.0,4223.0,72.0,196.0
2020-12-28 11:00:00,4223.0,4223.0,4195.0,4215.0,55.0,227.0
2020-12-28 11:30:00,4215.0,4226.0,4215.0,4223.0,40.0,256.0
2020-12-28 14:00:00,4223.0,4223.0,4198.0,4198.0,118.0,315.0
2020-12-28 14:30:00,4198.0,4198.0,4188.0,4192.0,26.0,329.0
2020-12-28 15:00:00,4192.0,4197.0,4187.0,4192.0,86.0,355.0
2020-12-28 21:30:00,4192.0,4192.0,4171.0,4171.0,11.0,350.0
2020-12-28 22:00:00,4171.0,4202.0,4171.0,4202.0,49.0,372.0
2020-12-28 22:30:00,4202.0,4213.0,4202.0,4213.0,41.0,386.0
2020-12-28 23:00:00,4213.0,4215.0,4189.0,4189.0,19.0,389.0
2020-12-29 09:30:00,4189.0,4206.0,4189.0,4204.0,101.0,437.0
2020-12-29 10:00:00,4204.0,4204.0,4189.0,4189.0,10.0,437.0
2020-12-29 10:15:00,4189.0,4191.0,4187.0,4188.0,54.0,444.0
2020-12-29 11:00:00,4188.0,4188.0,4188.0,4188.0,0.0,444.0
2020-12-29 11:30:00,4188.0,4188.0,4188.0,4188.0,0.0,444.0
2020-12-29 14:00:00,4188.0,4188.0,4188.0,4188.0,0.0,444.0
2020-12-29 14:30:00,4188.0,4188.0,4177.0,4177.0,82.0,480.0
2020-12-29 15:00:00,4177.0,4195.0,4165.0,4191.0,272.0,542.0
2020-12-29 21:30:00,4191.0,4196.0,4182.0,4182.0,9.0,542.0
2020-12-29 22:00:00,4182.0,4182.0,4154.0,4164.0,53.0,568.0
2020-12-29 22:30:00,4164.0,4209.0,4153.0,4209.0,109.0,625.0
2020-12-29 23:00:00,4209.0,4234.0,4201.0,4234.0,264.0,632.0
2020-12-30 09:30:00,4234.0,4234.0,4234.0,4234.0,0.0,632.0
2020-12-30 10:00:00,4234.0,4234.0,4202.0,4212.0,69.0,637.0
2020-12-30 10:15:00,4212.0,4212.0,4212.0,4212.0,0.0,637.0
2020-12-30 11:00:00,4212.0,4212.0,4212.0,4212.0,0.0,637.0
2020-12-30 11:30:00,4212.0,4212.0,4212.0,4212.0,0.0,637.0
2020-12-30 14:00:00,4212.0,4212.0,4199.0,4208.0,143.0,642.0
2020-12-30 14:30:00,4208.0,4210.0,4208.0,4210.0,54.0,661.0
2020-12-30 15:00:00,4210.0,4228.0,4204.0,4207.0,91.0,677.0
2020-12-30 21:30:00,4207.0,4217.0,4207.0,4217.0,1.0,677.0
2020-12-30 22:00:00,4217.0,4220.0,4217.0,4217.0,91.0,662.0
2020-12-30 22:30:00,4217.0,4222.0,4210.0,4210.0,82.0,649.0
2020-12-30 23:00:00,4210.0,4215.0,4210.0,4215.0,10.0,649.0
2020-12-31 09:30:00,4215.0,4215.0,4199.0,4199.0,21.0,658.0
2020-12-31 10:00:00,4199.0,4210.0,4197.0,4210.0,62.0,681.0
2020-12-31 10:15:00,4210.0,4231.0,4210.0,4231.0,115.0,715.0
2020-12-31 11:00:00,4231.0,4277.0,4231.0,4259.0,108.0,777.0
2020-12-31 11:30:00,4259.0,4264.0,4257.0,4264.0,23.0,799.0
2020-12-31 14:00:00,4264.0,4264.0,4262.0,4262.0,3.0,799.0
2020-12-31 14:30:00,4262.0,4290.0,4262.0,4286.0,28.0,790.0
2020-12-31 15:00:00,4286.0,4344.0,4276.0,4344.0,22.0,801.0
2021-01-04 09:30:00,4390.0,4390.0,4255.0,4261.0,66.0,786.0
2021-01-04 10:00:00,4261.0,4273.0,4261.0,4273.0,29.0,772.0
2021-01-04 10:15:00,4273.0,4281.0,4273.0,4281.0,3.0,773.0
2021-01-04 11:00:00,4281.0,4281.0,4281.0,4281.0,0.0,773.0
2021-01-04 11:30:00,4281.0,4281.0,4273.0,4274.0,21.0,771.0
2021-01-04 14:00:00,4274.0,4274.0,4274.0,4274.0,0.0,771.0
2021-01-04 14:30:00,4274.0,4350.0,4274.0,4350.0,168.0,788.0
2021-01-04 15:00:00,4350.0,4350.0,4315.0,4315.0,76.0,774.0
2021-01-04 21:30:00,4315.0,4342.0,4315.0,4329.0,10.0,771.0
2021-01-04 22:00:00,4329.0,4346.0,4327.0,4346.0,130.0,750.0
2021-01-04 22:30:00,4346.0,4358.0,4346.0,4358.0,204.0,771.0
2021-01-04 23:00:00,4358.0,4366.0,4354.0,4358.0,76.0,763.0
2021-01-05 09:30:00,4358.0,4358.0,4320.0,4327.0,68.0,745.0
2021-01-05 10:00:00,4327.0,4327.0,4312.0,4317.0,19.0,749.0
2021-01-05 10:15:00,4317.0,4328.0,4317.0,4328.0,1.0,748.0
2021-01-05 11:00:00,4328.0,4328.0,4328.0,4328.0,0.0,748.0
2021-01-05 11:30:00,4328.0,4328.0,4312.0,4317.0,20.0,751.0
2021-01-05 14:00:00,4345.0,4354.0,4328.0,4330.0,19.0,756.0
2021-01-05 14:30:00,4330.0,4336.0,4330.0,4336.0,2.0,756.0
2021-01-05 15:00:00,4336.0,4339.0,4328.0,4328.0,52.0,761.0
2021-01-05 21:30:00,4328.0,4374.0,4328.0,4366.0,10.0,763.0
2021-01-05 22:00:00,4366.0,4375.0,4343.0,4343.0,15.0,753.0
2021-01-05 22:30:00,4343.0,4343.0,4302.0,4302.0,79.0,727.0
2021-01-05 23:00:00,4302.0,4319.0,4302.0,4318.0,155.0,685.0
2021-01-06 09:30:00,4318.0,4318.0,4318.0,4318.0,0.0,685.0
2021-01-06 10:00:00,4318.0,4318.0,4309.0,4309.0,4.0,682.0
2021-01-06 10:15:00,4309.0,4309.0,4309.0,4309.0,0.0,682.0
2021-01-06 11:00:00,4309.0,4309.0,4263.0,4263.0,112.0,660.0
2021-01-06 11:30:00,4263.0,4284.0,4263.0,4278.0,42.0,659.0
2021-01-06 14:00:00,4278.0,4288.0,4275.0,4280.0,526.0,835.0
2021-01-06 14:30:00,4280.0,4288.0,4280.0,4288.0,138.0,796.0
2021-01-06 15:00:00,4288.0,4320.0,4288.0,4312.0,244.0,774.0
2021-01-06 21:30:00,4312.0,4342.0,4312.0,4328.0,138.0,729.0
2021-01-06 22:00:00,4328.0,4331.0,4317.0,4317.0,43.0,722.0
2021-01-06 22:30:00,4317.0,4317.0,4308.0,4311.0,13.0,734.0
2021-01-06 23:00:00,4311.0,4329.0,4302.0,4329.0,67.0,710.0
2021-01-07 09:30:00,4329.0,4343.0,4326.0,4343.0,40.0,700.0
2021-01-07 10:00:00,4343.0,4353.0,4337.0,4353.0,68.0,695.0
2021-01-07 10:15:00,4353.0,4353.0,4353.0,4353.0,0.0,695.0
2021-01-07 11:00:00,4353.0,4353.0,4346.0,4349.0,11.0,690.0
2021-01-07 11:30:00,4349.0,4363.0,4349.0,4363.0,49.0,697.0
2021-01-07 14:00:00,4363.0,4363.0,4351.0,4351.0,128.0,697.0
2021-01-07 14:30:00,4351.0,4401.0,4351.0,4401.0,26.0,687.0
2021-01-07 15:00:00,4401.0,4401.0,4393.0,4396.0,134.0,753.0
2021-01-07 21:30:00,4385.0,4391.0,4385.0,4391.0,6.0,752.0
2021-01-07 22:00:00,4391.0,4392.0,4389.0,4391.0,8.0,750.0
2021-01-07 22:30:00,4391.0,4409.0,4391.0,4409.0,29.0,723.0
2021-01-07 23:00:00,4409.0,4416.0,4400.0,4405.0,22.0,715.0
2021-01-08 09:30:00,4405.0,4424.0,4405.0,4424.0,20.0,715.0
2021-01-08 10:00:00,4424.0,4424.0,4417.0,4417.0,3.0,718.0
2021-01-08 10:15:00,4417.0,4417.0,4417.0,4417.0,0.0,718.0
2021-01-08 11:00:00,4417.0,4417.0,4415.0,4415.0,4.0,715.0
2021-01-08 11:30:00,4415.0,4415.0,4375.0,4375.0,67.0,762.0
2021-01-08 14:00:00,4375.0,4415.0,4375.0,4392.0,27.0,758.0
2021-01-08 14:30:00,4392.0,4425.0,4392.0,4419.0,72.0,752.0
2021-01-08 15:00:00,4419.0,4426.0,4415.0,4421.0,12.0,760.0
2021-01-08 21:30:00,4421.0,4421.0,4386.0,4389.0,186.0,772.0
2021-01-08 22:00:00,4389.0,4389.0,4345.0,4346.0,80.0,715.0
2021-01-08 22:30:00,4346.0,4381.0,4346.0,4358.0,128.0,723.0
2021-01-08 23:00:00,4358.0,4358.0,4317.0,4337.0,22.0,714.0
2021-01-11 09:30:00,4337.0,4346.0,4303.0,4342.0,174.0,721.0
2021-01-11 10:00:00,4342.0,4365.0,4329.0,4364.0,70.0,709.0
2021-01-11 10:15:00,4364.0,4364.0,4364.0,4364.0,0.0,709.0
2021-01-11 11:00:00,4364.0,4374.0,4364.0,4374.0,164.0,717.0
2021-01-11 11:30:00,4374.0,4374.0,4350.0,4350.0,65.0,715.0
2021-01-11 14:00:00,4350.0,4350.0,4350.0,4350.0,0.0,715.0
2021-01-11 14:30:00,4350.0,4350.0,4276.0,4276.0,52.0,712.0
2021-01-11 15:00:00,4276.0,4302.0,4276.0,4277.0,45.0,696.0
2021-01-11 21:30:00,4277.0,4277.0,4249.0,4249.0,207.0,662.0
2021-01-11 22:00:00,4249.0,4249.0,4220.0,4220.0,47.0,655.0
2021-01-11 22:30:00,4220.0,4229.0,4215.0,4215.0,76.0,650.0
2021-01-11 23:00:00,4215.0,4215.0,4205.0,4205.0,11.0,646.0
2021-01-12 09:30:00,4205.0,4205.0,4205.0,4205.0,0.0,646.0
2021-01-12 10:00:00,4205.0,4237.0,4205.0,4237.0,35.0,658.0
2021-01-12 10:15:00,4237.0,4238.0,4237.0,4238.0,5.0,658.0
2021-01-12 11:00:00,4238.0,4238.0,4238.0,4238.0,0.0,658.0
2021-01-12 11:30:00,4238.0,4238.0,4238.0,4238.0,0.0,658.0
2021-01-12 14:00:00,4238.0,4271.0,4238.0,4271.0,25.0,660.0
2021-01-12 14:30:00,4271.0,4273.0,4270.0,4270.0,65.0,645.0
2021-01-12 15:00:00,4270.0,4285.0,4263.0,4263.0,782.0,692.0
2021-01-12 21:30:00,4263.0,4263.0,4237.0,4243.0,160.0,675.0
2021-01-12 22:00:00,4243.0,4257.0,4239.0,4246.0,217.0,664.0
2021-01-12 22:30:00,4246.0,4248.0,4238.0,4248.0,115.0,670.0
2021-01-12 23:00:00,4248.0,4249.0,4248.0,4249.0,3.0,668.0
2021-01-13 09:30:00,4249.0,4252.0,4249.0,4251.0,25.0,687.0
2021-01-13 10:00:00,4251.0,4254.0,4227.0,4233.0,30.0,684.0
2021-01-13 10:15:00,4233.0,4233.0,4232.0,4232.0,1.0,683.0
2021-01-13 11:00:00,4232.0,4232.0,4227.0,4227.0,39.0,694.0
2021-01-13 11:30:00,4227.0,4252.0,4227.0,4248.0,110.0,737.0
2021-01-13 14:00:00,4248.0,4248.0,4209.0,4219.0,88.0,730.0
2021-01-13 14:30:00,4219.0,4224.0,4204.0,4224.0,16.0,727.0
2021-01-13 15:00:00,4224.0,4232.0,4224.0,4225.0,9.0,726.0
2021-01-13 21:30:00,4225.0,4225.0,4225.0,4225.0,0.0,726.0
2021-01-13 22:00:00,4220.0,4220.0,4216.0,4216.0,16.0,715.0
2021-01-13 22:30:00,4216.0,4216.0,4216.0,4216.0,0.0,715.0
2021-01-13 23:00:00,4216.0,4224.0,4199.0,4224.0,43.0,709.0
2021-01-14 09:30:00,4224.0,4224.0,4215.0,4215.0,1.0,709.0
2021-01-14 10:00:00,4215.0,4239.0,4215.0,4238.0,3.0,710.0
2021-01-14 10:15:00,4238.0,4238.0,4238.0,4238.0,0.0,710.0
2021-01-14 11:00:00,4238.0,4238.0,4217.0,4217.0,9.0,707.0
2021-01-14 11:30:00,4217.0,4244.0,4217.0,4241.0,12.0,704.0
2021-01-14 14:00:00,4241.0,4241.0,4241.0,4241.0,0.0,704.0
2021-01-14 14:30:00,4241.0,4241.0,4241.0,4241.0,0.0,704.0
2021-01-14 15:00:00,4241.0,4245.0,4232.0,4245.0,227.0,701.0
2021-01-14 21:30:00,4245.0,4294.0,4245.0,4290.0,79.0,709.0
2021-01-14 22:00:00,4290.0,4290.0,4290.0,4290.0,0.0,709.0
2021-01-14 22:30:00,4290.0,4305.0,4290.0,4305.0,68.0,727.0
2021-01-14 23:00:00,4305.0,4315.0,4305.0,4315.0,1.0,727.0
2021-01-15 09:30:00,4315.0,4320.0,4315.0,4320.0,2.0,726.0
2021-01-15 10:00:00,4320.0,4320.0,4320.0,4320.0,0.0,726.0
2021-01-15 10:15:00,4320.0,4320.0,4320.0,4320.0,0.0,726.0
2021-01-15 11:00:00,4320.0,4320.0,4320.0,4320.0,1.0,727.0
2021-01-15 11:30:00,4320.0,4340.0,4320.0,4340.0,11.0,732.0
2021-01-15 14:00:00,4340.0,4340.0,4299.0,4314.0,123.0,712.0
2021-01-15 14:30:00,4314.0,4340.0,4314.0,4340.0,315.0,773.0
2021-01-15 15:00:00,4340.0,4340.0,4305.0,4305.0,61.0,753.0
2021-01-15 21:30:00,4305.0,4315.0,4305.0,4312.0,46.0,750.0
2021-01-15 22:00:00,4312.0,4312.0,4297.0,4297.0,9.0,745.0
2021-01-15 22:30:00,4297.0,4297.0,4281.0,4281.0,95.0,712.0
2021-01-15 23:00:00,4281.0,4304.0,4281.0,4289.0,40.0,719.0
2021-01-18 09:30:00,4289.0,4338.0,4289.0,4322.0,49.0,719.0
2021-01-18 10:00:00,4322.0,4325.0,4322.0,4325.0,5.0,719.0
2021-01-18 10:15:00,4325.0,4325.0,4325.0,4325.0,0.0,719.0
2021-01-18 11:00:00,4325.0,4325.0,4325.0,4325.0,0.0,719.0
2021-01-18 11:30:00,4325.0,4332.0,4325.0,4327.0,22.0,730.0
2021-01-18 14:00:00,4327.0,4327.0,4327.0,4327.0,0.0,730.0
2021-01-18 14:30:00,4327.0,4331.0,4327.0,4331.0,3.0,730.0
2021-01-18 15:00:00,4331.0,4331.0,4323.0,4323.0,14.0,726.0
2021-01-18 21:30:00,4323.0,4323.0,4307.0,4309.0,152.0,683.0
2021-01-18 22:00:00,4309.0,4309.0,4299.0,4299.0,5.0,679.0
2021-01-18 22:30:00,4299.0,4300.0,4297.0,4297.0,56.0,674.0
2021-01-18 23:00:00,4297.0,4297.0,4272.0,4272.0,4.0,674.0
2021-01-19 09:30:00,4272.0,4272.0,4272.0,4272.0,0.0,674.0
2021-01-19 10:00:00,4272.0,4272.0,4265.0,4265.0,7.0,681.0
2021-01-19 10:15:00,4265.0,4265.0,4265.0,4265.0,0.0,681.0
2021-01-19 11:00:00,4265.0,4268.0,4250.0,4250.0,124.0,664.0
2021-01-19 11:30:00,4250.0,4263.0,4250.0,4263.0,32.0,669.0
2021-01-19 14:00:00,4263.0,4263.0,4244.0,4250.0,112.0,688.0
2021-01-19 14:30:00,4250.0,4253.0,4235.0,4235.0,236.0,703.0
2021-01-19 15:00:00,4235.0,4235.0,4229.0,4230.0,5.0,698.0
2021-01-19 21:30:00,4230.0,4230.0,4220.0,4220.0,1.0,698.0
2021-01-19 22:00:00,4220.0,4231.0,4214.0,4231.0,17.0,699.0
2021-01-19 22:30:00,4231.0,4252.0,4231.0,4252.0,173.0,676.0
2021-01-19 23:00:00,4252.0,4252.0,4252.0,4252.0,0.0,676.0
2021-01-20 09:30:00,4252.0,4252.0,4243.0,4243.0,4.0,676.0
2021-01-20 10:00:00,4243.0,4243.0,4243.0,4243.0,0.0,676.0
2021-01-20 10:15:00,4243.0,4261.0,4243.0,4261.0,12.0,677.0
2021-01-20 11:00:00,4261.0,4261.0,4255.0,4255.0,1.0,677.0
2021-01-20 11:30:00,4255.0,4255.0,4245.0,4245.0,18.0,674.0
2021-01-20 14:00:00,4245.0,4245.0,4236.0,4242.0,2.0,673.0
2021-01-20 14:30:00,4242.0,4243.0,4242.0,4243.0,35.0,680.0
2021-01-20 15:00:00,4243.0,4258.0,4243.0,4258.0,40.0,686.0
2021-01-20 21:30:00,4258.0,4258.0,4235.0,4237.0,2.0,686.0
2021-01-20 22:00:00,4237.0,4242.0,4226.0,4242.0,121.0,620.0
2021-01-20 22:30:00,4242.0,4254.0,4239.0,4254.0,12.0,612.0
2021-01-20 23:00:00,4254.0,4254.0,4247.0,4247.0,26.0,608.0
2021-01-21 09:30:00,4247.0,4247.0,4247.0,4247.0,0.0,608.0
2021-01-21 10:00:00,4247.0,4247.0,4247.0,4247.0,0.0,608.0
2021-01-21 10:15:00,4247.0,4247.0,4247.0,4247.0,0.0,608.0
2021-01-21 11:00:00,4247.0,4249.0,4223.0,4249.0,6.0,611.0
2021-01-21 11:30:00,4249.0,4284.0,4249.0,4284.0,48.0,627.0
2021-01-21 14:00:00,4284.0,4319.0,4284.0,4315.0,56.0,650.0
2021-01-21 14:30:00,4315.0,4326.0,4315.0,4326.0,7.0,656.0
2021-01-21 15:00:00,4326.0,4326.0,4309.0,4315.0,7.0,652.0
2021-01-21 21:30:00,4315.0,4315.0,4315.0,4315.0,0.0,652.0
2021-01-21 22:00:00,4315.0,4315.0,4305.0,4311.0,7.0,653.0
2021-01-21 22:30:00,4311.0,4311.0,4311.0,4311.0,0.0,653.0
2021-01-21 23:00:00,4311.0,4314.0,4301.0,4301.0,70.0,640.0
2021-01-22 09:30:00,4301.0,4301.0,4301.0,4301.0,0.0,640.0
2021-01-22 10:00:00,4301.0,4301.0,4301.0,4301.0,0.0,640.0
2021-01-22 10:15:00,4301.0,4315.0,4301.0,4315.0,3.0,640.0
2021-01-22 11:00:00,4315.0,4315.0,4295.0,4297.0,36.0,634.0
2021-01-22 11:30:00,4297.0,4300.0,4295.0,4300.0,5.0,639.0
2021-01-22 14:00:00,4300.0,4300.0,4235.0,4236.0,68.0,644.0
2021-01-22 14:30:00,4236.0,4244.0,4235.0,4235.0,17.0,644.0
2021-01-22 15:00:00,4235.0,4243.0,4235.0,4243.0,3.0,644.0
2021-01-22 21:30:00,4243.0,4243.0,4204.0,4204.0,6.0,643.0
2021-01-22 22:00:00,4204.0,4234.0,4204.0,4230.0,21.0,642.0
2021-01-22 22:30:00,4230.0,4244.0,4230.0,4244.0,20.0,642.0
2021-01-22 23:00:00,4244.0,4244.0,4244.0,4244.0,0.0,642.0
2021-01-25 09:30:00,4244.0,4244.0,4225.0,4225.0,3.0,643.0
2021-01-25 10:00:00,4225.0,4225.0,4225.0,4225.0,0.0,643.0
2021-01-25 10:15:00,4225.0,4256.0,4225.0,4256.0,11.0,635.0
2021-01-25 11:00:00,4256.0,4297.0,4256.0,4280.0,4.0,636.0
2021-01-25 11:30:00,4280.0,4280.0,4280.0,4280.0,0.0,636.0
2021-01-25 14:00:00,4280.0,4290.0,4280.0,4290.0,2.0,636.0
2021-01-25 14:30:00,4290.0,4290.0,4290.0,4290.0,0.0,636.0
2021-01-25 15:00:00,4290.0,4290.0,4273.0,4273.0,1.0,636.0
2021-01-25 21:30:00,4273.0,4273.0,4273.0,4273.0,0.0,636.0
2021-01-25 22:00:00,4273.0,4295.0,4273.0,4290.0,4.0,637.0
2021-01-25 22:30:00,4290.0,4307.0,4290.0,4305.0,9.0,644.0
2021-01-25 23:00:00,4305.0,4305.0,4281.0,4281.0,63.0,672.0
2021-01-26 09:30:00,4281.0,4291.0,4281.0,4291.0,5.0,674.0
2021-01-26 10:00:00,4291.0,4291.0,4291.0,4291.0,0.0,674.0
2021-01-26 10:15:00,4291.0,4293.0,4291.0,4293.0,4.0,677.0
2021-01-26 11:00:00,4293.0,4293.0,4262.0,4262.0,24.0,691.0
2021-01-26 11:30:00,4262.0,4279.0,4262.0,4279.0,2.0,692.0
2021-01-26 14:00:00,4279.0,4279.0,4269.0,4274.0,10.0,694.0
2021-01-26 14:30:00,4274.0,4274.0,4269.0,4269.0,9.0,696.0
2021-01-26 15:00:00,4269.0,4273.0,4266.0,4266.0,1502.0,2196.0
2021-01-26 21:30:00,4266.0,4274.0,4253.0,4272.0,26.0,2210.0
2021-01-26 22:00:00,4272.0,4272.0,4267.0,4268.0,67.0,2259.0
2021-01-26 22:30:00,4268.0,4271.0,4259.0,4270.0,27.0,2270.0
2021-01-26 23:00:00,4270.0,4330.0,4270.0,4330.0,106.0,2302.0
2021-01-27 09:30:00,4330.0,4336.0,4326.0,4327.0,32.0,2321.0
2021-01-27 10:00:00,4327.0,4339.0,4326.0,4327.0,25.0,2329.0
2021-01-27 10:15:00,4327.0,4327.0,4320.0,4320.0,5.0,2331.0
2021-01-27 11:00:00,4320.0,4323.0,4317.0,4317.0,505.0,2834.0
2021-01-27 11:30:00,4317.0,4331.0,4317.0,4325.0,1052.0,3848.0
2021-01-27 14:00:00,4325.0,4332.0,4325.0,4331.0,1027.0,2854.0
2021-01-27 14:30:00,4331.0,4336.0,4324.0,4336.0,579.0,3394.0
2021-01-27 15:00:00,4336.0,4358.0,4336.0,4356.0,614.0,3976.0
2021-01-27 21:30:00,4345.0,4345.0,4325.0,4329.0,31.0,3982.0
2021-01-27 22:00:00,4329.0,4329.0,4319.0,4325.0,126.0,4037.0
2021-01-27 22:30:00,4325.0,4349.0,4321.0,4331.0,177.0,4126.0
2021-01-27 23:00:00,4331.0,4331.0,4299.0,4307.0,120.0,4192.0
2021-01-28 09:30:00,4307.0,4319.0,4306.0,4312.0,62.0,4218.0
2021-01-28 10:00:00,4312.0,4320.0,4309.0,4318.0,119.0,4285.0
2021-01-28 10:15:00,4318.0,4318.0,4315.0,4317.0,67.0,4321.0
2021-01-28 11:00:00,4317.0,4317.0,4293.0,4300.0,213.0,4430.0
2021-01-28 11:30:00,4300.0,4300.0,4287.0,4287.0,198.0,4554.0
2021-01-28 14:00:00,4287.0,4287.0,4269.0,4272.0,817.0,5211.0
2021-01-28 14:30:00,4272.0,4292.0,4270.0,4273.0,534.0,5404.0
2021-01-28 15:00:00,4273.0,4276.0,4256.0,4256.0,161.0,5447.0
2021-01-28 21:30:00,4256.0,4266.0,4246.0,4256.0,209.0,5470.0
2021-01-28 22:00:00,4256.0,4279.0,4255.0,4276.0,370.0,5554.0
2021-01-28 22:30:00,4276.0,4283.0,4268.0,4272.0,244.0,5651.0
2021-01-28 23:00:00,4272.0,4274.0,4260.0,4260.0,69.0,5680.0
2021-01-29 09:30:00,4260.0,4264.0,4257.0,4264.0,84.0,5719.0
2021-01-29 10:00:00,4264.0,4267.0,4258.0,4259.0,106.0,5753.0
2021-01-29 10:15:00,4259.0,4266.0,4258.0,4264.0,87.0,5771.0
2021-01-29 11:00:00,4264.0,4264.0,4252.0,4254.0,122.0,5833.0
2021-01-29 11:30:00,4254.0,4267.0,4247.0,4250.0,157.0,5907.0
2021-01-29 14:00:00,4249.0,4256.0,4232.0,4237.0,187.0,6009.0
2021-01-29 14:30:00,4237.0,4241.0,4206.0,4215.0,765.0,6671.0
2021-01-29 15:00:00,4215.0,4249.0,4202.0,4248.0,90.0,6714.0
2021-01-29 21:30:00,4248.0,4271.0,4248.0,4266.0,184.0,6832.0
2021-01-29 22:00:00,4266.0,4272.0,4259.0,4264.0,97.0,6899.0
2021-01-29 22:30:00,4264.0,4267.0,4259.0,4263.0,65.0,6945.0
2021-01-29 23:00:00,4263.0,4268.0,4245.0,4249.0,118.0,7008.0
2021-02-01 09:30:00,4249.0,4249.0,4212.0,4214.0,69.0,7040.0
2021-02-01 10:00:00,4214.0,4217.0,4196.0,4208.0,205.0,7188.0
2021-02-01 10:15:00,4208.0,4225.0,4204.0,4218.0,95.0,7234.0
2021-02-01 11:00:00,4218.0,4221.0,4199.0,4199.0,180.0,7327.0
2021-02-01 11:30:00,4199.0,4207.0,4197.0,4201.0,632.0,7904.0
2021-02-01 14:00:00,4201.0,4211.0,4201.0,4207.0,143.0,7982.0
2021-02-01 14:30:00,4207.0,4210.0,4202.0,4202.0,89.0,8036.0
2021-02-01 15:00:00,4202.0,4211.0,4183.0,4186.0,711.0,8669.0
2021-02-01 21:30:00,4226.0,4226.0,4184.0,4188.0,82.0,8675.0
2021-02-01 22:00:00,4188.0,4201.0,4188.0,4200.0,129.0,8733.0
2021-02-01 22:30:00,4200.0,4202.0,4190.0,4191.0,106.0,8784.0
2021-02-01 23:00:00,4191.0,4194.0,4182.0,4183.0,183.0,8820.0
2021-02-02 09:30:00,4183.0,4199.0,4179.0,4195.0,46.0,8799.0
2021-02-02 10:00:00,4195.0,4195.0,4174.0,4176.0,156.0,8894.0
2021-02-02 10:15:00,4176.0,4180.0,4166.0,4166.0,63.0,8929.0
2021-02-02 11:00:00,4166.0,4176.0,4161.0,4169.0,99.0,8975.0
2021-02-02 11:30:00,4169.0,4171.0,4157.0,4163.0,80.0,9024.0
2021-02-02 14:00:00,4163.0,4163.0,4140.0,4147.0,225.0,9171.0
2021-02-02 14:30:00,4147.0,4147.0,4109.0,4115.0,300.0,9397.0
2021-02-02 15:00:00,4115.0,4143.0,4110.0,4133.0,109.0,9474.0
2021-02-02 21:30:00,4131.0,4131.0,4121.0,4125.0,106.0,9527.0
2021-02-02 22:00:00,4125.0,4131.0,4124.0,4129.0,148.0,9602.0
2021-02-02 22:30:00,4129.0,4129.0,4115.0,4120.0,105.0,9653.0
2021-02-02 23:00:00,4120.0,4121.0,4106.0,4106.0,201.0,9752.0
2021-02-03 09:30:00,4106.0,4173.0,4106.0,4161.0,136.0,9792.0
2021-02-03 10:00:00,4161.0,4161.0,4144.0,4153.0,401.0,9994.0
2021-02-03 10:15:00,4153.0,4159.0,4153.0,4159.0,91.0,10035.0
2021-02-03 11:00:00,4159.0,4163.0,4145.0,4152.0,430.0,10278.0
2021-02-03 11:30:00,4152.0,4161.0,4147.0,4149.0,257.0,10435.0
2021-02-03 14:00:00,4149.0,4153.0,4137.0,4152.0,426.0,10663.0
2021-02-03 14:30:00,4152.0,4152.0,4140.0,4146.0,231.0,10780.0
2021-02-03 15:00:00,4146.0,4170.0,4145.0,4156.0,492.0,11049.0
2021-02-03 21:30:00,4156.0,4166.0,4156.0,4163.0,194.0,11135.0
2021-02-03 22:00:00,4163.0,4171.0,4158.0,4171.0,319.0,11312.0
2021-02-03 22:30:00,4171.0,4176.0,4160.0,4168.0,239.0,11438.0
2021-02-03 23:00:00,4168.0,4183.0,4165.0,4170.0,346.0,11625.0
2021-02-04 09:30:00,4170.0,4200.0,4170.0,4188.0,195.0,11679.0
2021-02-04 10:00:00,4188.0,4204.0,4184.0,4202.0,332.0,11860.0
2021-02-04 10:15:00,4202.0,4203.0,4195.0,4196.0,71.0,11896.0
2021-02-04 11:00:00,4196.0,4212.0,4196.0,4202.0,253.0,12023.0
2021-02-04 11:30:00,4202.0,4203.0,4189.0,4191.0,224.0,12139.0
2021-02-04 14:00:00,4191.0,4202.0,4186.0,4197.0,125.0,12167.0
2021-02-04 14:30:00,4197.0,4216.0,4195.0,4208.0,497.0,12392.0
2021-02-04 15:00:00,4208.0,4218.0,4206.0,4216.0,383.0,12631.0
2021-02-04 21:30:00,4216.0,4216.0,4202.0,4202.0,113.0,12668.0
2021-02-04 22:00:00,4202.0,4213.0,4200.0,4205.0,229.0,12788.0
2021-02-04 22:30:00,4205.0,4213.0,4198.0,4209.0,291.0,12947.0
2021-02-04 23:00:00,4209.0,4213.0,4203.0,4213.0,294.0,13089.0
2021-02-05 09:30:00,4213.0,4213.0,4200.0,4206.0,174.0,13160.0
2021-02-05 10:00:00,4206.0,4232.0,4206.0,4223.0,509.0,13355.0
2021-02-05 10:15:00,4223.0,4236.0,4219.0,4234.0,230.0,13467.0
2021-02-05 11:00:00,4234.0,4250.0,4223.0,4249.0,519.0,13635.0
2021-02-05 11:30:00,4249.0,4254.0,4245.0,4253.0,294.0,13732.0
2021-02-05 14:00:00,4253.0,4260.0,4244.0,4245.0,329.0,13897.0
2021-02-05 14:30:00,4245.0,4261.0,4244.0,4257.0,425.0,14076.0
2021-02-05 15:00:00,4257.0,4263.0,4240.0,4246.0,345.0,14216.0
2021-02-05 21:30:00,4246.0,4249.0,4242.0,4249.0,175.0,14306.0
2021-02-05 22:00:00,4249.0,4256.0,4244.0,4249.0,236.0,14402.0
2021-02-05 22:30:00,4249.0,4256.0,4246.0,4256.0,210.0,14451.0
2021-02-05 23:00:00,4256.0,4261.0,4254.0,4261.0,166.0,14497.0
2021-02-08 09:30:00,4261.0,4299.0,4261.0,4290.0,182.0,14541.0
2021-02-08 10:00:00,4290.0,4299.0,4288.0,4297.0,345.0,14696.0
2021-02-08 10:15:00,4297.0,4305.0,4296.0,4302.0,203.0,14775.0
2021-02-08 11:00:00,4302.0,4323.0,4302.0,4317.0,348.0,14913.0
2021-02-08 11:30:00,4317.0,4332.0,4314.0,4327.0,429.0,15017.0
2021-02-08 14:00:00,4327.0,4331.0,4300.0,4307.0,539.0,15228.0
2021-02-08 14:30:00,4307.0,4322.0,4306.0,4316.0,563.0,15323.0
2021-02-08 15:00:00,4316.0,4328.0,4309.0,4309.0,489.0,15274.0
2021-02-08 21:30:00,4309.0,4316.0,4303.0,4305.0,300.0,15329.0
2021-02-08 22:00:00,4305.0,4314.0,4304.0,4313.0,421.0,15319.0
2021-02-08 22:30:00,4313.0,4317.0,4309.0,4312.0,322.0,15280.0
2021-02-08 23:00:00,4312.0,4320.0,4306.0,4312.0,324.0,15289.0
2021-02-09 09:30:00,4312.0,4330.0,4312.0,4328.0,68.0,15300.0
2021-02-09 10:00:00,4328.0,4355.0,4328.0,4355.0,304.0,15271.0
2021-02-09 10:15:00,4355.0,4364.0,4351.0,4356.0,234.0,15222.0
2021-02-09 11:00:00,4356.0,4359.0,4351.0,4355.0,199.0,15185.0
2021-02-09 11:30:00,4355.0,4372.0,4355.0,4372.0,174.0,15194.0
2021-02-09 14:00:00,4372.0,4378.0,4360.0,4370.0,247.0,15104.0
2021-02-09 14:30:00,4370.0,4385.0,4369.0,4383.0,349.0,14996.0
2021-02-09 15:00:00,4383.0,4388.0,4373.0,4388.0,94.0,14988.0
2021-02-09 21:30:00,4388.0,4388.0,4361.0,4366.0,114.0,14976.0
2021-02-09 22:00:00,4366.0,4367.0,4357.0,4361.0,81.0,15007.0
2021-02-09 22:30:00,4361.0,4372.0,4361.0,4364.0,164.0,15026.0
2021-02-09 23:00:00,4364.0,4367.0,4359.0,4362.0,145.0,15049.0
2021-02-10 09:30:00,4362.0,4364.0,4343.0,4343.0,72.0,15057.0
2021-02-10 10:00:00,4343.0,4348.0,4331.0,4335.0,167.0,15080.0
2021-02-10 10:15:00,4335.0,4341.0,4333.0,4339.0,103.0,15117.0
2021-02-10 11:00:00,4339.0,4349.0,4335.0,4349.0,138.0,15174.0
2021-02-10 11:30:00,4351.0,4369.0,4351.0,4365.0,170.0,15192.0
2021-02-10 14:00:00,4365.0,4375.0,4360.0,4371.0,101.0,15198.0
2021-02-10 14:30:00,4371.0,4381.0,4370.0,4377.0,117.0,15227.0
2021-02-10 15:00:00,4377.0,4387.0,4371.0,4387.0,110.0,15236.0
2021-02-18 09:30:00,4450.0,4482.0,4437.0,4451.0,145.0,15214.0
2021-02-18 10:00:00,4451.0,4495.0,4451.0,4481.0,362.0,15248.0
2021-02-18 10:15:00,4481.0,4481.0,4468.0,4476.0,121.0,15247.0
2021-02-18 11:00:00,4476.0,4502.0,4474.0,4499.0,244.0,15289.0
2021-02-18 11:30:00,4499.0,4504.0,4478.0,4489.0,300.0,15403.0
2021-02-18 14:00:00,4489.0,4512.0,4487.0,4511.0,151.0,15408.0
2021-02-18 14:30:00,4511.0,4511.0,4503.0,4504.0,67.0,15410.0
2021-02-18 15:00:00,4504.0,4506.0,4491.0,4493.0,159.0,15428.0
2021-02-18 21:30:00,4482.0,4536.0,4482.0,4530.0,233.0,15538.0
2021-02-18 22:00:00,4530.0,4545.0,4528.0,4542.0,250.0,15639.0
2021-02-18 22:30:00,4542.0,4552.0,4539.0,4551.0,131.0,15681.0
2021-02-18 23:00:00,4551.0,4554.0,4496.0,4517.0,364.0,15788.0
2021-02-19 09:30:00,4517.0,4517.0,4489.0,4495.0,93.0,15789.0
2021-02-19 10:00:00,4495.0,4498.0,4482.0,4487.0,104.0,15791.0
2021-02-19 10:15:00,4487.0,4487.0,4468.0,4468.0,42.0,15797.0
2021-02-19 11:00:00,4468.0,4476.0,4444.0,4457.0,264.0,15870.0
2021-02-19 11:30:00,4457.0,4470.0,4447.0,4470.0,180.0,15928.0
2021-02-19 14:00:00,4559.0,4559.0,4475.0,4499.0,202.0,15986.0
2021-02-19 14:30:00,4499.0,4499.0,4485.0,4486.0,62.0,15996.0
2021-02-19 15:00:00,4486.0,4500.0,4486.0,4490.0,91.0,16009.0
2021-02-19 21:30:00,4490.0,4490.0,4469.0,4473.0,89.0,16022.0
2021-02-19 22:00:00,4473.0,4493.0,4473.0,4475.0,113.0,16036.0
2021-02-19 22:30:00,4475.0,4477.0,4459.0,4466.0,155.0,16046.0
2021-02-19 23:00:00,4466.0,4499.0,4466.0,4484.0,651.0,16535.0
2021-02-22 09:30:00,4500.0,4635.0,4500.0,4618.0,430.0,16501.0
2021-02-22 10:00:00,4618.0,4618.0,4559.0,4566.0,446.0,16568.0
2021-02-22 10:15:00,4566.0,4588.0,4566.0,4588.0,165.0,16591.0
2021-02-22 11:00:00,4588.0,4588.0,4572.0,4583.0,121.0,16601.0
2021-02-22 11:30:00,4583.0,4587.0,4564.0,4577.0,163.0,16629.0
2021-02-22 14:00:00,4577.0,4594.0,4573.0,4579.0,333.0,16586.0
2021-02-22 14:30:00,4579.0,4579.0,4551.0,4558.0,691.0,16087.0
2021-02-22 15:00:00,4558.0,4561.0,4532.0,4560.0,150.0,16033.0
2021-02-22 21:30:00,4560.0,4560.0,4529.0,4529.0,222.0,16042.0
2021-02-22 22:00:00,4529.0,4548.0,4528.0,4545.0,147.0,16052.0
2021-02-22 22:30:00,4545.0,4567.0,4545.0,4554.0,55.0,16044.0
2021-02-22 23:00:00,4554.0,4593.0,4554.0,4592.0,257.0,16104.0
2021-02-23 09:30:00,4592.0,4592.0,4567.0,4574.0,203.0,16145.0
2021-02-23 10:00:00,4574.0,4584.0,4574.0,4580.0,167.0,16162.0
2021-02-23 10:15:00,4580.0,4593.0,4574.0,4593.0,71.0,16181.0
2021-02-23 11:00:00,4593.0,4593.0,4569.0,4580.0,347.0,16305.0
2021-02-23 11:30:00,4580.0,4582.0,4550.0,4555.0,395.0,16417.0
2021-02-23 14:00:00,4555.0,4567.0,4539.0,4559.0,10.0,16412.0
2021-02-23 14:30:00,4559.0,4560.0,4532.0,4532.0,25.0,16410.0
2021-02-23 15:00:00,4532.0,4548.0,4511.0,4535.0,33.0,16398.0
2021-02-23 21:30:00,4523.0,4525.0,4503.0,4523.0,74.0,16423.0
2021-02-23 22:00:00,4523.0,4538.0,4517.0,4536.0,90.0,16474.0
2021-02-23 22:30:00,4536.0,4536.0,4527.0,4528.0,21.0,16488.0
2021-02-23 23:00:00,4528.0,4556.0,4517.0,4529.0,74.0,16518.0
2021-02-24 09:30:00,4529.0,4569.0,4529.0,4561.0,72.0,16539.0
2021-02-24 10:00:00,4561.0,4567.0,4558.0,4562.0,205.0,16573.0
2021-02-24 10:15:00,4562.0,4573.0,4562.0,4571.0,115.0,16590.0
2021-02-24 11:00:00,4571.0,4571.0,4543.0,4554.0,118.0,16583.0
2021-02-24 11:30:00,4554.0,4562.0,4551.0,4562.0,161.0,16635.0
2021-02-24 14:00:00,4562.0,4565.0,4545.0,4552.0,102.0,16617.0
2021-02-24 14:30:00,4552.0,4553.0,4532.0,4544.0,305.0,16616.0
2021-02-24 15:00:00,4544.0,4577.0,4544.0,4577.0,193.0,16610.0
2021-02-24 21:30:00,4577.0,4614.0,4577.0,4611.0,729.0,17131.0
2021-02-24 22:00:00,4611.0,4626.0,4599.0,4613.0,332.0,17183.0
2021-02-24 22:30:00,4613.0,4632.0,4602.0,4604.0,464.0,17269.0
2021-02-24 23:00:00,4604.0,4622.0,4590.0,4622.0,270.0,17276.0
2021-02-25 09:30:00,4622.0,4661.0,4622.0,4661.0,185.0,17297.0
2021-02-25 10:00:00,4661.0,4661.0,4645.0,4653.0,498.0,17401.0
2021-02-25 10:15:00,4653.0,4656.0,4651.0,4655.0,56.0,17403.0
2021-02-25 11:00:00,4655.0,4655.0,4644.0,4644.0,168.0,17414.0
2021-02-25 11:30:00,4644.0,4712.0,4641.0,4712.0,1374.0,18480.0
2021-02-25 14:00:00,4712.0,4713.0,4674.0,4697.0,729.0,19005.0
2021-02-25 14:30:00,4697.0,4697.0,4638.0,4651.0,167.0,19036.0
2021-02-25 15:00:00,4651.0,4660.0,4627.0,4648.0,183.0,19033.0
2021-02-25 21:30:00,4648.0,4662.0,4642.0,4660.0,619.0,19561.0
2021-02-25 22:00:00,4660.0,4663.0,4633.0,4635.0,299.0,19616.0
2021-02-25 22:30:00,4635.0,4654.0,4629.0,4649.0,254.0,19654.0
2021-02-25 23:00:00,4649.0,4654.0,4638.0,4640.0,161.0,19640.0
2021-02-26 09:30:00,4635.0,4635.0,4588.0,4613.0,336.0,19662.0
2021-02-26 10:00:00,4613.0,4617.0,4601.0,4617.0,493.0,19835.0
2021-02-26 10:15:00,4617.0,4630.0,4614.0,4621.0,262.0,19927.0
2021-02-26 11:00:00,4623.0,4646.0,4623.0,4636.0,224.0,19952.0
2021-02-26 11:30:00,4636.0,4655.0,4633.0,4653.0,157.0,19987.0
2021-02-26 14:00:00,4649.0,4654.0,4620.0,4654.0,234.0,20058.0
2021-02-26 14:30:00,4654.0,4689.0,4650.0,4682.0,440.0,20175.0
2021-02-26 15:00:00,4679.0,4679.0,4643.0,4643.0,298.0,20228.0
2021-02-26 21:30:00,4643.0,4643.0,4585.0,4615.0,1084.0,21258.0
2021-02-26 22:00:00,4615.0,4627.0,4615.0,4625.0,183.0,21302.0
2021-02-26 22:30:00,4625.0,4645.0,4617.0,4640.0,334.0,21355.0
2021-02-26 23:00:00,4640.0,4667.0,4633.0,4664.0,349.0,21430.0
