FSRQ,159915
2011/11/18,0.9968
2011/11/21,0.9924
2011/11/22,0.9951
2011/11/23,0.9914
2011/11/25,0.9888
2011/11/30,0.9601
2011/12/2,0.95
2011/12/5,0.9089
2011/12/6,0.9151
2011/12/7,0.9203
2011/12/8,0.9278
2011/12/9,0.9159
2011/12/12,0.907
2011/12/13,0.8826
2011/12/14,0.8679
2011/12/15,0.8576
2011/12/16,0.8937
2011/12/19,0.9101
2011/12/20,0.8965
2011/12/21,0.874
2011/12/22,0.8701
2011/12/23,0.8741
2011/12/26,0.8646
2011/12/27,0.8355
2011/12/28,0.8247
2011/12/29,0.8234
2011/12/30,0.8381
2011/12/31,0.838
2012/1/4,0.8122
2012/1/5,0.7667
2012/1/6,0.7693
2012/1/9,0.7965
2012/1/10,0.824
2012/1/11,0.8256
2012/1/12,0.8165
2012/1/13,0.7663
2012/1/16,0.7295
2012/1/17,0.7624
2012/1/18,0.7192
2012/1/19,0.7281
2012/1/20,0.7437
2012/1/30,0.7491
2012/1/31,0.7462
2012/2/1,0.7486
2012/2/2,0.7653
2012/2/3,0.782
2012/2/6,0.7893
2012/2/7,0.7746
2012/2/8,0.796
2012/2/9,0.8021
2012/2/10,0.8034
2012/2/13,0.8217
2012/2/14,0.8188
2012/2/15,0.833
2012/2/16,0.8295
2012/2/17,0.8249
2012/2/20,0.8286
2012/2/21,0.8467
2012/2/22,0.8726
2012/2/23,0.8695
2012/2/24,0.8757
2012/2/27,0.8734
2012/2/28,0.859
2012/2/29,0.8444
2012/3/1,0.8533
2012/3/2,0.8698
2012/3/5,0.872
2012/3/6,0.8623
2012/3/7,0.8605
2012/3/8,0.8745
2012/3/9,0.8928
2012/3/12,0.9025
2012/3/13,0.9096
2012/3/14,0.8686
2012/3/15,0.8571
2012/3/16,0.8789
2012/3/19,0.8947
2012/3/20,0.8674
2012/3/21,0.8631
2012/3/22,0.8621
2012/3/23,0.8473
2012/3/26,0.8465
2012/3/27,0.8449
2012/3/28,0.8026
2012/3/29,0.7863
2012/3/30,0.7804
2012/3/31,0.7804
2012/4/5,0.8021
2012/4/6,0.8067
2012/4/9,0.7933
2012/4/10,0.8017
2012/4/11,0.8034
2012/4/12,0.82
2012/4/13,0.8268
2012/4/16,0.8237
2012/4/17,0.8158
2012/4/18,0.832
2012/4/19,0.834
2012/4/20,0.838
2012/4/23,0.7945
2012/4/24,0.7844
2012/4/25,0.7854
2012/4/26,0.7814
2012/4/27,0.7893
2012/5/2,0.7988
2012/5/3,0.8055
2012/5/4,0.8215
2012/5/7,0.8444
2012/5/8,0.843
2012/5/9,0.8289
2012/5/10,0.8382
2012/5/11,0.8315
2012/5/14,0.83
2012/5/15,0.8303
2012/5/16,0.8189
2012/5/17,0.8263
2012/5/18,0.815
2012/5/21,0.8134
2012/5/22,0.8248
2012/5/23,0.8231
2012/5/24,0.8225
2012/5/25,0.8113
2012/5/28,0.8158
2012/5/29,0.832
2012/5/30,0.8401
2012/5/31,0.8487
2012/6/1,0.8485
2012/6/4,0.8289
2012/6/5,0.8277
2012/6/6,0.8268
2012/6/7,0.8224
2012/6/8,0.8253
2012/6/11,0.849
2012/6/12,0.8499
2012/6/13,0.8627
2012/6/14,0.8563
2012/6/15,0.8578
2012/6/18,0.8701
2012/6/19,0.864
2012/6/20,0.8651
2012/6/21,0.8546
2012/6/25,0.8335
2012/6/26,0.8281
2012/6/27,0.8315
2012/6/28,0.8225
2012/6/29,0.8399
2012/6/30,0.8398
2012/7/2,0.8558
2012/7/3,0.8588
2012/7/4,0.8539
2012/7/5,0.8365
2012/7/6,0.8513
2012/7/9,0.8341
2012/7/10,0.824
2012/7/11,0.8307
2012/7/12,0.8478
2012/7/13,0.8381
2012/7/16,0.7987
2012/7/17,0.8051
2012/7/18,0.811
2012/7/19,0.819
2012/7/20,0.8157
2012/7/23,0.8137
2012/7/24,0.8158
2012/7/25,0.8179
2012/7/26,0.8161
2012/7/27,0.8125
2012/7/30,0.7952
2012/7/31,0.782
2012/8/1,0.7963
2012/8/2,0.798
2012/8/3,0.822
2012/8/6,0.843
2012/8/7,0.8495
2012/8/8,0.8426
2012/8/9,0.8576
2012/8/10,0.8575
2012/8/13,0.8397
2012/8/14,0.8497
2012/8/15,0.8421
2012/8/16,0.835
2012/8/17,0.8322
2012/8/20,0.8433
2012/8/21,0.864
2012/8/22,0.8616
2012/8/23,0.8657
2012/8/24,0.846
2012/8/27,0.8336
2012/8/28,0.8395
2012/8/29,0.8387
2012/8/30,0.8125
2012/8/31,0.8154
2012/9/3,0.835
2012/9/4,0.8338
2012/9/5,0.8428
2012/9/6,0.8531
2012/9/7,0.8757
2012/9/10,0.8788
2012/9/11,0.8782
2012/9/12,0.879
2012/9/13,0.8646
2012/9/14,0.8584
2012/9/17,0.8351
2012/9/18,0.8346
2012/9/19,0.8398
2012/9/20,0.8152
2012/9/21,0.7974
2012/9/24,0.7964
2012/9/25,0.7872
2012/9/26,0.7634
2012/9/27,0.7808
2012/9/28,0.7953
2012/9/30,0.7952
2012/10/8,0.7962
2012/10/9,0.8214
2012/10/10,0.8319
2012/10/11,0.8204
2012/10/12,0.817
2012/10/15,0.809
2012/10/16,0.8129
2012/10/17,0.8171
2012/10/18,0.8302
2012/10/19,0.8289
2012/10/22,0.8344
2012/10/23,0.8196
2012/10/24,0.8155
2012/10/25,0.8035
2012/10/26,0.7897
2012/10/29,0.7929
2012/10/30,0.7945
2012/10/31,0.7968
2012/11/1,0.8084
2012/11/2,0.808
2012/11/5,0.7981
2012/11/6,0.7954
2012/11/7,0.7945
2012/11/8,0.7785
2012/11/9,0.7749
2012/11/12,0.7793
2012/11/13,0.7687
2012/11/14,0.7663
2012/11/15,0.7594
2012/11/16,0.7559
2012/11/19,0.7568
2012/11/20,0.7563
2012/11/21,0.7602
2012/11/22,0.7509
2012/11/23,0.7505
2012/11/26,0.736
2012/11/27,0.7101
2012/11/28,0.7003
2012/11/29,0.6951
2012/11/30,0.6993
2012/12/3,0.6841
2012/12/4,0.6923
2012/12/5,0.7197
2012/12/6,0.7191
2012/12/7,0.7341
2012/12/10,0.7441
2012/12/11,0.738
2012/12/12,0.7362
2012/12/13,0.7277
2012/12/14,0.7552
2012/12/17,0.7476
2012/12/18,0.7435
2012/12/19,0.7504
2012/12/20,0.7575
2012/12/21,0.7686
2012/12/24,0.7819
2012/12/25,0.7982
2012/12/26,0.8153
2012/12/27,0.8044
2012/12/28,0.8135
2012/12/31,0.8202
2013/1/4,0.8097
2013/1/7,0.8243
2013/1/8,0.8414
2013/1/9,0.8429
2013/1/10,0.8505
2013/1/11,0.8394
2013/1/14,0.8725
2013/1/15,0.893
2013/1/16,0.8883
2013/1/17,0.8812
2013/1/18,0.903
2013/1/21,0.9089
2013/1/22,0.889
2013/1/23,0.8929
2013/1/24,0.8694
2013/1/25,0.8751
2013/1/28,0.9001
2013/1/29,0.908
2013/1/30,0.8987
2013/1/31,0.8899
2013/2/1,0.8971
2013/2/4,0.8851
2013/2/5,0.895
2013/2/6,0.9063
2013/2/7,0.9221
2013/2/8,0.9413
2013/2/18,0.9551
2013/2/19,0.9374
2013/2/20,0.9728
2013/2/21,0.9597
2013/2/22,0.9591
2013/2/25,0.9782
2013/2/26,0.9732
2013/2/27,0.9673
2013/2/28,0.9843
2013/3/1,1.0113
2013/3/4,0.9869
2013/3/5,1.0148
2013/3/6,1.0316
2013/3/7,1.0025
2013/3/8,0.9882
2013/3/11,0.9932
2013/3/12,0.96
2013/3/13,0.9534
2013/3/14,0.9624
2013/3/15,0.9758
2013/3/18,0.9737
2013/3/19,0.9631
2013/3/20,0.9898
2013/3/21,1.0085
2013/3/22,1.0075
2013/3/25,1.0073
2013/3/26,1.0011
2013/3/27,1.0083
2013/3/28,0.991
2013/3/29,0.9898
2013/4/1,1.0016
2013/4/2,0.9658
2013/4/3,0.9545
2013/4/8,0.9754
2013/4/9,0.985
2013/4/10,0.9719
2013/4/11,0.9688
2013/4/12,0.9676
2013/4/15,0.9559
2013/4/16,0.967
2013/4/17,0.991
2013/4/18,0.9978
2013/4/19,1.0192
2013/4/22,1.0463
2013/4/23,1.0209
2013/4/24,1.0547
2013/4/25,1.0322
2013/4/26,1.0161
2013/5/2,1.0432
2013/5/3,1.0719
2013/5/6,1.0931
2013/5/7,1.0925
2013/5/8,1.1183
2013/5/9,1.1323
2013/5/10,1.1281
2013/5/13,1.136
2013/5/14,1.1147
2013/5/15,1.1558
2013/5/16,1.1525
2013/5/17,1.1683
2013/5/20,1.2005
2013/5/21,1.2253
2013/5/22,1.1873
2013/5/23,1.1908
2013/5/24,1.2259
2013/5/27,1.2439
2013/5/28,1.2092
2013/5/29,1.2172
2013/5/30,1.2264
2013/5/31,1.2258
2013/6/3,1.2023
2013/6/4,1.1687
2013/6/5,1.1803
2013/6/6,1.1685
2013/6/7,1.1779
2013/6/13,1.177
2013/6/14,1.2211
2013/6/17,1.2274
2013/6/18,1.2265
2013/6/19,1.2206
2013/6/20,1.1774
2013/6/21,1.1729
2013/6/24,1.1116
2013/6/25,1.1267
2013/6/26,1.1881
2013/6/27,1.1691
2013/6/28,1.1561
2013/6/30,1.1561
2013/7/1,1.2063
2013/7/2,1.2379
2013/7/3,1.2622
2013/7/4,1.2432
2013/7/5,1.2085
2013/7/8,1.1777
2013/7/9,1.2007
2013/7/10,1.2215
2013/7/11,1.2352
2013/7/12,1.2528
2013/7/15,1.3022
2013/7/16,1.3063
2013/7/17,1.2905
2013/7/18,1.2886
2013/7/19,1.275
2013/7/22,1.318
2013/7/23,1.3463
2013/7/24,1.3725
2013/7/25,1.31
2013/7/26,1.3166
2013/7/29,1.2897
2013/7/30,1.2737
2013/7/31,1.2848
2013/8/1,1.3481
2013/8/2,1.3466
2013/8/5,1.3626
2013/8/6,1.3723
2013/8/7,1.3316
2013/8/8,1.3429
2013/8/9,1.3279
2013/8/12,1.3159
2013/8/13,1.3277
2013/8/14,1.337
2013/8/15,1.3219
2013/8/16,1.2827
2013/8/19,1.3266
2013/8/20,1.3314
2013/8/21,1.3376
2013/8/22,1.3552
2013/8/23,1.3797
2013/8/26,1.3993
2013/8/27,1.4124
2013/8/28,1.386
2013/8/29,1.384
2013/8/30,1.3382
2013/9/2,1.366
2013/9/3,1.393
2013/9/4,1.395
2013/9/5,1.4292
2013/9/6,1.4461
2013/9/9,1.4379
2013/9/10,1.4242
2013/9/11,1.3765
2013/9/12,1.3764
2013/9/13,1.4129
2013/9/16,1.441
2013/9/17,1.4305
2013/9/18,1.4531
2013/9/23,1.4935
2013/9/24,1.4961
2013/9/25,1.4901
2013/9/26,1.4715
2013/9/27,1.4908
2013/9/30,1.5391
2013/10/8,1.5611
2013/10/9,1.5928
2013/10/10,1.5519
2013/10/11,1.5538
2013/10/14,1.5689
2013/10/15,1.5649
2013/10/16,1.5035
2013/10/17,1.4889
2013/10/18,1.5181
2013/10/21,1.5737
2013/10/22,1.5185
2013/10/23,1.4743
2013/10/24,1.4574
2013/10/25,1.4274
2013/10/28,1.4384
2013/10/29,1.4189
2013/10/30,1.4315
2013/10/31,1.3893
2013/11/1,1.3747
2013/11/4,1.3754
2013/11/5,1.4172
2013/11/6,1.3968
2013/11/7,1.377
2013/11/8,1.3626
2013/11/11,1.3642
2013/11/12,1.3816
2013/11/13,1.3635
2013/11/14,1.4053
2013/11/15,1.4269
2013/11/18,1.4515
2013/11/19,1.4592
2013/11/20,1.4604
2013/11/21,1.4601
2013/11/22,1.4557
2013/11/25,1.4541
2013/11/26,1.4519
2013/11/27,1.4938
2013/11/28,1.5019
2013/11/29,1.5354
2013/12/2,1.4095
2013/12/3,1.4111
2013/12/4,1.3943
2013/12/5,1.3517
2013/12/6,1.3569
2013/12/9,1.3958
2013/12/10,1.3849
2013/12/11,1.3988
2013/12/12,1.437
2013/12/13,1.4358
2013/12/16,1.4376
2013/12/17,1.424
2013/12/18,1.411
2013/12/19,1.4111
2013/12/20,1.4085
2013/12/23,1.3962
2013/12/24,1.414
2013/12/25,1.4468
2013/12/26,1.4258
2013/12/27,1.4534
2013/12/30,1.4682
2013/12/31,1.4642
2014/1/2,1.4958
2014/1/3,1.5178
2014/1/6,1.485
2014/1/7,1.5171
2014/1/8,1.5756
2014/1/9,1.5481
2014/1/10,1.5181
2014/1/13,1.5286
2014/1/14,1.5709
2014/1/15,1.587
2014/1/16,1.5644
2014/1/17,1.5649
2014/1/20,1.5393
2014/1/21,1.5776
2014/1/22,1.605
2014/1/23,1.6377
2014/1/24,1.6629
2014/1/27,1.655
2014/1/28,1.648
2014/1/29,1.676
2014/1/30,1.6753
2014/2/7,1.7159
2014/2/10,1.7389
2014/2/11,1.7097
2014/2/12,1.724
2014/2/13,1.6622
2014/2/14,1.6958
2014/2/17,1.7434
2014/2/18,1.7281
2014/2/19,1.7267
2014/2/20,1.6941
2014/2/21,1.6991
2014/2/24,1.7217
2014/2/25,1.6466
2014/2/26,1.6389
2014/2/27,1.5814
2014/2/28,1.6037
2014/3/3,1.6369
2014/3/4,1.631
2014/3/5,1.6348
2014/3/6,1.6326
2014/3/7,1.6304
2014/3/10,1.5709
2014/3/11,1.5583
2014/3/12,1.5621
2014/3/13,1.6038
2014/3/14,1.6006
2014/3/17,1.6486
2014/3/18,1.6577
2014/3/19,1.6362
2014/3/20,1.5824
2014/3/21,1.5848
2014/3/24,1.5597
2014/3/25,1.5577
2014/3/26,1.5829
2014/3/27,1.5279
2014/3/28,1.4864
2014/3/31,1.4835
2014/4/1,1.5137
2014/4/2,1.4839
2014/4/3,1.4815
2014/4/4,1.5045
2014/4/8,1.5089
2014/4/9,1.5318
2014/4/10,1.5433
2014/4/11,1.5237
2014/4/14,1.5333
2014/4/15,1.53
2014/4/16,1.5185
2014/4/17,1.5278
2014/4/18,1.5384
2014/4/21,1.5235
2014/4/22,1.4932
2014/4/23,1.4825
2014/4/24,1.4752
2014/4/25,1.4447
2014/4/28,1.4068
2014/4/29,1.417
2014/4/30,1.4352
2014/5/5,1.456
2014/5/6,1.4722
2014/5/7,1.4429
2014/5/8,1.4318
2014/5/9,1.4086
2014/5/12,1.4306
2014/5/13,1.4297
2014/5/14,1.4324
2014/5/15,1.4058
2014/5/16,1.376
2014/5/19,1.3784
2014/5/20,1.3961
2014/5/21,1.4108
2014/5/22,1.4236
2014/5/23,1.4532
2014/5/26,1.4809
2014/5/27,1.465
2014/5/28,1.5013
2014/5/29,1.4736
2014/5/30,1.4784
2014/6/3,1.48
2014/6/4,1.4819
2014/6/5,1.5195
2014/6/6,1.514
2014/6/9,1.4874
2014/6/10,1.5186
2014/6/11,1.5336
2014/6/12,1.5297
2014/6/13,1.5507
2014/6/16,1.5649
2014/6/17,1.5441
2014/6/18,1.5292
2014/6/19,1.4812
2014/6/20,1.4964
2014/6/23,1.5263
2014/6/24,1.5353
2014/6/25,1.5236
2014/6/26,1.5543
2014/6/27,1.5565
2014/6/30,1.5737
2014/7/1,1.5817
2014/7/2,1.5906
2014/7/3,1.5935
2014/7/4,1.5815
2014/7/7,1.561
2014/7/8,1.5795
2014/7/9,1.5507
2014/7/10,1.5276
2014/7/11,1.5226
2014/7/14,1.5313
2014/7/15,1.5029
2014/7/16,1.4778
2014/7/17,1.4714
2014/7/18,1.4637
2014/7/21,1.465
2014/7/22,1.4897
2014/7/23,1.4489
2014/7/24,1.4253
2014/7/25,1.4407
2014/7/28,1.4724
2014/7/29,1.4914
2014/7/30,1.5036
2014/7/31,1.5055
2014/8/1,1.4851
2014/8/4,1.4894
2014/8/5,1.5235
2014/8/6,1.529
2014/8/7,1.5249
2014/8/8,1.542
2014/8/11,1.5643
2014/8/12,1.5628
2014/8/13,1.5494
2014/8/14,1.5449
2014/8/15,1.558
2014/8/18,1.5974
2014/8/19,1.6057
2014/8/20,1.5958
2014/8/21,1.6183
2014/8/22,1.6331
2014/8/25,1.6137
2014/8/26,1.5784
2014/8/27,1.588
2014/8/28,1.5703
2014/8/29,1.5921
2014/9/1,1.6223
2014/9/2,1.6353
2014/9/3,1.6487
2014/9/4,1.668
2014/9/5,1.6619
2014/9/9,1.6661
2014/9/10,1.6778
2014/9/11,1.6864
2014/9/12,1.6983
2014/9/15,1.7006
2014/9/16,1.644
2014/9/17,1.6502
2014/9/18,1.6626
2014/9/19,1.6714
2014/9/22,1.6546
2014/9/23,1.6732
2014/9/24,1.6908
2014/9/25,1.6812
2014/9/26,1.6842
2014/9/29,1.6999
2014/9/30,1.7151
2014/10/8,1.7328
2014/10/9,1.7373
2014/10/10,1.7301
2014/10/13,1.7237
2014/10/14,1.7138
2014/10/15,1.7208
2014/10/16,1.7015
2014/10/17,1.6848
2014/10/20,1.7077
2014/10/21,1.6918
2014/10/22,1.6779
2014/10/23,1.6495
2014/10/24,1.6493
2014/10/27,1.6645
2014/10/28,1.6964
2014/10/29,1.7049
2014/10/30,1.7006
2014/10/31,1.6873
2014/11/3,1.705
2014/11/4,1.6902
2014/11/5,1.686
2014/11/6,1.7075
2014/11/7,1.6968
2014/11/10,1.6884
2014/11/11,1.6307
2014/11/12,1.6462
2014/11/13,1.6115
2014/11/14,1.6098
2014/11/17,1.6417
2014/11/18,1.6524
2014/11/19,1.6763
2014/11/20,1.6645
2014/11/21,1.6752
2014/11/24,1.6782
2014/11/25,1.714
2014/11/26,1.7269
2014/11/27,1.7365
2014/11/28,1.7443
2014/12/1,1.7248
2014/12/2,1.7388
2014/12/3,1.7804
2014/12/4,1.7988
2014/12/5,1.7562
2014/12/8,1.7395
2014/12/9,1.6726
2014/12/10,1.7454
2014/12/11,1.7612
2014/12/12,1.7994
2014/12/15,1.8355
2014/12/16,1.8269
2014/12/17,1.8209
2014/12/18,1.8101
2014/12/19,1.7705
2014/12/22,1.6872
2014/12/23,1.6645
2014/12/24,1.6888
2014/12/25,1.699
2014/12/26,1.7061
2014/12/29,1.6673
2014/12/30,1.6252
2014/12/31,1.6373
2015/1/5,1.6298
2015/1/6,1.711
2015/1/7,1.6928
2015/1/8,1.7122
2015/1/9,1.7239
2015/1/12,1.7597
2015/1/13,1.776
2015/1/14,1.7616
2015/1/15,1.7596
2015/1/16,1.8175
2015/1/19,1.8069
2015/1/20,1.8838
2015/1/21,1.9074
2015/1/22,1.9303
2015/1/23,1.8795
2015/1/26,1.9252
2015/1/27,1.9294
2015/1/28,1.9159
2015/1/29,1.8937
2015/1/30,1.8602
2015/2/2,1.878
2015/2/3,1.9342
2015/2/4,1.9399
2015/2/5,1.9571
2015/2/6,1.9102
2015/2/9,1.8862
2015/2/10,1.9281
2015/2/11,1.9553
2015/2/12,1.9726
2015/2/13,2.0122
2015/2/16,2.09
2015/2/17,2.0884
2015/2/25,2.07
2015/2/26,2.0744
2015/2/27,2.1261
2015/3/2,2.1898
2015/3/3,2.1622
2015/3/4,2.2147
2015/3/5,2.2199
2015/3/6,2.1511
2015/3/9,2.1975
2015/3/10,2.2531
2015/3/11,2.2425
2015/3/12,2.2234
2015/3/13,2.2787
2015/3/16,2.3588
2015/3/17,2.3527
2015/3/18,2.4014
2015/3/19,2.4026
2015/3/20,2.4351
2015/3/23,2.5218
2015/3/24,2.5917
2015/3/25,2.6206
2015/3/26,2.5172
2015/3/27,2.5518
2015/3/30,2.5139
2015/3/31,2.5621
2015/4/1,2.6368
2015/4/2,2.711
2015/4/3,2.7448
2015/4/7,2.7936
2015/4/8,2.7202
2015/4/9,2.732
2015/4/10,2.7924
2015/4/13,2.8195
2015/4/14,2.8
2015/4/15,2.6775
2015/4/16,2.7266
2015/4/17,2.7075
2015/4/20,2.6693
2015/4/21,2.8211
2015/4/22,2.8983
2015/4/23,2.9777
2015/4/24,3.0103
2015/4/27,3.0258
2015/4/28,2.966
2015/4/29,3.087
2015/4/30,3.1521
2015/5/4,3.1356
2015/5/5,3.0652
2015/5/6,3.131
2015/5/7,3.085
2015/5/8,3.2699
2015/5/11,3.4599
2015/5/12,3.5717
2015/5/13,3.508
2015/5/14,3.4521
2015/5/15,3.4564
2015/5/18,3.6009
2015/5/19,3.6493
2015/5/20,3.7394
2015/5/21,3.8721
2015/5/22,3.8555
2015/5/25,3.7993
2015/5/26,3.959
2015/5/27,3.9679
2015/5/28,3.7515
2015/5/29,3.8695
2015/6/1,4.0611
2015/6/2,4.2615
2015/6/3,4.3485
2015/6/4,4.3009
2015/6/5,4.2356
2015/6/8,4.0335
2015/6/9,4.0368
2015/6/10,4.1777
2015/6/11,4.2056
2015/6/12,4.2437
2015/6/15,4.0149
2015/6/16,3.8944
2015/6/17,4.0618
2015/6/18,3.8029
2015/6/19,3.5927
2015/6/23,3.6785
2015/6/24,3.6689
2015/6/25,3.4712
2015/6/26,3.1553
2015/6/29,2.9006
2015/6/30,3.0843
2015/7/1,2.9706
2015/7/2,2.846
2015/7/3,2.7955
2015/7/6,2.6701
2015/7/7,2.5055
2015/7/8,2.5198
2015/7/9,2.6061
2015/7/10,2.7259
2015/7/13,2.8995
2015/7/14,2.9473
2015/7/15,2.7956
2015/7/16,2.8436
2015/7/17,3.0235
2015/7/20,3.0978
2015/7/21,3.133
2015/7/22,3.1458
2015/7/23,3.226
2015/7/24,3.1433
2015/7/27,2.8962
2015/7/28,2.7806
2015/7/29,2.9127
2015/7/30,2.7638
2015/7/31,2.7445
2015/8/3,2.5858
2015/8/4,2.7573
2015/8/5,2.7077
2015/8/6,2.6865
2015/8/7,2.7997
2015/8/10,2.949
2015/8/11,2.9391
2015/8/12,2.8511
2015/8/13,2.925
2015/8/14,2.9106
2015/8/17,2.9014
2015/8/18,2.7145
2015/8/19,2.7905
2015/8/20,2.7201
2015/8/21,2.5293
2015/8/24,2.3131
2015/8/25,2.1291
2015/8/26,2.0139
2015/8/27,2.0917
2015/8/28,2.2292
2015/8/31,2.1339
2015/9/1,2.0135
2015/9/2,1.9749
2015/9/7,2.0182
2015/9/8,2.1389
2015/9/9,2.218
2015/9/10,2.1797
2015/9/11,2.2043
2015/9/14,2.0232
2015/9/15,1.8951
2015/9/16,2.0467
2015/9/17,2.0543
2015/9/18,2.1156
2015/9/21,2.2313
2015/9/22,2.2346
2015/9/23,2.2368
2015/9/24,2.2724
2015/9/25,2.174
2015/9/28,2.2917
2015/9/29,2.2644
2015/9/30,2.2436
2015/10/8,2.3656
2015/10/9,2.3953
2015/10/12,2.5088
2015/10/13,2.5374
2015/10/14,2.4947
2015/10/15,2.6082
2015/10/16,2.6589
2015/10/19,2.641
2015/10/20,2.7298
2015/10/21,2.539
2015/10/22,2.6684
2015/10/23,2.7553
2015/10/26,2.7444
2015/10/27,2.7878
2015/10/28,2.7007
2015/10/29,2.7026
2015/10/30,2.6953
2015/11/2,2.6431
2015/11/3,2.6407
2015/11/4,2.8136
2015/11/5,2.7916
2015/11/6,2.8987
2015/11/9,2.9662
2015/11/10,2.992
2015/11/11,3.0569
2015/11/12,3.0323
2015/11/13,2.9461
2015/11/16,3.0365
2015/11/17,2.9483
2015/11/18,2.8868
2015/11/19,3.0021
2015/11/20,3.0327
2015/11/23,3.0006
2015/11/24,3.0489
2015/11/25,3.1354
2015/11/26,3.0656
2015/11/27,2.8665
2015/11/30,2.8896
2015/12/1,2.8696
2015/12/2,2.8226
2015/12/3,2.9223
2015/12/4,2.9031
2015/12/7,2.9516
2015/12/8,2.9019
2015/12/9,2.8757
2015/12/10,2.9033
2015/12/11,2.8768
2015/12/14,2.9169
2015/12/15,2.9552
2015/12/16,2.9729
2015/12/17,3.0486
2015/12/18,3.0421
2015/12/21,3.041
2015/12/22,3.0498
2015/12/23,2.9903
2015/12/24,3.0028
2015/12/25,3.0004
2015/12/28,2.9363
2015/12/29,2.9511
2015/12/30,2.9825
2015/12/31,2.9152
2016/1/4,2.6863
2016/1/5,2.6103
2016/1/6,2.6635
2016/1/7,2.4457
2016/1/8,2.4384
2016/1/11,2.292
2016/1/12,2.3342
2016/1/13,2.2432
2016/1/14,2.366
2016/1/15,2.2998
2016/1/18,2.3669
2016/1/19,2.439
2016/1/20,2.3986
2016/1/21,2.2989
2016/1/22,2.3392
2016/1/25,2.3493
2016/1/26,2.1697
2016/1/27,2.1734
2016/1/28,2.074
2016/1/29,2.1699
2016/2/1,2.1683
2016/2/2,2.2605
2016/2/3,2.2764
2016/2/4,2.317
2016/2/5,2.2829
2016/2/15,2.3056
2016/2/16,2.4036
2016/2/17,2.4189
2016/2/18,2.3906
2016/2/19,2.4136
2016/2/22,2.4529
2016/2/23,2.4212
2016/2/24,2.4045
2016/2/25,2.2145
2016/2/26,2.1888
2016/2/29,2.0391
2016/3/1,2.1007
2016/3/2,2.1937
2016/3/3,2.1818
2016/3/4,2.0701
2016/3/7,2.1215
2016/3/8,2.1758
2016/3/9,2.141
2016/3/10,2.1035
2016/3/11,2.1023
2016/3/14,2.1996
2016/3/15,2.1699
2016/3/16,2.1472
2016/3/17,2.2693
2016/3/18,2.3703
2016/3/21,2.425
2016/3/22,2.4189
2016/3/23,2.4606
2016/3/24,2.4158
2016/3/25,2.4119
2016/3/28,2.3934
2016/3/29,2.341
2016/3/30,2.449
2016/3/31,2.4399
2016/4/1,2.4061
2016/4/5,2.4887
2016/4/6,2.5078
2016/4/7,2.4548
2016/4/8,2.4347
2016/4/11,2.4929
2016/4/12,2.4719
2016/4/13,2.5049
2016/4/14,2.5383
2016/4/15,2.5221
2016/4/18,2.4742
2016/4/19,2.4818
2016/4/20,2.3419
2016/4/21,2.3037
2016/4/22,2.3331
2016/4/25,2.3222
2016/4/26,2.3538
2016/4/27,2.3439
2016/4/28,2.3534
2016/4/29,2.3354
2016/5/3,2.4215
2016/5/4,2.4147
2016/5/5,2.429
2016/5/6,2.3254
2016/5/9,2.2425
2016/5/10,2.2431
2016/5/11,2.222
2016/5/12,2.2213
2016/5/13,2.211
2016/5/16,2.2471
2016/5/17,2.2731
2016/5/18,2.2064
2016/5/19,2.2251
2016/5/20,2.2562
2016/5/23,2.2928
2016/5/24,2.2681
2016/5/25,2.259
2016/5/26,2.2798
2016/5/27,2.2623
2016/5/30,2.2499
2016/5/31,2.3615
2016/6/1,2.3723
2016/6/2,2.3942
2016/6/3,2.4147
2016/6/6,2.4107
2016/6/7,2.4083
2016/6/8,2.3974
2016/6/13,2.2572
2016/6/14,2.2632
2016/6/15,2.3389
2016/6/16,2.3097
2016/6/17,2.3326
2016/6/20,2.329
2016/6/21,2.301
2016/6/22,2.3588
2016/6/23,2.3511
2016/6/24,2.3403
2016/6/27,2.4104
2016/6/28,2.437
2016/6/29,2.4296
2016/6/30,2.4457
2016/7/1,2.4278
2016/7/4,2.4681
2016/7/5,2.4651
2016/7/6,2.4605
2016/7/7,2.4522
2016/7/8,2.4579
2016/7/11,2.4361
2016/7/12,2.4668
2016/7/13,2.5073
2016/7/14,2.5158
2016/7/15,2.4844
2016/7/18,2.4699
2016/7/19,2.4952
2016/7/20,2.4895
2016/7/21,2.4859
2016/7/22,2.4697
2016/7/25,2.4652
2016/7/26,2.5012
2016/7/27,2.3685
2016/7/28,2.3517
2016/7/29,2.3331
2016/8/1,2.308
2016/8/2,2.3233
2016/8/3,2.3179
2016/8/4,2.341
2016/8/5,2.3187
2016/8/8,2.3418
2016/8/9,2.3677
2016/8/10,2.3487
2016/8/11,2.3124
2016/8/12,2.3345
2016/8/15,2.4093
2016/8/16,2.4179
2016/8/17,2.4254
2016/8/18,2.4183
2016/8/19,2.4215
2016/8/22,2.3812
2016/8/23,2.3886
2016/8/24,2.408
2016/8/25,2.3955
2016/8/26,2.4053
2016/8/29,2.4089
2016/8/30,2.4115
2016/8/31,2.4073
2016/9/1,2.396
2016/9/2,2.3848
2016/9/5,2.3974
2016/9/6,2.4407
2016/9/7,2.429
2016/9/8,2.4412
2016/9/9,2.4193
2016/9/12,2.3569
2016/9/13,2.3572
2016/9/14,2.3558
2016/9/19,2.378
2016/9/20,2.3705
2016/9/21,2.3745
2016/9/22,2.3812
2016/9/23,2.3683
2016/9/26,2.3318
2016/9/27,2.3512
2016/9/28,2.3498
2016/9/29,2.3569
2016/9/30,2.3613
2016/10/10,2.4243
2016/10/11,2.4268
2016/10/12,2.4253
2016/10/13,2.4243
2016/10/14,2.4092
2016/10/17,2.3805
2016/10/18,2.4131
2016/10/19,2.3987
2016/10/20,2.4079
2016/10/21,2.3947
2016/10/24,2.4159
2016/10/25,2.4151
2016/10/26,2.3982
2016/10/27,2.396
2016/10/28,2.3776
2016/10/31,2.3713
2016/11/1,2.3892
2016/11/2,2.3566
2016/11/3,2.3639
2016/11/4,2.3553
2016/11/7,2.3394
2016/11/8,2.3612
2016/11/9,2.3325
2016/11/10,2.354
2016/11/11,2.358
2016/11/14,2.3738
2016/11/15,2.3929
2016/11/16,2.3963
2016/11/17,2.3751
2016/11/18,2.369
2016/11/21,2.363
2016/11/22,2.3903
2016/11/23,2.3772
2016/11/24,2.3564
2016/11/25,2.3792
2016/11/28,2.3777
2016/11/29,2.3714
2016/11/30,2.3962
2016/12/1,2.395
2016/12/2,2.3529
2016/12/5,2.3533
2016/12/6,2.3297
2016/12/7,2.3433
2016/12/8,2.3215
2016/12/9,2.3054
2016/12/12,2.1794
2016/12/13,2.1801
2016/12/14,2.156
2016/12/15,2.17
2016/12/16,2.194
2016/12/19,2.1747
2016/12/20,2.1766
2016/12/21,2.1869
2016/12/22,2.181
2016/12/23,2.1571
2016/12/26,2.1675
2016/12/27,2.1617
2016/12/28,2.1492
2016/12/29,2.1516
2016/12/30,2.1551
2016/12/31,2.1551
2017/1/3,2.1559
2017/1/4,2.1865
2017/1/5,2.1781
2017/1/6,2.1579
2017/1/9,2.1543
2017/1/10,2.1435
2017/1/11,2.128
2017/1/12,2.1198
2017/1/13,2.0869
2017/1/16,2.0111
2017/1/17,2.0513
2017/1/18,2.0272
2017/1/19,2.0254
2017/1/20,2.0653
2017/1/23,2.0726
2017/1/24,2.0443
2017/1/25,2.0546
2017/1/26,2.0716
2017/2/3,2.061
2017/2/6,2.0868
2017/2/7,2.0744
2017/2/8,2.0904
2017/2/9,2.1017
2017/2/10,2.0914
2017/2/13,2.1011
2017/2/14,2.0964
2017/2/15,2.0779
2017/2/16,2.0836
2017/2/17,2.0674
2017/2/20,2.0806
2017/2/21,2.1091
2017/2/22,2.1079
2017/2/23,2.1144
2017/2/24,2.128
2017/2/27,2.1152
2017/2/28,2.1156
2017/3/1,2.1208
2017/3/2,2.1081
2017/3/3,2.1168
2017/3/6,2.1544
2017/3/7,2.1709
2017/3/8,2.1563
2017/3/9,2.1447
2017/3/10,2.1404
2017/3/13,2.1631
2017/3/14,2.149
2017/3/15,2.1491
2017/3/16,2.1589
2017/3/17,2.1402
2017/3/20,2.1447
2017/3/21,2.1526
2017/3/22,2.1389
2017/3/23,2.1387
2017/3/24,2.1569
2017/3/27,2.1376
2017/3/28,2.1341
2017/3/29,2.1175
2017/3/30,2.0788
2017/3/31,2.0942
2017/4/5,2.1331
2017/4/6,2.1342
2017/4/7,2.1366
2017/4/10,2.1001
2017/4/11,2.1057
2017/4/12,2.0838
2017/4/13,2.0977
2017/4/14,2.0726
2017/4/17,2.0516
2017/4/18,2.03
2017/4/19,2.0271
2017/4/20,2.0325
2017/4/21,2.0201
2017/4/24,1.9884
2017/4/25,1.9984
2017/4/26,2.0001
2017/4/27,2.0246
2017/4/28,2.0331
2017/5/2,2.0331
2017/5/3,2.0217
2017/5/4,2.0191
2017/5/5,1.9973
2017/5/8,1.9651
2017/5/9,1.9801
2017/5/10,1.946
2017/5/11,1.9473
2017/5/12,1.9498
2017/5/15,1.9543
2017/5/16,1.994
2017/5/17,2.0025
2017/5/18,1.9927
2017/5/19,1.9791
2017/5/22,1.9648
2017/5/23,1.932
2017/5/24,1.9525
2017/5/25,1.9541
2017/5/26,1.9409
2017/5/31,1.9454
2017/6/1,1.9065
2017/6/2,1.9258
2017/6/5,1.9428
2017/6/6,1.9484
2017/6/7,1.9853
2017/6/8,1.9797
2017/6/9,1.9812
2017/6/12,1.9585
2017/6/13,1.9807
2017/6/14,1.9753
2017/6/15,2.0036
2017/6/16,1.997
2017/6/19,2.004
2017/6/20,2.009
2017/6/21,2.0128
2017/6/22,1.9839
2017/6/23,1.994
2017/6/26,2.0092
2017/6/27,2.0079
2017/6/28,1.9949
2017/6/29,2.0012
2017/6/30,2.0064
2017/7/3,2.0262
2017/7/4,2.0191
2017/7/5,2.0268
2017/7/6,2.0294
2017/7/7,2.0256
2017/7/10,1.9901
2017/7/11,1.9688
2017/7/12,1.972
2017/7/13,1.9635
2017/7/14,1.9269
2017/7/17,1.8286
2017/7/18,1.8408
2017/7/19,1.8599
2017/7/20,1.8642
2017/7/21,1.8658
2017/7/24,1.8617
2017/7/25,1.8635
2017/7/26,1.856
2017/7/27,1.9231
2017/7/28,1.914
2017/7/31,1.9165
2017/8/1,1.9217
2017/8/2,1.9039
2017/8/3,1.9129
2017/8/4,1.898
2017/8/7,1.9121
2017/8/8,1.9451
2017/8/9,1.9459
2017/8/10,1.9356
2017/8/11,1.9228
2017/8/14,1.9792
2017/8/15,1.9848
2017/8/16,2.0141
2017/8/17,2.0231
2017/8/18,2.0103
2017/8/21,2.0184
2017/8/22,2.0025
2017/8/23,1.9941
2017/8/24,1.9813
2017/8/25,2.0002
2017/8/28,2.0332
2017/8/29,2.0207
2017/8/30,2.0285
2017/8/31,2.0403
2017/9/1,2.058
2017/9/4,2.0784
2017/9/5,2.0804
2017/9/6,2.0997
2017/9/7,2.0858
2017/9/8,2.0802
2017/9/11,2.0923
2017/9/12,2.0791
2017/9/13,2.0833
2017/9/14,2.0733
2017/9/15,2.0689
2017/9/18,2.09
2017/9/19,2.074
2017/9/20,2.0877
2017/9/21,2.0657
2017/9/22,2.0587
2017/9/25,2.0335
2017/9/26,2.0288
2017/9/27,2.0459
2017/9/28,2.0457
2017/9/29,2.0592
2017/10/9,2.0837
2017/10/10,2.114
2017/10/11,2.0965
2017/10/12,2.0947
2017/10/13,2.1232
2017/10/16,2.0757
2017/10/17,2.0695
2017/10/18,2.0598
2017/10/19,2.0537
2017/10/20,2.0729
2017/10/23,2.0931
2017/10/24,2.0962
2017/10/25,2.1088
2017/10/26,2.1059
2017/10/27,2.0901
2017/10/30,2.046
2017/10/31,2.0608
2017/11/1,2.064
2017/11/2,2.0364
2017/11/3,2.0205
2017/11/6,2.0393
2017/11/7,2.0489
2017/11/8,2.0566
2017/11/9,2.0763
2017/11/10,2.0942
2017/11/13,2.1005
2017/11/14,2.0899
2017/11/15,2.0585
2017/11/16,2.0696
2017/11/17,2.0209
2017/11/20,2.0491
2017/11/21,2.046
2017/11/22,2.0421
2017/11/23,1.9766
2017/11/24,1.9622
2017/11/27,1.9373
2017/11/28,1.9725
2017/11/29,1.9654
2017/11/30,1.9466
2017/12/1,1.9843
2017/12/4,1.9766
2017/12/5,1.9334
2017/12/6,1.9617
2017/12/7,1.9536
2017/12/8,1.9702
2017/12/11,1.9974
2017/12/12,1.9772
2017/12/13,1.9853
2017/12/14,1.9724
2017/12/15,1.9609
2017/12/18,1.9571
2017/12/19,1.9767
2017/12/20,1.9591
2017/12/21,1.9671
2017/12/22,1.9556
2017/12/25,1.9296
2017/12/26,1.933
2017/12/27,1.9181
2017/12/28,1.9177
2017/12/29,1.9255
2017/12/31,1.9255
2018/1/2,1.9129
2018/1/3,1.9407
2018/1/4,1.9398
2018/1/5,1.947
2018/1/8,1.9521
2018/1/9,1.9493
2018/1/10,1.9357
2018/1/11,1.9499
2018/1/12,1.9299
2018/1/15,1.8723
2018/1/16,1.869
2018/1/17,1.8827
2018/1/18,1.8783
2018/1/19,1.8679
2018/1/22,1.9113
2018/1/23,1.9108
2018/1/24,1.9601
2018/1/25,1.9574
2018/1/26,1.9639
2018/1/29,1.9453
2018/1/30,1.9264
2018/1/31,1.875
2018/2/1,1.8341
2018/2/2,1.8396
2018/2/5,1.8241
2018/2/6,1.7263
2018/2/7,1.7462
2018/2/8,1.7741
2018/2/9,1.7208
2018/2/12,1.7812
2018/2/13,1.7816
2018/2/14,1.7794
2018/2/22,1.8136
2018/2/23,1.8041
2018/2/26,1.8696
2018/2/27,1.8853
2018/2/28,1.8962
2018/3/1,1.9355
2018/3/2,1.916
2018/3/5,1.9418
2018/3/6,1.9437
2018/3/7,1.9303
2018/3/8,1.9389
2018/3/9,2.0076
2018/3/12,2.0357
2018/3/13,2.0252
2018/3/14,1.991
2018/3/15,1.9991
2018/3/16,1.9693
2018/3/19,1.9919
2018/3/20,2.0141
2018/3/21,1.975
2018/3/22,1.962
2018/3/23,1.8632
2018/3/26,1.9223
2018/3/27,1.9915
2018/3/28,1.9812
2018/3/29,1.9887
2018/3/30,2.0524
2018/4/2,2.0531
2018/4/3,2.0238
2018/4/4,1.9863
2018/4/9,1.9914
2018/4/10,1.9847
2018/4/11,1.9837
2018/4/12,1.9753
2018/4/13,1.9728
2018/4/16,1.9879
2018/4/17,1.9284
2018/4/18,1.9701
2018/4/19,1.968
2018/4/20,1.9275
2018/4/23,1.895
2018/4/24,1.9535
2018/4/25,1.967
2018/4/26,1.9256
2018/4/27,1.9521
2018/5/2,1.9476
2018/5/3,1.975
2018/5/4,1.962
2018/5/7,2.0026
2018/5/8,2.0075
2018/5/9,2.0065
2018/5/10,2.0167
2018/5/11,1.9836
2018/5/14,1.9806
2018/5/15,2.0104
2018/5/16,1.998
2018/5/17,1.9812
2018/5/18,1.9875
2018/5/21,2.0153
2018/5/22,2.03
2018/5/23,1.9976
2018/5/24,1.9898
2018/5/25,1.9535
2018/5/28,1.9452
2018/5/29,1.9201
2018/5/30,1.8688
2018/5/31,1.8902
2018/6/1,1.8546
2018/6/4,1.8473
2018/6/5,1.8942
2018/6/6,1.8911
2018/6/7,1.8774
2018/6/8,1.857
2018/6/11,1.8321
2018/6/12,1.8584
2018/6/13,1.8296
2018/6/14,1.816
2018/6/15,1.7821
2018/6/19,1.6793
2018/6/20,1.6975
2018/6/21,1.6518
2018/6/22,1.6825
2018/6/25,1.6704
2018/6/26,1.699
2018/6/27,1.6786
2018/6/28,1.6759
2018/6/29,1.7459
2018/6/30,1.7458
2018/7/2,1.727
2018/7/3,1.7491
2018/7/4,1.7056
2018/7/5,1.6713
2018/7/6,1.6821
2018/7/9,1.7278
2018/7/10,1.7409
2018/7/11,1.7093
2018/7/12,1.7662
2018/7/13,1.7705
2018/7/16,1.7687
2018/7/17,1.7738
2018/7/18,1.7589
2018/7/19,1.7393
2018/7/20,1.7608
2018/7/23,1.7731
2018/7/24,1.7825
2018/7/25,1.7855
2018/7/26,1.7568
2018/7/27,1.7442
2018/7/30,1.7059
2018/7/31,1.7066
2018/8/1,1.6844
2018/8/2,1.6494
2018/8/3,1.6184
2018/8/6,1.5739
2018/8/7,1.6154
2018/8/8,1.5803
2018/8/9,1.6341
2018/8/10,1.6494
2018/8/13,1.6708
2018/8/14,1.657
2018/8/15,1.614
2018/8/16,1.5991
2018/8/17,1.5667
2018/8/20,1.5696
2018/8/21,1.5929
2018/8/22,1.574
2018/8/23,1.5915
2018/8/24,1.5855
2018/8/27,1.6328
2018/8/28,1.6321
2018/8/29,1.6191
2018/8/30,1.5935
2018/8/31,1.5687
2018/9/3,1.5779
2018/9/4,1.5909
2018/9/5,1.5633
2018/9/6,1.5555
2018/9/7,1.558
2018/9/10,1.5205
2018/9/11,1.5251
2018/9/12,1.5148
2018/9/13,1.5209
2018/9/14,1.493
2018/9/17,1.4747
2018/9/18,1.5046
2018/9/19,1.5208
2018/9/20,1.5155
2018/9/21,1.5413
2018/9/25,1.5355
2018/9/26,1.5515
2018/9/27,1.5294
2018/9/28,1.5409
2018/10/8,1.4788
2018/10/9,1.47
2018/10/10,1.4706
2018/10/11,1.3786
2018/10/12,1.3856
2018/10/15,1.367
2018/10/16,1.3314
2018/10/17,1.3487
2018/10/18,1.319
2018/10/19,1.3679
2018/10/22,1.4383
2018/10/23,1.413
2018/10/24,1.4045
2018/10/25,1.3934
2018/10/26,1.3819
2018/10/29,1.3682
2018/10/30,1.3785
2018/10/31,1.3954
2018/11/1,1.4071
2018/11/2,1.4743
2018/11/5,1.4746
2018/11/6,1.4751
2018/11/7,1.4715
2018/11/8,1.4539
2018/11/9,1.4465
2018/11/12,1.4964
2018/11/13,1.5217
2018/11/14,1.5148
2018/11/15,1.5361
2018/11/16,1.5338
2018/11/19,1.5242
2018/11/20,1.4819
2018/11/21,1.4906
2018/11/22,1.4808
2018/11/23,1.4321
2018/11/26,1.4276
2018/11/27,1.4395
2018/11/28,1.4666
2018/11/29,1.4367
2018/11/30,1.4556
2018/12/3,1.5034
2018/12/4,1.5099
2018/12/5,1.5132
2018/12/6,1.474
2018/12/7,1.4686
2018/12/10,1.4533
2018/12/11,1.4652
2018/12/12,1.4658
2018/12/13,1.4763
2018/12/14,1.4352
2018/12/17,1.4227
2018/12/18,1.4163
2018/12/19,1.3896
2018/12/20,1.3997
2018/12/21,1.3918
2018/12/24,1.4077
2018/12/25,1.3968
2018/12/26,1.3868
2018/12/27,1.37
2018/12/28,1.3739
2018/12/31,1.3738
2019/1/2,1.35
2019/1/3,1.3345
2019/1/4,1.3682
2019/1/7,1.3931
2019/1/8,1.3882
2019/1/9,1.3871
2019/1/10,1.3832
2019/1/11,1.386
2019/1/14,1.369
2019/1/15,1.3913
2019/1/16,1.3925
2019/1/17,1.3752
2019/1/18,1.395
2019/1/21,1.4006
2019/1/22,1.376
2019/1/23,1.3749
2019/1/24,1.3902
2019/1/25,1.3903
2019/1/28,1.3842
2019/1/29,1.3668
2019/1/30,1.3528
2019/1/31,1.3501
2019/2/1,1.3972
2019/2/11,1.446
2019/2/12,1.4635
2019/2/13,1.4911
2019/2/14,1.4958
2019/2/15,1.491
2019/2/18,1.5518
2019/2/19,1.5432
2019/2/20,1.546
2019/2/21,1.5507
2019/2/22,1.5984
2019/2/25,1.6856
2019/2/26,1.6972
2019/2/27,1.6681
2019/2/28,1.6848
2019/3/1,1.7199
2019/3/4,1.7759
2019/3/5,1.8375
2019/3/6,1.8636
2019/3/7,1.8547
2019/3/8,1.8134
2019/3/11,1.8935
2019/3/12,1.9436
2019/3/13,1.8565
2019/3/14,1.8089
2019/3/15,1.8224
2019/3/18,1.8709
2019/3/19,1.8728
2019/3/20,1.8496
2019/3/21,1.8671
2019/3/22,1.8562
2019/3/25,1.8292
2019/3/26,1.787
2019/3/27,1.7953
2019/3/28,1.7835
2019/3/29,1.8564
2019/4/1,1.93
2019/4/2,1.9226
2019/4/3,1.9386
2019/4/4,1.9485
2019/4/8,1.9072
2019/4/9,1.9088
2019/4/10,1.8932
2019/4/11,1.8544
2019/4/12,1.8594
2019/4/15,1.8277
2019/4/16,1.8612
2019/4/17,1.883
2019/4/18,1.8685
2019/4/19,1.8809
2019/4/22,1.8608
2019/4/23,1.8459
2019/4/24,1.8844
2019/4/25,1.8311
2019/4/26,1.8178
2019/4/29,1.7719
2019/4/30,1.7807
2019/5/6,1.6397
2019/5/7,1.6498
2019/5/8,1.6254
2019/5/9,1.612
2019/5/10,1.6824
2019/5/13,1.6487
2019/5/14,1.6395
2019/5/15,1.6768
2019/5/16,1.6825
2019/5/17,1.6225
2019/5/20,1.6121
2019/5/21,1.6388
2019/5/22,1.6334
2019/5/23,1.5925
2019/5/24,1.5842
2019/5/27,1.6374
2019/5/28,1.6519
2019/5/29,1.6443
2019/5/30,1.6305
2019/5/31,1.6315
2019/6/3,1.6155
2019/6/4,1.6018
2019/6/5,1.5965
2019/6/6,1.5582
2019/6/10,1.575
2019/6/11,1.6361
2019/6/12,1.6217
2019/6/13,1.6286
2019/6/14,1.6038
2019/6/17,1.5906
2019/6/18,1.6054
2019/6/19,1.621
2019/6/20,1.6518
2019/6/21,1.6806
2019/6/24,1.6704
2019/6/25,1.6529
2019/6/26,1.6596
2019/6/27,1.6824
2019/6/28,1.6674
2019/6/30,1.6673
2019/7/1,1.7302
2019/7/2,1.7328
2019/7/3,1.7039
2019/7/4,1.6911
2019/7/5,1.7082
2019/7/8,1.6629
2019/7/9,1.6753
2019/7/10,1.6673
2019/7/11,1.6715
2019/7/12,1.6758
2019/7/15,1.7081
2019/7/16,1.7057
2019/7/17,1.711
2019/7/18,1.6829
2019/7/19,1.7021
2019/7/22,1.6735
2019/7/23,1.6944
2019/7/24,1.7151
2019/7/25,1.7287
2019/7/26,1.724
2019/7/29,1.729
2019/7/30,1.7439
2019/7/31,1.7333
2019/8/1,1.7371
2019/8/2,1.7182
2019/8/5,1.6902
2019/8/6,1.6643
2019/8/7,1.6558
2019/8/8,1.6808
2019/8/9,1.664
2019/8/12,1.6994
2019/8/13,1.6822
2019/8/14,1.6957
2019/8/15,1.7168
2019/8/16,1.7303
2019/8/19,1.7906
2019/8/20,1.7782
2019/8/21,1.7762
2019/8/22,1.7801
2019/8/23,1.7825
2019/8/26,1.7662
2019/8/27,1.7963
2019/8/28,1.7931
2019/8/29,1.7883
2019/8/30,1.7773
2019/9/2,1.8227
2019/9/3,1.8318
2019/9/4,1.8416
2019/9/5,1.8632
2019/9/6,1.8667
2019/9/9,1.9118
2019/9/10,1.9029
2019/9/11,1.879
2019/9/12,1.8867
2019/9/16,1.8907
2019/9/17,1.8506
2019/9/18,1.8521
2019/9/19,1.8809
2019/9/20,1.8804
2019/9/23,1.8573
2019/9/24,1.8687
2019/9/25,1.8445
2019/9/26,1.7909
2019/9/27,1.8171
2019/9/30,1.795
2019/10/8,1.7828
2019/10/9,1.7892
2019/10/10,1.8382
2019/10/11,1.8396
2019/10/14,1.8532
2019/10/15,1.8328
2019/10/16,1.8279
2019/10/17,1.8298
2019/10/18,1.8192
2019/10/21,1.8146
2019/10/22,1.8392
2019/10/23,1.8209
2019/10/24,1.8249
2019/10/25,1.8485
2019/10/28,1.8805
2019/10/29,1.8608
2019/10/30,1.858
2019/10/31,1.8441
2019/11/1,1.8614
2019/11/4,1.8756
2019/11/5,1.8902
2019/11/6,1.8789
2019/11/7,1.8927
2019/11/8,1.8878
2019/11/11,1.8458
2019/11/12,1.8439
2019/11/13,1.8553
2019/11/14,1.8671
2019/11/15,1.8475
2019/11/18,1.8559
2019/11/19,1.9071
2019/11/20,1.8966
2019/11/21,1.8895
2019/11/22,1.8528
2019/11/25,1.8329
2019/11/26,1.852
2019/11/27,1.8468
2019/11/28,1.8461
2019/11/29,1.8363
2019/12/2,1.8413
2019/12/3,1.8477
2019/12/4,1.8461
2019/12/5,1.8858
2019/12/6,1.9044
2019/12/9,1.8981
2019/12/10,1.9122
2019/12/11,1.8948
2019/12/12,1.898
2019/12/13,1.9364
2019/12/16,1.9638
2019/12/17,1.9873
2019/12/18,1.9771
2019/12/19,1.9749
2019/12/20,1.9543
2019/12/23,1.9154
2019/12/24,1.9514
2019/12/25,1.9674
2019/12/26,1.9775
2019/12/27,1.9488
2019/12/30,1.9736
2019/12/31,1.9823
2020/1/2,2.0202
2020/1/3,2.0239
2020/1/6,2.0498
2020/1/7,2.0863
2020/1/8,2.0528
2020/1/9,2.1082
2020/1/10,2.0986
2020/1/13,2.1323
2020/1/14,2.1185
2020/1/15,2.1204
2020/1/16,2.1267
2020/1/17,2.1294
2020/1/20,2.1838
2020/1/21,2.1671
2020/1/22,2.1965
2020/1/23,2.124
2020/2/3,1.9788
2020/2/4,2.0739
2020/2/5,2.1362
2020/2/6,2.2158
2020/2/7,2.2196
2020/2/10,2.2484
2020/2/11,2.2334
2020/2/12,2.2956
2020/2/13,2.273
2020/2/14,2.2803
2020/2/17,2.3646
2020/2/18,2.3916
2020/2/19,2.3572
2020/2/20,2.4092
2020/2/21,2.4528
2020/2/24,2.4938
2020/2/25,2.5195
2020/2/26,2.4022
2020/2/27,2.4197
2020/2/28,2.2821
2020/3/2,2.3522
2020/3/3,2.3937
2020/3/4,2.3892
2020/3/5,2.4333
2020/3/6,2.415
2020/3/9,2.3049
2020/3/10,2.367
2020/3/11,2.3149
2020/3/12,2.2543
2020/3/13,2.2373
2020/3/16,2.1056
2020/3/17,2.1132
2020/3/18,2.0795
2020/3/19,2.0881
2020/3/20,2.1102
2020/3/23,2.0134
2020/3/24,2.0681
2020/3/25,2.135
2020/3/26,2.1233
2020/3/27,2.0976
2020/3/30,2.0498
2020/3/31,2.0623
2020/4/1,2.0545
2020/4/2,2.112
2020/4/3,2.1008
2020/4/7,2.1701
2020/4/8,2.1646
2020/4/9,2.2002
2020/4/10,2.1483
2020/4/13,2.1189
2020/4/14,2.1877
2020/4/15,2.179
2020/4/16,2.2129
2020/4/17,2.2266
2020/4/20,2.2514
2020/4/21,2.2299
2020/4/22,2.2511
2020/4/23,2.2362
2020/4/24,2.2079
2020/4/27,2.2243
2020/4/28,2.2377
2020/4/29,2.2377
2020/4/30,2.2805
2020/5/6,2.3254
2020/5/7,2.3216
2020/5/8,2.3419
2020/5/11,2.3173
2020/5/12,2.3408
2020/5/13,2.359
2020/5/14,2.3338
2020/5/15,2.342
2020/5/18,2.3316
2020/5/19,2.3639
2020/5/20,2.3355
2020/5/21,2.315
2020/5/22,2.2572
2020/5/25,2.2636
2020/5/26,2.3304
2020/5/27,2.285
2020/5/28,2.2671
2020/5/29,2.3026
2020/6/1,2.3818
2020/6/2,2.3675
2020/6/3,2.3652
2020/6/4,2.3747
2020/6/5,2.3912
2020/6/8,2.3771
2020/6/9,2.408
2020/6/10,2.4311
2020/6/11,2.4293
2020/6/12,2.4435
2020/6/15,2.4577
2020/6/16,2.5033
2020/6/17,2.5073
2020/6/18,2.5095
2020/6/19,2.5686
2020/6/22,2.5945
2020/6/23,2.6378
2020/6/24,2.6384
2020/6/29,2.6272
2020/6/30,2.6998
2020/7/1,2.6796
2020/7/2,2.6849
2020/7/3,2.7271
2020/7/6,2.801
2020/7/7,2.8692
2020/7/8,2.9363
2020/7/9,3.0533
2020/7/10,3.0764
2020/7/13,3.1991
2020/7/14,3.165
2020/7/15,3.1146
2020/7/16,2.9303
2020/7/17,2.9481
2020/7/20,2.9865
2020/7/21,3.0299
2020/7/22,3.0656
2020/7/23,3.0994
2020/7/24,2.9094
2020/7/27,2.9137
2020/7/28,2.9521
2020/7/29,3.0634
2020/7/30,3.0371
2020/7/31,3.0942
2020/8/3,3.1753
2020/8/4,3.1355
2020/8/5,3.1657
2020/8/6,3.115
2020/8/7,3.0442
2020/8/10,3.0278
2020/8/11,2.9764
2020/8/12,2.9178
2020/8/13,2.9036
2020/8/14,2.9545
2020/8/17,2.9851
2020/8/18,2.9902
2020/8/19,2.8926
2020/8/20,2.865
2020/8/21,2.9143
2020/8/24,2.9723
2020/8/25,2.9912
2020/8/26,2.9275
2020/8/27,2.9772
2020/8/28,3.053
2020/8/31,3.0202
2020/9/1,3.0447
2020/9/2,3.0685
2020/9/3,3.0408
2020/9/4,3.0245
2020/9/7,2.9239
2020/9/8,2.934
2020/9/9,2.7933
2020/9/10,2.7487
2020/9/11,2.8078
2020/9/14,2.8475
2020/9/15,2.8723
2020/9/16,2.8278
2020/9/17,2.8306
2020/9/18,2.8734
2020/9/21,2.8436
2020/9/22,2.8285
2020/9/23,2.8774
2020/9/24,2.8067
2020/9/25,2.8117
2020/9/28,2.7905
2020/9/29,2.837
2020/9/30,2.8495
2020/10/9,2.9576
2020/10/12,3.0727
2020/10/13,3.0807
2020/10/14,3.058
2020/10/15,3.0293
2020/10/16,3.0144
2020/10/19,2.9758
2020/10/20,3.032
2020/10/21,2.9877
2020/10/22,2.9579
2020/10/23,2.8776
2020/10/26,2.896
2020/10/27,2.9325
2020/10/28,2.9542
2020/10/29,2.9868
2020/10/30,2.9381
2020/11/2,2.9959
2020/11/3,3.0356
2020/11/4,3.0423
2020/11/5,3.0852
2020/11/6,3.0247
2020/11/9,3.1138
2020/11/10,3.0687
2020/11/11,2.9674
2020/11/12,2.9884
2020/11/13,2.9953
2020/11/16,3.0013
2020/11/17,2.9413
2020/11/18,2.8999
2020/11/19,2.9269
2020/11/20,2.951
2020/11/23,2.9721
2020/11/24,2.9593
2020/11/25,2.8938
2020/11/26,2.8869
2020/11/27,2.8975
2020/11/30,2.9116
2020/12/1,2.9851
2020/12/2,2.9678
2020/12/3,3.0004
2020/12/4,3.0205
2020/12/7,3.0155
2020/12/8,3.0373
2020/12/9,2.9838
2020/12/10,3.0067
2020/12/11,2.9773
2020/12/14,3.0199
2020/12/15,3.0555
2020/12/16,3.0573
2020/12/17,3.085
2020/12/18,3.0795
2020/12/21,3.1917
2020/12/22,3.1136
2020/12/23,3.1481
2020/12/24,3.1236
2020/12/25,3.1453
2020/12/28,3.1473
2020/12/29,3.1143
2020/12/30,3.211
2020/12/31,3.2835
2021/1/4,3.407
2021/1/5,3.4287
2021/1/6,3.4476
2021/1/7,3.4999
2021/1/8,3.4869
2021/1/11,3.4228
2021/1/12,3.5195
2021/1/13,3.464
2021/1/14,3.4185
2021/1/15,3.4195
2021/1/18,3.4846
2021/1/19,3.4132
2021/1/20,3.5462
2021/1/21,3.633
2021/1/22,3.7153
2021/1/25,3.7118
2021/1/26,3.6047
2021/1/27,3.6297
2021/1/28,3.4981
2021/1/29,3.4615
2021/2/1,3.4958
2021/2/2,3.5716
2021/2/3,3.5661
2021/2/4,3.5404
2021/2/5,3.5328
2021/2/8,3.6257
2021/2/9,3.6878
2021/2/10,3.7755
2021/2/18,3.6716
2021/2/19,3.6333
2021/2/22,3.471
2021/2/23,3.442
2021/2/24,3.3261
2021/2/25,3.2928
2021/2/26,3.2232
2021/3/1,3.312
2021/3/2,3.2812
2021/3/3,3.3152
2021/3/4,3.1541
2021/3/5,3.1764
2021/3/8,3.0183
2021/3/9,2.9128
2021/3/10,2.9605
2021/3/11,3.0376
2021/3/12,3.049
2021/3/15,2.9242
2021/3/16,2.9553
2021/3/17,2.9906
2021/3/18,3.0398
2021/3/19,2.9546
2021/3/22,2.984
2021/3/23,2.9507
2021/3/24,2.9137
2021/3/25,2.9374
2021/3/26,3.036
2021/3/29,3.0234
2021/3/30,3.0646
2021/3/31,3.0509
2021/4/1,3.1136
2021/4/2,3.1541
2021/4/6,3.1312
2021/4/7,3.1044
2021/4/8,3.1267
2021/4/9,3.0787
2021/4/12,3.009
2021/4/13,3.0342
2021/4/14,3.1018
2021/4/15,3.0867
2021/4/16,3.0788
2021/4/19,3.2056
2021/4/20,3.2034
2021/4/21,3.2265
2021/4/22,3.2512
2021/4/23,3.3161
2021/4/26,3.2889
2021/4/27,3.3071
2021/4/28,3.3783
2021/4/29,3.3793
2021/4/30,3.4236
2021/5/6,3.3389
2021/5/7,3.2236
2021/5/10,3.2361
2021/5/11,3.2356
2021/5/12,3.279
2021/5/13,3.2605
2021/5/14,3.3605
2021/5/17,3.4481
2021/5/18,3.4232
2021/5/19,3.4505
2021/5/20,3.4825
2021/5/21,3.449
2021/5/24,3.4782
2021/5/25,3.5753
2021/5/26,3.5417
2021/5/27,3.5746
2021/5/28,3.5828
2021/5/31,3.6677
2021/6/1,3.6583
2021/6/2,3.5955
2021/6/3,3.5501
2021/6/4,3.5959
2021/6/7,3.5798
2021/6/8,3.5583
2021/6/9,3.5574
2021/6/10,3.6438
2021/6/11,3.6605
2021/6/15,3.6202
2021/6/16,3.469
2021/6/17,3.5392
2021/6/18,3.5954
2021/6/21,3.6301
2021/6/22,3.6427
2021/6/23,3.6836
2021/6/24,3.6399
2021/6/25,3.7161
2021/6/28,3.7882
2021/6/29,3.7808
2021/6/30,3.8595
2021/7/1,3.8353
2021/7/2,3.7007
2021/7/5,3.7211
2021/7/6,3.6545
2021/7/7,3.7849
2021/7/8,3.8117
2021/7/9,3.7857
2021/7/12,3.9248
2021/7/13,3.9028
2021/7/14,3.8736
2021/7/15,3.9276
2021/7/16,3.8121
2021/7/19,3.8307
2021/7/20,3.8465
2021/7/21,3.9531
2021/7/22,3.9358
2021/7/23,3.8533
2021/7/26,3.7439
2021/7/27,3.5906
2021/7/28,3.6484
2021/7/29,3.842
2021/7/30,3.8203
2021/8/2,3.8791
2021/8/3,3.8613
2021/8/4,3.9564
2021/8/5,3.9227
2021/8/6,3.877
2021/8/9,3.8391
2021/8/10,3.8524
2021/8/11,3.8173
2021/8/12,3.7612
2021/8/13,3.7155
2021/8/16,3.6669
2021/8/17,3.5813
2021/8/18,3.6083
2021/8/19,3.6415
2021/8/20,3.5467
2021/8/23,3.6583
2021/8/24,3.6992
2021/8/25,3.7193
2021/8/26,3.6259
2021/8/27,3.6177
2021/8/30,3.6339
2021/8/31,3.57
2021/9/1,3.5398
2021/9/2,3.4865
2021/9/3,3.4458
2021/9/6,3.5853
2021/9/7,3.6112
2021/9/8,3.5762
2021/9/9,3.5784
2021/9/10,3.5895
2021/9/13,3.5477
2021/9/14,3.5945
2021/9/15,3.5544
2021/9/16,3.475
2021/9/17,3.5464
2021/9/22,3.5142
2021/9/23,3.5344
2021/9/24,3.5624
2021/9/27,3.5887
2021/9/28,3.5663
2021/9/29,3.5262
2021/9/30,3.6032
2021/10/8,3.6014
2021/10/11,3.5491
2021/10/12,3.4849
2021/10/13,3.5646
2021/10/14,3.5708
2021/10/15,3.6379
2021/10/18,3.638
2021/10/19,3.661
2021/10/20,3.6474
2021/10/21,3.6411
2021/10/22,3.6471
2021/10/25,3.7065
2021/10/26,3.6943
2021/10/27,3.6737
2021/10/28,3.6398
2021/10/29,3.7198
2021/11/1,3.699
2021/11/2,3.7075
2021/11/3,3.6935
2021/11/4,3.7324
2021/11/5,3.7219
2021/11/8,3.7524
2021/11/9,3.7853
2021/11/10,3.7738
2021/11/11,3.811
2021/11/12,3.8076
2021/11/15,3.7762
2021/11/16,3.7672
2021/11/17,3.7976
2021/11/18,3.7562
2021/11/19,3.795
2021/11/22,3.8911
2021/11/23,3.8767
2021/11/24,3.8613
2021/11/25,3.8566
2021/11/26,3.8504
2021/11/29,3.8886
2021/11/30,3.8799
2021/12/1,3.8552
2021/12/2,3.848
2021/12/3,3.8611
2021/12/6,3.7803
2021/12/7,3.7392
2021/12/8,3.8012
2021/12/9,3.8393
2021/12/10,3.8491
2021/12/13,3.8824
2021/12/14,3.8802
2021/12/15,3.8467
2021/12/16,3.8751
2021/12/17,3.8127
2021/12/20,3.6999
2021/12/21,3.7196
2021/12/22,3.7399
2021/12/23,3.7455
2021/12/24,3.6605
2021/12/27,3.6567
2021/12/28,3.6951
2021/12/29,3.6434
2021/12/30,3.6887
2021/12/31,3.6886
2022/1/4,3.6079
2022/1/5,3.5097
2022/1/6,3.4719
2022/1/7,3.438
2022/1/10,3.4365
2022/1/11,3.3928
2022/1/12,3.4819
2022/1/13,3.4224
2022/1/14,3.4628
2022/1/17,3.5191
2022/1/18,3.4903
2022/1/19,3.4144
2022/1/20,3.4032
2022/1/21,3.3685
2022/1/24,3.3924
2022/1/25,3.302
2022/1/26,3.3347
2022/1/27,3.2263
2022/1/28,3.2288
2022/2/7,3.2383
2022/2/8,3.1592
2022/2/9,3.2002
2022/2/10,3.1368
2022/2/11,3.048
2022/2/14,3.0319
2022/2/15,3.1254
2022/2/16,3.1275
2022/2/17,3.1512
2022/2/18,3.1367
2022/2/21,3.1119
2022/2/22,3.069
2022/2/23,3.1554
2022/2/24,3.0888
2022/2/25,3.1686
2022/2/28,3.1966
2022/3/1,3.2016
2022/3/2,3.145
2022/3/3,3.0977
2022/3/4,3.0496
2022/3/7,2.9184
2022/3/8,2.8658
2022/3/9,2.8478
2022/3/10,2.9235
2022/3/11,2.9572
2022/3/14,2.8518
2022/3/15,2.779
2022/3/16,2.9235
2022/3/17,3.0074
2022/3/18,3.0107
2022/3/21,3.0244
2022/3/22,2.9823
2022/3/23,3.013
2022/3/24,3.0021
2022/3/25,2.9264
2022/3/28,2.8777
2022/3/29,2.8761
2022/3/30,2.9918
2022/3/31,2.9505
2022/4/1,2.9587
2022/4/6,2.9218
2022/4/7,2.8604
2022/4/8,2.8509
2022/4/11,2.7312
2022/4/12,2.7996
2022/4/13,2.7372
2022/4/14,2.7365
2022/4/15,2.7299
2022/4/18,2.7603
2022/4/19,2.7224
2022/4/20,2.6234
2022/4/21,2.5667
2022/4/22,2.549
2022/4/25,2.4076
2022/4/26,2.3871
2022/4/27,2.5186
2022/4/28,2.4725
2022/4/29,2.574
2022/5/5,2.5398
2022/5/6,2.4918
2022/5/9,2.4729
2022/5/10,2.5264
2022/5/11,2.6037
2022/5/12,2.6095
2022/5/13,2.6173
2022/5/16,2.5874
2022/5/17,2.6296
2022/5/18,2.6257
2022/5/19,2.6404
2022/5/20,2.6849
2022/5/23,2.6768
2022/5/24,2.5746
2022/5/25,2.5831
2022/5/26,2.5785
2022/5/27,2.5803
2022/5/30,2.6113
2022/5/31,2.6724
2022/6/1,2.6992
2022/6/2,2.7325
2022/6/6,2.8393
2022/6/7,2.8396
2022/6/8,2.8637
2022/6/9,2.7794
2022/6/10,2.8424
2022/6/13,2.8314
2022/6/14,2.8337
2022/6/15,2.8635
2022/6/16,2.8751
2022/6/17,2.9548
2022/6/20,3.0136
2022/6/21,2.9946
2022/6/22,2.9772
2022/6/23,3.0693
2022/6/24,3.1407
2022/6/27,3.148
2022/6/28,3.159
2022/6/29,3.0796
2022/6/30,3.1267
2022/7/1,3.0947
2022/7/4,3.1533
2022/7/5,3.1427
2022/7/6,3.1178
2022/7/7,3.1701
2022/7/8,3.1348
2022/7/11,3.0792
2022/7/12,3.0072
2022/7/13,3.0563
2022/7/14,3.1366
2022/7/15,3.0719
