FSRQ,510050
2011/11/18,2.228
2011/11/21,2.229
2011/11/22,2.23
2011/11/23,2.204
2011/11/24,2.209
2011/11/25,2.194
2011/11/28,2.196
2011/11/29,2.222
2011/11/30,2.159
2011/12/1,2.219
2011/12/2,2.209
2011/12/5,2.197
2011/12/6,2.191
2011/12/7,2.208
2011/12/8,2.207
2011/12/9,2.195
2011/12/12,2.179
2011/12/13,2.14
2011/12/14,2.13
2011/12/15,2.084
2011/12/16,2.119
2011/12/19,2.114
2011/12/20,2.114
2011/12/21,2.089
2011/12/22,2.095
2011/12/23,2.106
2011/12/26,2.087
2011/12/27,2.074
2011/12/28,2.079
2011/12/29,2.081
2011/12/30,2.106
2011/12/31,2.106
2012/1/4,2.079
2012/1/5,2.081
2012/1/6,2.095
2012/1/9,2.156
2012/1/10,2.211
2012/1/11,2.197
2012/1/12,2.207
2012/1/13,2.189
2012/1/16,2.161
2012/1/17,2.249
2012/1/18,2.223
2012/1/19,2.266
2012/1/20,2.295
2012/1/30,2.258
2012/1/31,2.259
2012/2/1,2.222
2012/2/2,2.279
2012/2/3,2.291
2012/2/6,2.282
2012/2/7,2.243
2012/2/8,2.304
2012/2/9,2.298
2012/2/10,2.298
2012/2/13,2.286
2012/2/14,2.275
2012/2/15,2.292
2012/2/16,2.278
2012/2/17,2.282
2012/2/20,2.286
2012/2/21,2.298
2012/2/22,2.317
2012/2/23,2.322
2012/2/24,2.353
2012/2/27,2.356
2012/2/28,2.368
2012/2/29,2.349
2012/3/1,2.344
2012/3/2,2.374
2012/3/5,2.355
2012/3/6,2.314
2012/3/7,2.294
2012/3/8,2.319
2012/3/9,2.336
2012/3/12,2.318
2012/3/13,2.337
2012/3/14,2.294
2012/3/15,2.275
2012/3/16,2.298
2012/3/19,2.295
2012/3/20,2.268
2012/3/21,2.272
2012/3/22,2.274
2012/3/23,2.26
2012/3/26,2.262
2012/3/27,2.26
2012/3/28,2.213
2012/3/29,2.189
2012/3/30,2.209
2012/3/31,2.209
2012/4/5,2.243
2012/4/6,2.246
2012/4/9,2.227
2012/4/10,2.243
2012/4/11,2.242
2012/4/12,2.284
2012/4/13,2.291
2012/4/16,2.282
2012/4/17,2.259
2012/4/18,2.305
2012/4/19,2.307
2012/4/20,2.336
2012/4/23,2.318
2012/4/24,2.329
2012/4/25,2.34
2012/4/26,2.345
2012/4/27,2.345
2012/5/2,2.393
2012/5/3,2.395
2012/5/4,2.409
2012/5/7,2.398
2012/5/8,2.395
2012/5/9,2.356
2012/5/10,2.356
2012/5/11,2.339
2012/5/14,2.32
2012/5/15,2.322
2012/5/16,2.291
2012/5/17,2.322
2012/5/18,2.293
2012/5/21,2.304
2012/5/22,2.335
2012/5/23,2.324
2012/5/24,2.31
2012/5/25,2.294
2012/5/28,2.324
2012/5/29,2.351
2012/5/30,2.344
2012/5/31,2.331
2012/6/1,2.335
2012/6/4,2.279
2012/6/5,2.282
2012/6/6,2.288
2012/6/7,2.28
2012/6/8,2.259
2012/6/11,2.282
2012/6/12,2.271
2012/6/13,2.301
2012/6/14,2.287
2012/6/15,2.304
2012/6/18,2.313
2012/6/19,2.299
2012/6/20,2.3
2012/6/21,2.267
2012/6/25,2.23
2012/6/26,2.234
2012/6/27,2.227
2012/6/28,2.211
2012/6/29,2.243
2012/6/30,2.243
2012/7/2,2.242
2012/7/3,2.247
2012/7/4,2.25
2012/7/5,2.23
2012/7/6,2.25
2012/7/9,2.2
2012/7/10,2.195
2012/7/11,2.205
2012/7/12,2.216
2012/7/13,2.222
2012/7/16,2.189
2012/7/17,2.203
2012/7/18,2.197
2012/7/19,2.21
2012/7/20,2.191
2012/7/23,2.157
2012/7/24,2.163
2012/7/25,2.156
2012/7/26,2.151
2012/7/27,2.158
2012/7/30,2.153
2012/7/31,2.159
2012/8/1,2.177
2012/8/2,2.165
2012/8/3,2.175
2012/8/6,2.195
2012/8/7,2.194
2012/8/8,2.201
2012/8/9,2.211
2012/8/10,2.203
2012/8/13,2.164
2012/8/14,2.165
2012/8/15,2.137
2012/8/16,2.131
2012/8/17,2.132
2012/8/20,2.12
2012/8/21,2.123
2012/8/22,2.114
2012/8/23,2.121
2012/8/24,2.111
2012/8/27,2.073
2012/8/28,2.088
2012/8/29,2.069
2012/8/30,2.076
2012/8/31,2.066
2012/9/3,2.08
2012/9/4,2.065
2012/9/5,2.052
2012/9/6,2.068
2012/9/7,2.151
2012/9/10,2.152
2012/9/11,2.134
2012/9/12,2.138
2012/9/13,2.125
2012/9/14,2.145
2012/9/17,2.106
2012/9/18,2.086
2012/9/19,2.091
2012/9/20,2.056
2012/9/21,2.063
2012/9/24,2.073
2012/9/25,2.073
2012/9/26,2.058
2012/9/27,2.113
2012/9/28,2.144
2012/9/30,2.144
2012/10/8,2.124
2012/10/9,2.162
2012/10/10,2.158
2012/10/11,2.146
2012/10/12,2.15
2012/10/15,2.144
2012/10/16,2.145
2012/10/17,2.149
2012/10/18,2.175
2012/10/19,2.172
2012/10/22,2.178
2012/10/23,2.157
2012/10/24,2.155
2012/10/25,2.142
2012/10/26,2.108
2012/10/29,2.092
2012/10/30,2.098
2012/10/31,2.111
2012/11/1,2.147
2012/11/2,2.158
2012/11/5,2.156
2012/11/6,2.15
2012/11/7,2.147
2012/11/8,2.116
2012/11/9,2.116
2012/11/12,2.126
2012/11/13,2.095
2012/11/14,2.104
2012/11/15,2.081
2012/11/16,2.067
2012/11/19,2.066
2012/11/20,2.054
2012/11/21,2.081
2012/11/22,2.071
2012/11/23,2.088
2012/11/26,2.081
2012/11/27,2.069
2012/11/28,2.055
2012/11/29,2.044
2012/11/30,2.062
2012/12/3,2.043
2012/12/4,2.06
2012/12/5,2.127
2012/12/6,2.125
2012/12/7,2.166
2012/12/10,2.188
2012/12/11,2.178
2012/12/12,2.191
2012/12/13,2.166
2012/12/14,2.275
2012/12/17,2.287
2012/12/18,2.294
2012/12/19,2.293
2012/12/20,2.304
2012/12/21,2.287
2012/12/24,2.298
2012/12/25,2.358
2012/12/26,2.361
2012/12/27,2.344
2012/12/28,2.38
2012/12/31,2.427
2013/1/4,2.442
2013/1/7,2.453
2013/1/8,2.427
2013/1/9,2.423
2013/1/10,2.423
2013/1/11,2.381
2013/1/14,2.466
2013/1/15,2.474
2013/1/16,2.448
2013/1/17,2.423
2013/1/18,2.461
2013/1/21,2.474
2013/1/22,2.473
2013/1/23,2.487
2013/1/24,2.475
2013/1/25,2.46
2013/1/28,2.542
2013/1/29,2.571
2013/1/30,2.578
2013/1/31,2.583
2013/2/1,2.655
2013/2/4,2.668
2013/2/5,2.673
2013/2/6,2.685
2013/2/7,2.652
2013/2/8,2.644
2013/2/18,2.61
2013/2/19,2.571
2013/2/20,2.569
2013/2/21,2.475
2013/2/22,2.46
2013/2/25,2.468
2013/2/26,2.439
2013/2/27,2.467
2013/2/28,2.545
2013/3/1,2.531
2013/3/4,2.413
2013/3/5,2.5
2013/3/6,2.519
2013/3/7,2.483
2013/3/8,2.481
2013/3/11,2.455
2013/3/12,2.427
2013/3/13,2.404
2013/3/14,2.407
2013/3/15,2.411
2013/3/18,2.376
2013/3/19,2.4
2013/3/20,2.487
2013/3/21,2.483
2013/3/22,2.485
2013/3/25,2.483
2013/3/26,2.434
2013/3/27,2.443
2013/3/28,2.352
2013/3/29,2.355
2013/4/1,2.344
2013/4/2,2.343
2013/4/3,2.35
2013/4/8,2.331
2013/4/9,2.35
2013/4/10,2.349
2013/4/11,2.344
2013/4/12,2.333
2013/4/15,2.316
2013/4/16,2.331
2013/4/17,2.318
2013/4/18,2.325
2013/4/19,2.395
2013/4/22,2.39
2013/4/23,2.316
2013/4/24,2.355
2013/4/25,2.337
2013/4/26,2.323
2013/5/2,2.319
2013/5/3,2.357
2013/5/6,2.382
2013/5/7,2.383
2013/5/8,2.39
2013/5/9,2.371
2013/5/10,2.384
2013/5/13,2.374
2013/5/14,2.345
2013/5/15,2.35
2013/5/16,2.387
2013/5/17,2.414
2013/5/20,2.435
2013/5/21,2.423
2013/5/22,2.43
2013/5/23,2.39
2013/5/24,2.397
2013/5/27,2.395
2013/5/28,2.446
2013/5/29,2.435
2013/5/30,2.429
2013/5/31,2.413
2013/6/3,2.415
2013/6/4,2.393
2013/6/5,2.38
2013/6/6,2.355
2013/6/7,2.33
2013/6/13,2.268
2013/6/14,2.273
2013/6/17,2.259
2013/6/18,2.273
2013/6/19,2.254
2013/6/20,2.189
2013/6/21,2.19
2013/6/24,2.062
2013/6/25,2.065
2013/6/26,2.047
2013/6/27,2.053
2013/6/28,2.105
2013/6/30,2.105
2013/7/1,2.101
2013/7/2,2.092
2013/7/3,2.073
2013/7/4,2.089
2013/7/5,2.099
2013/7/8,2.059
2013/7/9,2.058
2013/7/10,2.108
2013/7/11,2.22
2013/7/12,2.162
2013/7/15,2.183
2013/7/16,2.184
2013/7/17,2.157
2013/7/18,2.118
2013/7/19,2.072
2013/7/22,2.078
2013/7/23,2.129
2013/7/24,2.101
2013/7/25,2.1
2013/7/26,2.091
2013/7/29,2.044
2013/7/30,2.065
2013/7/31,2.069
2013/8/1,2.111
2013/8/2,2.108
2013/8/5,2.13
2013/8/6,2.132
2013/8/7,2.125
2013/8/8,2.119
2013/8/9,2.13
2013/8/12,2.2
2013/8/13,2.21
2013/8/14,2.198
2013/8/15,2.181
2013/8/16,2.178
2013/8/19,2.197
2013/8/20,2.181
2013/8/21,2.172
2013/8/22,2.166
2013/8/23,2.146
2013/8/26,2.189
2013/8/27,2.19
2013/8/28,2.179
2013/8/29,2.175
2013/8/30,2.177
2013/9/2,2.179
2013/9/3,2.207
2013/9/4,2.205
2013/9/5,2.2
2013/9/6,2.221
2013/9/9,2.327
2013/9/10,2.359
2013/9/11,2.363
2013/9/12,2.401
2013/9/13,2.371
2013/9/16,2.357
2013/9/17,2.308
2013/9/18,2.311
2013/9/23,2.326
2013/9/24,2.279
2013/9/25,2.264
2013/9/26,2.229
2013/9/27,2.237
2013/9/30,2.242
2013/10/8,2.261
2013/10/9,2.272
2013/10/10,2.234
2013/10/11,2.272
2013/10/14,2.264
2013/10/15,2.256
2013/10/16,2.229
2013/10/17,2.221
2013/10/18,2.233
2013/10/21,2.258
2013/10/22,2.236
2013/10/23,2.234
2013/10/24,2.214
2013/10/25,2.202
2013/10/28,2.201
2013/10/29,2.229
2013/10/30,2.253
2013/10/31,2.226
2013/11/1,2.242
2013/11/4,2.235
2013/11/5,2.228
2013/11/6,2.205
2013/11/7,2.201
2013/11/8,2.171
2013/11/11,2.176
2013/11/12,2.2
2013/11/13,2.149
2013/11/14,2.152
2013/11/15,2.19
2013/11/18,2.272
2013/11/19,2.253
2013/11/20,2.258
2013/11/21,2.24
2013/11/22,2.233
2013/11/25,2.222
2013/11/26,2.22
2013/11/27,2.24
2013/11/28,2.259
2013/11/29,2.254
2013/12/2,2.275
2013/12/3,2.279
2013/12/4,2.299
2013/12/5,2.291
2013/12/6,2.271
2013/12/9,2.266
2013/12/10,2.266
2013/12/11,2.229
2013/12/12,2.222
2013/12/13,2.216
2013/12/16,2.188
2013/12/17,2.183
2013/12/18,2.185
2013/12/19,2.163
2013/12/20,2.113
2013/12/23,2.117
2013/12/24,2.116
2013/12/25,2.125
2013/12/26,2.099
2013/12/27,2.127
2013/12/30,2.124
2013/12/31,2.156
2014/1/2,2.139
2014/1/3,2.11
2014/1/6,2.082
2014/1/7,2.08
2014/1/8,2.085
2014/1/9,2.072
2014/1/10,2.065
2014/1/13,2.061
2014/1/14,2.066
2014/1/15,2.054
2014/1/16,2.059
2014/1/17,2.039
2014/1/20,2.026
2014/1/21,2.042
2014/1/22,2.084
2014/1/23,2.066
2014/1/24,2.069
2014/1/27,2.042
2014/1/28,2.053
2014/1/29,2.061
2014/1/30,2.04
2014/2/7,2.039
2014/2/10,2.073
2014/2/11,2.099
2014/2/12,2.098
2014/2/13,2.1
2014/2/14,2.107
2014/2/17,2.111
2014/2/18,2.076
2014/2/19,2.106
2014/2/20,2.091
2014/2/21,2.073
2014/2/24,2.029
2014/2/25,1.997
2014/2/26,2.002
2014/2/27,2.011
2014/2/28,2.024
2014/3/3,2.022
2014/3/4,2.024
2014/3/5,2.005
2014/3/6,2.018
2014/3/7,2.015
2014/3/10,1.96
2014/3/11,1.965
2014/3/12,1.972
2014/3/13,1.994
2014/3/14,1.981
2014/3/17,1.99
2014/3/18,1.982
2014/3/19,1.972
2014/3/20,1.958
2014/3/21,2.024
2014/3/24,2.041
2014/3/25,2.031
2014/3/26,2.028
2014/3/27,2.024
2014/3/28,2.034
2014/3/31,2.027
2014/4/1,2.035
2014/4/2,2.056
2014/4/3,2.041
2014/4/4,2.055
2014/4/8,2.107
2014/4/9,2.103
2014/4/10,2.147
2014/4/11,2.142
2014/4/14,2.133
2014/4/15,2.093
2014/4/16,2.097
2014/4/17,2.089
2014/4/18,2.091
2014/4/21,2.059
2014/4/22,2.076
2014/4/23,2.074
2014/4/24,2.078
2014/4/25,2.067
2014/4/28,2.047
2014/4/29,2.061
2014/4/30,2.059
2014/5/5,2.05
2014/5/6,2.047
2014/5/7,2.036
2014/5/8,2.04
2014/5/9,2.042
2014/5/12,2.074
2014/5/13,2.068
2014/5/14,2.065
2014/5/15,2.05
2014/5/16,2.05
2014/5/19,2.017
2014/5/20,2.018
2014/5/21,2.034
2014/5/22,2.033
2014/5/23,2.047
2014/5/26,2.049
2014/5/27,2.042
2014/5/28,2.055
2014/5/29,2.047
2014/5/30,2.044
2014/6/3,2.04
2014/6/4,2.027
2014/6/5,2.048
2014/6/6,2.034
2014/6/9,2.037
2014/6/10,2.058
2014/6/11,2.053
2014/6/12,2.047
2014/6/13,2.069
2014/6/16,2.088
2014/6/17,2.071
2014/6/18,2.063
2014/6/19,2.043
2014/6/20,2.054
2014/6/23,2.047
2014/6/24,2.056
2014/6/25,2.048
2014/6/26,2.058
2014/6/27,2.054
2014/6/30,2.065
2014/7/1,2.063
2014/7/2,2.068
2014/7/3,2.078
2014/7/4,2.08
2014/7/7,2.081
2014/7/8,2.08
2014/7/9,2.06
2014/7/10,2.058
2014/7/11,2.065
2014/7/14,2.084
2014/7/15,2.086
2014/7/16,2.086
2014/7/17,2.078
2014/7/18,2.088
2014/7/21,2.089
2014/7/22,2.108
2014/7/23,2.121
2014/7/24,2.164
2014/7/25,2.182
2014/7/28,2.243
2014/7/29,2.247
2014/7/30,2.237
2014/7/31,2.262
2014/8/1,2.246
2014/8/4,2.288
2014/8/5,2.274
2014/8/6,2.258
2014/8/7,2.228
2014/8/8,2.232
2014/8/11,2.259
2014/8/12,2.246
2014/8/13,2.248
2014/8/14,2.232
2014/8/15,2.25
2014/8/18,2.252
2014/8/19,2.247
2014/8/20,2.237
2014/8/21,2.222
2014/8/22,2.229
2014/8/25,2.21
2014/8/26,2.205
2014/8/27,2.204
2014/8/28,2.194
2014/8/29,2.214
2014/9/1,2.22
2014/9/2,2.245
2014/9/3,2.265
2014/9/4,2.28
2014/9/5,2.303
2014/9/9,2.29
2014/9/10,2.272
2014/9/11,2.262
2014/9/12,2.273
2014/9/15,2.266
2014/9/16,2.239
2014/9/17,2.243
2014/9/18,2.249
2014/9/19,2.261
2014/9/22,2.219
2014/9/23,2.233
2014/9/24,2.268
2014/9/25,2.26
2014/9/26,2.256
2014/9/29,2.264
2014/9/30,2.261
2014/10/8,2.278
2014/10/9,2.278
2014/10/10,2.264
2014/10/13,2.245
2014/10/14,2.239
2014/10/15,2.253
2014/10/16,2.248
2014/10/17,2.248
2014/10/20,2.253
2014/10/21,2.239
2014/10/22,2.235
2014/10/23,2.222
2014/10/24,2.219
2014/10/27,2.191
2014/10/28,2.221
2014/10/29,2.248
2014/10/30,2.261
2014/10/31,2.307
2014/11/3,2.299
2014/11/4,2.293
2014/11/5,2.285
2014/11/6,2.282
2014/11/7,2.287
2014/11/10,2.345
2014/11/11,2.371
2014/11/12,2.394
2014/11/13,2.389
2014/11/14,2.39
2014/11/17,2.366
2014/11/18,2.332
2014/11/19,2.324
2014/11/20,2.33
2014/11/21,2.374
2014/11/24,2.423
2014/11/25,2.445
2014/11/26,2.493
2014/11/27,2.533
2014/11/28,2.606
2014/12/1,2.614
2014/12/2,2.732
2014/12/3,2.75
2014/12/4,2.89
2014/12/5,2.935
2014/12/8,3.047
2014/12/9,2.911
2014/12/10,2.989
2014/12/11,2.924
2014/12/12,2.923
2014/12/15,2.929
2014/12/16,3.039
2014/12/17,3.131
2014/12/18,3.109
2014/12/19,3.137
2014/12/22,3.185
2014/12/23,3.127
2014/12/24,3.012
2014/12/25,3.112
2014/12/26,3.227
2014/12/29,3.247
2014/12/30,3.293
2014/12/31,3.359
2015/1/5,3.436
2015/1/6,3.409
2015/1/7,3.411
2015/1/8,3.319
2015/1/9,3.33
2015/1/12,3.305
2015/1/13,3.288
2015/1/14,3.295
2015/1/15,3.406
2015/1/16,3.427
2015/1/19,3.15
2015/1/20,3.144
2015/1/21,3.304
2015/1/22,3.309
2015/1/23,3.331
2015/1/26,3.329
2015/1/27,3.284
2015/1/28,3.24
2015/1/29,3.188
2015/1/30,3.147
2015/2/2,3.066
2015/2/3,3.149
2015/2/4,3.112
2015/2/5,3.087
2015/2/6,3.059
2015/2/9,3.106
2015/2/10,3.149
2015/2/11,3.163
2015/2/12,3.166
2015/2/13,3.177
2015/2/16,3.181
2015/2/17,3.198
2015/2/25,3.153
2015/2/26,3.237
2015/2/27,3.234
2015/3/2,3.238
2015/3/3,3.142
2015/3/4,3.144
2015/3/5,3.109
2015/3/6,3.114
2015/3/9,3.18
2015/3/10,3.141
2015/3/11,3.156
2015/3/12,3.244
2015/3/13,3.256
2015/3/16,3.319
2015/3/17,3.356
2015/3/18,3.433
2015/3/19,3.411
2015/3/20,3.469
2015/3/23,3.515
2015/3/24,3.472
2015/3/25,3.432
2015/3/26,3.476
2015/3/27,3.478
2015/3/30,3.588
2015/3/31,3.554
2015/4/1,3.606
2015/4/2,3.585
2015/4/3,3.627
2015/4/7,3.71
2015/4/8,3.782
2015/4/9,3.759
2015/4/10,3.821
2015/4/13,3.884
2015/4/14,3.897
2015/4/15,3.898
2015/4/16,4.048
2015/4/17,4.106
2015/4/20,4.025
2015/4/21,4.082
2015/4/22,4.18
2015/4/23,4.151
2015/4/24,4.094
2015/4/27,4.191
2015/4/28,4.161
2015/4/29,4.161
2015/4/30,4.126
2015/5/4,4.149
2015/5/5,4.008
2015/5/6,3.998
2015/5/7,3.947
2015/5/8,3.965
2015/5/11,4.032
2015/5/12,4.053
2015/5/13,4
2015/5/14,3.985
2015/5/15,3.908
2015/5/18,3.837
2015/5/19,3.971
2015/5/20,3.986
2015/5/21,4.018
2015/5/22,4.129
2015/5/25,4.242
2015/5/26,4.282
2015/5/27,4.239
2015/5/28,3.991
2015/5/29,3.975
2015/6/1,4.128
2015/6/2,4.143
2015/6/3,4.127
2015/6/4,4.197
2015/6/5,4.201
2015/6/8,4.381
2015/6/9,4.33
2015/6/10,4.283
2015/6/11,4.258
2015/6/12,4.263
2015/6/15,4.161
2015/6/16,4.071
2015/6/17,4.108
2015/6/18,3.941
2015/6/19,3.753
2015/6/23,3.875
2015/6/24,3.924
2015/6/25,3.805
2015/6/26,3.561
2015/6/29,3.489
2015/6/30,3.715
2015/7/1,3.559
2015/7/2,3.533
2015/7/3,3.389
2015/7/6,3.587
2015/7/7,3.665
2015/7/8,3.428
2015/7/9,3.628
2015/7/10,3.769
2015/7/13,3.735
2015/7/14,3.611
2015/7/15,3.605
2015/7/16,3.587
2015/7/17,3.664
2015/7/20,3.637
2015/7/21,3.624
2015/7/22,3.588
2015/7/23,3.649
2015/7/24,3.589
2015/7/27,3.299
2015/7/28,3.29
2015/7/29,3.344
2015/7/30,3.269
2015/7/31,3.261
2015/8/3,3.284
2015/8/4,3.348
2015/8/5,3.292
2015/8/6,3.269
2015/8/7,3.311
2015/8/10,3.444
2015/8/11,3.412
2015/8/12,3.376
2015/8/13,3.4
2015/8/14,3.396
2015/8/17,3.366
2015/8/18,3.198
2015/8/19,3.224
2015/8/20,3.138
2015/8/21,3.038
2015/8/24,2.787
2015/8/25,2.619
2015/8/26,2.652
2015/8/27,2.829
2015/8/28,2.905
2015/8/31,2.964
2015/9/1,2.987
2015/9/2,3.003
2015/9/7,2.874
2015/9/8,2.929
2015/9/9,2.966
2015/9/10,2.963
2015/9/11,2.948
2015/9/14,2.986
2015/9/15,2.924
2015/9/16,3.001
2015/9/17,2.947
2015/9/18,2.951
2015/9/21,2.969
2015/9/22,2.996
2015/9/23,2.929
2015/9/24,2.939
2015/9/25,2.934
2015/9/28,2.918
2015/9/29,2.868
2015/9/30,2.891
2015/10/8,2.943
2015/10/9,2.975
2015/10/12,3.05
2015/10/13,3.035
2015/10/14,3.015
2015/10/15,3.066
2015/10/16,3.096
2015/10/19,3.09
2015/10/20,3.111
2015/10/21,3.115
2015/10/22,3.105
2015/10/23,3.118
2015/10/26,3.125
2015/10/27,3.125
2015/10/28,3.08
2015/10/29,3.076
2015/10/30,3.083
2015/11/2,3.045
2015/11/3,3.035
2015/11/4,3.149
2015/11/5,3.23
2015/11/6,3.291
2015/11/9,3.337
2015/11/10,3.324
2015/11/11,3.304
2015/11/12,3.271
2015/11/13,3.238
2015/11/16,3.237
2015/11/17,3.244
2015/11/18,3.228
2015/11/19,3.261
2015/11/20,3.259
2015/11/23,3.248
2015/11/24,3.238
2015/11/25,3.251
2015/11/26,3.241
2015/11/27,3.108
2015/11/30,3.109
2015/12/1,3.119
2015/12/2,3.251
2015/12/3,3.254
2015/12/4,3.18
2015/12/7,3.177
2015/12/8,3.142
2015/12/9,3.148
2015/12/10,3.134
2015/12/11,3.117
2015/12/14,3.198
2015/12/15,3.163
2015/12/16,3.155
2015/12/17,3.192
2015/12/18,3.209
2015/12/21,3.298
2015/12/22,3.293
2015/12/23,3.301
2015/12/24,3.277
2015/12/25,3.29
2015/12/28,3.199
2015/12/29,3.222
2015/12/30,3.222
2015/12/31,3.208
2016/1/4,3.034
2016/1/5,3.054
2016/1/6,3.089
2016/1/7,2.93
2016/1/8,2.975
2016/1/11,2.86
2016/1/12,2.872
2016/1/13,2.842
2016/1/14,2.873
2016/1/15,2.802
2016/1/18,2.8
2016/1/19,2.868
2016/1/20,2.822
2016/1/21,2.767
2016/1/22,2.79
2016/1/25,2.795
2016/1/26,2.662
2016/1/27,2.664
2016/1/28,2.616
2016/1/29,2.687
2016/2/1,2.644
2016/2/2,2.68
2016/2/3,2.66
2016/2/4,2.685
2016/2/5,2.677
2016/2/15,2.654
2016/2/16,2.716
2016/2/17,2.732
2016/2/18,2.725
2016/2/19,2.719
2016/2/22,2.777
2016/2/23,2.749
2016/2/24,2.763
2016/2/25,2.635
2016/2/26,2.664
2016/2/29,2.651
2016/3/1,2.685
2016/3/2,2.767
2016/3/3,2.778
2016/3/4,2.859
2016/3/7,2.841
2016/3/8,2.851
2016/3/9,2.846
2016/3/10,2.788
2016/3/11,2.799
2016/3/14,2.807
2016/3/15,2.833
2016/3/16,2.874
2016/3/17,2.868
2016/3/18,2.88
2016/3/21,2.941
2016/3/22,2.917
2016/3/23,2.919
2016/3/24,2.876
2016/3/25,2.889
2016/3/28,2.858
2016/3/29,2.84
2016/3/30,2.898
2016/3/31,2.897
2016/4/1,2.91
2016/4/5,2.924
2016/4/6,2.91
2016/4/7,2.877
2016/4/8,2.859
2016/4/11,2.887
2016/4/12,2.881
2016/4/13,2.913
2016/4/14,2.923
2016/4/15,2.926
2016/4/18,2.898
2016/4/19,2.905
2016/4/20,2.894
2016/4/21,2.886
2016/4/22,2.898
2016/4/25,2.886
2016/4/26,2.896
2016/4/27,2.883
2016/4/28,2.879
2016/4/29,2.872
2016/5/3,2.898
2016/5/4,2.892
2016/5/5,2.892
2016/5/6,2.84
2016/5/9,2.799
2016/5/10,2.799
2016/5/11,2.806
2016/5/12,2.814
2016/5/13,2.803
2016/5/16,2.81
2016/5/17,2.805
2016/5/18,2.808
2016/5/19,2.802
2016/5/20,2.813
2016/5/23,2.812
2016/5/24,2.794
2016/5/25,2.8
2016/5/26,2.805
2016/5/27,2.803
2016/5/30,2.823
2016/5/31,2.898
2016/6/1,2.878
2016/6/2,2.877
2016/6/3,2.894
2016/6/6,2.88
2016/6/7,2.884
2016/6/8,2.877
2016/6/13,2.822
2016/6/14,2.834
2016/6/15,2.846
2016/6/16,2.835
2016/6/17,2.845
2016/6/20,2.847
2016/6/21,2.847
2016/6/22,2.86
2016/6/23,2.852
2016/6/24,2.823
2016/6/27,2.846
2016/6/28,2.853
2016/6/29,2.877
2016/6/30,2.877
2016/7/1,2.885
2016/7/4,2.925
2016/7/5,2.934
2016/7/6,2.932
2016/7/7,2.937
2016/7/8,2.924
2016/7/11,2.935
2016/7/12,2.986
2016/7/13,2.994
2016/7/14,2.992
2016/7/15,2.99
2016/7/18,2.986
2016/7/19,2.971
2016/7/20,2.962
2016/7/21,2.975
2016/7/22,2.951
2016/7/25,2.955
2016/7/26,2.981
2016/7/27,2.971
2016/7/28,2.96
2016/7/29,2.949
2016/8/1,2.939
2016/8/2,2.941
2016/8/3,2.937
2016/8/4,2.935
2016/8/5,2.943
2016/8/8,2.956
2016/8/9,2.975
2016/8/10,2.969
2016/8/11,2.98
2016/8/12,3.034
2016/8/15,3.111
2016/8/16,3.076
2016/8/17,3.071
2016/8/18,3.06
2016/8/19,3.069
2016/8/22,3.053
2016/8/23,3.059
2016/8/24,3.047
2016/8/25,3.035
2016/8/26,3.033
2016/8/29,3.026
2016/8/30,3.038
2016/8/31,3.048
2016/9/1,3.034
2016/9/2,3.045
2016/9/5,3.045
2016/9/6,3.05
2016/9/7,3.054
2016/9/8,3.054
2016/9/9,3.046
2016/9/12,3.012
2016/9/13,3.003
2016/9/14,2.983
2016/9/19,2.999
2016/9/20,2.992
2016/9/21,2.996
2016/9/22,3.012
2016/9/23,3.007
2016/9/26,2.974
2016/9/27,2.984
2016/9/28,2.973
2016/9/29,2.983
2016/9/30,2.986
2016/10/10,3.016
2016/10/11,3.024
2016/10/12,3.014
2016/10/13,3.015
2016/10/14,3.025
2016/10/17,3.005
2016/10/18,3.04
2016/10/19,3.038
2016/10/20,3.04
2016/10/21,3.061
2016/10/24,3.097
2016/10/25,3.092
2016/10/26,3.08
2016/10/27,3.072
2016/10/28,3.077
2016/10/31,3.072
2016/11/1,3.089
2016/11/2,3.066
2016/11/3,3.1
2016/11/4,3.098
2016/11/7,3.104
2016/11/8,3.11
2016/11/9,3.089
2016/11/10,3.119
2016/11/11,3.142
2016/11/14,3.153
2016/11/15,3.144
2016/11/16,3.143
2016/11/17,3.151
2016/11/18,3.14
2016/11/21,3.173
2016/11/22,3.194
2016/11/23,3.203
2016/11/24,3.213
2016/11/25,3.244
2016/11/28,3.254
2016/11/29,3.299
2016/11/30,3.273
2016/12/1,3.286
2016/12/2,3.27
2016/12/5,3.221
2016/12/6,3.213
2016/12/7,3.222
2016/12/8,3.225
2016/12/9,3.263
2016/12/12,3.235
2016/12/13,3.218
2016/12/14,3.203
2016/12/15,3.144
2016/12/16,3.136
2016/12/19,3.124
2016/12/20,3.11
2016/12/21,3.13
2016/12/22,3.124
2016/12/23,3.109
2016/12/26,3.128
2016/12/27,3.118
2016/12/28,3.108
2016/12/29,3.104
2016/12/30,3.118
2016/12/31,3.118
2017/1/3,3.142
2017/1/4,3.158
2017/1/5,3.16
2017/1/6,3.144
2017/1/9,3.155
2017/1/10,3.148
2017/1/11,3.134
2017/1/12,3.128
2017/1/13,3.143
2017/1/16,3.177
2017/1/17,3.168
2017/1/18,3.183
2017/1/19,3.174
2017/1/20,3.188
2017/1/23,3.188
2017/1/24,3.194
2017/1/25,3.201
2017/1/26,3.207
2017/2/3,3.179
2017/2/6,3.183
2017/2/7,3.176
2017/2/8,3.186
2017/2/9,3.195
2017/2/10,3.211
2017/2/13,3.224
2017/2/14,3.216
2017/2/15,3.215
2017/2/16,3.221
2017/2/17,3.205
2017/2/20,3.24
2017/2/21,3.244
2017/2/22,3.245
2017/2/23,3.233
2017/2/24,3.235
2017/2/27,3.213
2017/2/28,3.213
2017/3/1,3.214
2017/3/2,3.195
2017/3/3,3.186
2017/3/6,3.189
2017/3/7,3.196
2017/3/8,3.199
2017/3/9,3.185
2017/3/10,3.176
2017/3/13,3.194
2017/3/14,3.194
2017/3/15,3.198
2017/3/16,3.211
2017/3/17,3.185
2017/3/20,3.188
2017/3/21,3.196
2017/3/22,3.174
2017/3/23,3.185
2017/3/24,3.206
2017/3/27,3.205
2017/3/28,3.195
2017/3/29,3.192
2017/3/30,3.185
2017/3/31,3.2
2017/4/5,3.228
2017/4/6,3.235
2017/4/7,3.233
2017/4/10,3.222
2017/4/11,3.226
2017/4/12,3.221
2017/4/13,3.209
2017/4/14,3.194
2017/4/17,3.196
2017/4/18,3.173
2017/4/19,3.158
2017/4/20,3.17
2017/4/21,3.185
2017/4/24,3.177
2017/4/25,3.181
2017/4/26,3.181
2017/4/27,3.189
2017/4/28,3.183
2017/5/2,3.172
2017/5/3,3.163
2017/5/4,3.158
2017/5/5,3.153
2017/5/8,3.16
2017/5/9,3.149
2017/5/10,3.157
2017/5/11,3.175
2017/5/12,3.216
2017/5/15,3.224
2017/5/16,3.224
2017/5/17,3.202
2017/5/18,3.192
2017/5/19,3.2
2017/5/22,3.224
2017/5/23,3.259
2017/5/24,3.253
2017/5/25,3.333
2017/5/26,3.329
2017/5/31,3.338
2017/6/1,3.359
2017/6/2,3.334
2017/6/5,3.304
2017/6/6,3.323
2017/6/7,3.343
2017/6/8,3.37
2017/6/9,3.386
2017/6/12,3.388
2017/6/13,3.381
2017/6/14,3.348
2017/6/15,3.329
2017/6/16,3.324
2017/6/19,3.362
2017/6/20,3.35
2017/6/21,3.377
2017/6/22,3.401
2017/6/23,3.415
2017/6/26,3.432
2017/6/27,3.446
2017/6/28,3.426
2017/6/29,3.445
2017/6/30,3.441
2017/7/3,3.424
2017/7/4,3.395
2017/7/5,3.44
2017/7/6,3.451
2017/7/7,3.446
2017/7/10,3.458
2017/7/11,3.49
2017/7/12,3.485
2017/7/13,3.533
2017/7/14,3.561
2017/7/17,3.572
2017/7/18,3.563
2017/7/19,3.605
2017/7/20,3.614
2017/7/21,3.583
2017/7/24,3.602
2017/7/25,3.588
2017/7/26,3.58
2017/7/27,3.582
2017/7/28,3.582
2017/7/31,3.583
2017/8/1,3.637
2017/8/2,3.637
2017/8/3,3.595
2017/8/4,3.574
2017/8/7,3.581
2017/8/8,3.583
2017/8/9,3.566
2017/8/10,3.555
2017/8/11,3.507
2017/8/14,3.533
2017/8/15,3.549
2017/8/16,3.536
2017/8/17,3.547
2017/8/18,3.56
2017/8/21,3.563
2017/8/22,3.595
2017/8/23,3.615
2017/8/24,3.599
2017/8/25,3.671
2017/8/28,3.708
2017/8/29,3.71
2017/8/30,3.697
2017/8/31,3.681
2017/9/1,3.676
2017/9/4,3.681
2017/9/5,3.702
2017/9/6,3.684
2017/9/7,3.657
2017/9/8,3.65
2017/9/11,3.636
2017/9/12,3.657
2017/9/13,3.651
2017/9/14,3.633
2017/9/15,3.628
2017/9/18,3.634
2017/9/19,3.631
2017/9/20,3.621
2017/9/21,3.637
2017/9/22,3.641
2017/9/25,3.643
2017/9/26,3.643
2017/9/27,3.621
2017/9/28,3.621
2017/9/29,3.634
2017/10/9,3.658
2017/10/10,3.663
2017/10/11,3.677
2017/10/12,3.69
2017/10/13,3.684
2017/10/16,3.7
2017/10/17,3.696
2017/10/18,3.731
2017/10/19,3.735
2017/10/20,3.713
2017/10/23,3.709
2017/10/24,3.731
2017/10/25,3.73
2017/10/26,3.753
2017/10/27,3.805
2017/10/30,3.799
2017/10/31,3.78
2017/11/1,3.774
2017/11/2,3.78
2017/11/3,3.788
2017/11/6,3.778
2017/11/7,3.813
2017/11/8,3.811
2017/11/9,3.826
2017/11/10,3.862
2017/11/13,3.875
2017/11/14,3.861
2017/11/15,3.846
2017/11/16,3.882
2017/11/17,3.954
2017/11/20,3.956
2017/11/21,4.012
2017/11/22,4.042
2017/11/23,3.955
2017/11/24,3.95
2017/11/27,3.927
2017/11/28,3.903
2017/11/29,3.897
2017/11/30,3.863
2017/12/1,3.837
2017/12/4,3.859
2017/12/5,3.917
2017/12/6,3.875
2017/12/7,3.843
2017/12/8,3.864
2017/12/11,3.903
2017/12/12,3.845
2017/12/13,3.871
2017/12/14,3.844
2017/12/15,3.81
2017/12/18,3.819
2017/12/19,3.871
2017/12/20,3.879
2017/12/21,3.897
2017/12/22,3.881
2017/12/25,3.879
2017/12/26,3.896
2017/12/27,3.831
2017/12/28,3.855
2017/12/29,3.856
2017/12/31,3.856
2018/1/2,3.913
2018/1/3,3.919
2018/1/4,3.926
2018/1/5,3.941
2018/1/8,3.959
2018/1/9,3.984
2018/1/10,4.016
2018/1/11,4.017
2018/1/12,4.042
2018/1/15,4.077
2018/1/16,4.095
2018/1/17,4.11
2018/1/18,4.146
2018/1/19,4.159
2018/1/22,4.173
2018/1/23,4.227
2018/1/24,4.232
2018/1/25,4.205
2018/1/26,4.225
2018/1/29,4.162
2018/1/30,4.114
2018/1/31,4.159
2018/2/1,4.187
2018/2/2,4.197
2018/2/5,4.235
2018/2/6,4.159
2018/2/7,4.055
2018/2/8,3.955
2018/2/9,3.795
2018/2/12,3.788
2018/2/13,3.845
2018/2/14,3.866
2018/2/22,3.937
2018/2/23,3.967
2018/2/26,3.987
2018/2/27,3.932
2018/2/28,3.875
2018/3/1,3.889
2018/3/2,3.857
2018/3/5,3.857
2018/3/6,3.89
2018/3/7,3.874
2018/3/8,3.897
2018/3/9,3.909
2018/3/12,3.91
2018/3/13,3.879
2018/3/14,3.865
2018/3/15,3.892
2018/3/16,3.864
2018/3/19,3.895
2018/3/20,3.903
2018/3/21,3.891
2018/3/22,3.858
2018/3/23,3.769
2018/3/26,3.708
2018/3/27,3.717
2018/3/28,3.656
2018/3/29,3.707
2018/3/30,3.688
2018/4/2,3.675
2018/4/3,3.658
2018/4/4,3.664
2018/4/9,3.679
2018/4/10,3.756
2018/4/11,3.761
2018/4/12,3.72
2018/4/13,3.691
2018/4/16,3.619
2018/4/17,3.585
2018/4/18,3.606
2018/4/19,3.639
2018/4/20,3.598
2018/4/23,3.619
2018/4/24,3.686
2018/4/25,3.663
2018/4/26,3.62
2018/4/27,3.605
2018/5/2,3.604
2018/5/3,3.617
2018/5/4,3.597
2018/5/7,3.64
2018/5/8,3.686
2018/5/9,3.679
2018/5/10,3.694
2018/5/11,3.688
2018/5/14,3.722
2018/5/15,3.718
2018/5/16,3.678
2018/5/17,3.66
2018/5/18,3.707
2018/5/21,3.713
2018/5/22,3.691
2018/5/23,3.639
2018/5/24,3.618
2018/5/25,3.618
2018/5/28,3.632
2018/5/29,3.62
2018/5/30,3.553
2018/5/31,3.614
2018/6/1,3.6
2018/6/4,3.653
2018/6/5,3.67
2018/6/6,3.652
2018/6/7,3.664
2018/6/8,3.619
2018/6/11,3.626
2018/6/12,3.659
2018/6/13,3.64
2018/6/14,3.64
2018/6/15,3.647
2018/6/19,3.567
2018/6/20,3.567
2018/6/21,3.544
2018/6/22,3.55
2018/6/25,3.495
2018/6/26,3.459
2018/6/27,3.395
2018/6/28,3.364
2018/6/29,3.432
2018/6/30,3.432
2018/7/2,3.323
2018/7/3,3.325
2018/7/4,3.302
2018/7/5,3.31
2018/7/6,3.343
2018/7/9,3.426
2018/7/10,3.426
2018/7/11,3.38
2018/7/12,3.439
2018/7/13,3.449
2018/7/16,3.42
2018/7/17,3.405
2018/7/18,3.394
2018/7/19,3.4
2018/7/20,3.482
2018/7/23,3.52
2018/7/24,3.563
2018/7/25,3.563
2018/7/26,3.524
2018/7/27,3.518
2018/7/30,3.539
2018/7/31,3.542
2018/8/1,3.477
2018/8/2,3.417
2018/8/3,3.385
2018/8/6,3.375
2018/8/7,3.463
2018/8/8,3.425
2018/8/9,3.495
2018/8/10,3.494
2018/8/13,3.464
2018/8/14,3.452
2018/8/15,3.38
2018/8/16,3.375
2018/8/17,3.338
2018/8/20,3.38
2018/8/21,3.432
2018/8/22,3.43
2018/8/23,3.443
2018/8/24,3.457
2018/8/27,3.517
2018/8/28,3.504
2018/8/29,3.495
2018/8/30,3.465
2018/8/31,3.459
2018/9/3,3.449
2018/9/4,3.49
2018/9/5,3.419
2018/9/6,3.393
2018/9/7,3.419
2018/9/10,3.389
2018/9/11,3.372
2018/9/12,3.351
2018/9/13,3.393
2018/9/14,3.405
2018/9/17,3.374
2018/9/18,3.445
2018/9/19,3.479
2018/9/20,3.479
2018/9/21,3.583
2018/9/25,3.552
2018/9/26,3.594
2018/9/27,3.585
2018/9/28,3.623
2018/10/8,3.477
2018/10/9,3.483
2018/10/10,3.486
2018/10/11,3.361
2018/10/12,3.426
2018/10/15,3.388
2018/10/16,3.392
2018/10/17,3.407
2018/10/18,3.335
2018/10/19,3.428
2018/10/22,3.541
2018/10/23,3.45
2018/10/24,3.464
2018/10/25,3.473
2018/10/26,3.453
2018/10/29,3.357
2018/10/30,3.388
2018/10/31,3.432
2018/11/1,3.443
2018/11/2,3.541
2018/11/5,3.503
2018/11/6,3.489
2018/11/7,3.469
2018/11/8,3.472
2018/11/9,3.411
2018/11/12,3.424
2018/11/13,3.445
2018/11/14,3.405
2018/11/15,3.44
2018/11/16,3.444
2018/11/19,3.479
2018/11/20,3.425
2018/11/21,3.431
2018/11/22,3.414
2018/11/23,3.368
2018/11/26,3.37
2018/11/27,3.361
2018/11/28,3.394
2018/11/29,3.37
2018/11/30,3.401
2018/12/3,3.472
2018/12/4,3.482
2018/12/5,3.464
2018/12/6,3.408
2018/12/7,3.404
2018/12/10,3.377
2018/12/11,3.386
2018/12/12,3.395
2018/12/13,3.436
2018/12/14,3.394
2018/12/17,3.396
2018/12/18,3.363
2018/12/19,3.33
2018/12/20,3.289
2018/12/21,3.256
2018/12/24,3.259
2018/12/25,3.245
2018/12/26,3.226
2018/12/27,3.219
2018/12/28,3.239
2018/12/31,3.239
2019/1/2,3.203
2019/1/3,3.211
2019/1/4,3.264
2019/1/7,3.263
2019/1/8,3.252
2019/1/9,3.285
2019/1/10,3.284
2019/1/11,3.31
2019/1/14,3.283
2019/1/15,3.338
2019/1/16,3.342
2019/1/17,3.33
2019/1/18,3.385
2019/1/21,3.401
2019/1/22,3.364
2019/1/23,3.36
2019/1/24,3.376
2019/1/25,3.412
2019/1/28,3.406
2019/1/29,3.428
2019/1/30,3.409
2019/1/31,3.46
2019/2/1,3.479
2019/2/11,3.512
2019/2/12,3.518
2019/2/13,3.574
2019/2/14,3.569
2019/2/15,3.501
2019/2/18,3.578
2019/2/19,3.573
2019/2/20,3.583
2019/2/21,3.57
2019/2/22,3.624
2019/2/25,3.817
2019/2/26,3.754
2019/2/27,3.773
2019/2/28,3.766
2019/3/1,3.85
2019/3/4,3.865
2019/3/5,3.861
2019/3/6,3.874
2019/3/7,3.814
2019/3/8,3.692
2019/3/11,3.718
2019/3/12,3.733
2019/3/13,3.737
2019/3/14,3.743
2019/3/15,3.774
2019/3/18,3.856
2019/3/19,3.834
2019/3/20,3.842
2019/3/21,3.83
2019/3/22,3.82
2019/3/25,3.729
2019/3/26,3.715
2019/3/27,3.758
2019/3/28,3.748
2019/3/29,3.871
2019/4/1,3.935
2019/4/2,3.93
2019/4/3,3.967
2019/4/4,4.004
2019/4/8,4.019
2019/4/9,4.025
2019/4/10,4.038
2019/4/11,3.979
2019/4/12,3.969
2019/4/15,3.974
2019/4/16,4.089
2019/4/17,4.083
2019/4/18,4.068
2019/4/19,4.113
2019/4/22,4.027
2019/4/23,4.037
2019/4/24,4.032
2019/4/25,3.978
2019/4/26,3.936
2019/4/29,3.991
2019/4/30,3.998
2019/5/6,3.833
2019/5/7,3.834
2019/5/8,3.778
2019/5/9,3.708
2019/5/10,3.819
2019/5/13,3.758
2019/5/14,3.739
2019/5/15,3.807
2019/5/16,3.817
2019/5/17,3.75
2019/5/20,3.727
2019/5/21,3.755
2019/5/22,3.739
2019/5/23,3.7
2019/5/24,3.718
2019/5/27,3.744
2019/5/28,3.778
2019/5/29,3.786
2019/5/30,3.771
2019/5/31,3.756
2019/6/3,3.775
2019/6/4,3.75
2019/6/5,3.748
2019/6/6,3.733
2019/6/10,3.775
2019/6/11,3.864
2019/6/12,3.844
2019/6/13,3.843
2019/6/14,3.832
2019/6/17,3.84
2019/6/18,3.856
2019/6/19,3.911
2019/6/20,4.029
2019/6/21,4.023
2019/6/24,4.036
2019/6/25,3.99
2019/6/26,3.984
2019/6/27,4.024
2019/6/28,4.022
2019/6/30,4.022
2019/7/1,4.107
2019/7/2,4.102
2019/7/3,4.066
2019/7/4,4.052
2019/7/5,4.069
2019/7/8,3.993
2019/7/9,3.98
2019/7/10,3.978
2019/7/11,3.988
2019/7/12,4.016
2019/7/15,4.016
2019/7/16,3.994
2019/7/17,3.984
2019/7/18,3.965
2019/7/19,4.008
2019/7/22,3.993
2019/7/23,3.994
2019/7/24,4.024
2019/7/25,4.055
2019/7/26,4.064
2019/7/29,4.053
2019/7/30,4.07
2019/7/31,4.032
2019/8/1,4.003
2019/8/2,3.952
2019/8/5,3.883
2019/8/6,3.852
2019/8/7,3.836
2019/8/8,3.884
2019/8/9,3.866
2019/8/12,3.93
2019/8/13,3.891
2019/8/14,3.905
2019/8/15,3.917
2019/8/16,3.93
2019/8/19,3.993
2019/8/20,3.991
2019/8/21,3.984
2019/8/22,3.993
2019/8/23,4.04
2019/8/26,3.975
2019/8/27,4.004
2019/8/28,3.98
2019/8/29,3.966
2019/8/30,3.986
2019/9/2,4.012
2019/9/3,4.008
2019/9/4,4.046
2019/9/5,4.09
2019/9/6,4.12
2019/9/9,4.12
2019/9/10,4.106
2019/9/11,4.09
2019/9/12,4.141
2019/9/16,4.121
2019/9/17,4.066
2019/9/18,4.088
2019/9/19,4.09
2019/9/20,4.097
2019/9/23,4.058
2019/9/24,4.07
2019/9/25,4.056
2019/9/26,4.055
2019/9/27,4.057
2019/9/30,4.019
2019/10/8,4.048
2019/10/9,4.048
2019/10/10,4.069
2019/10/11,4.12
2019/10/14,4.155
2019/10/15,4.158
2019/10/16,4.145
2019/10/17,4.154
2019/10/18,4.095
2019/10/21,4.102
2019/10/22,4.107
2019/10/23,4.084
2019/10/24,4.09
2019/10/25,4.1
2019/10/28,4.116
2019/10/29,4.101
2019/10/30,4.082
2019/10/31,4.084
2019/11/1,4.142
2019/11/4,4.165
2019/11/5,4.186
2019/11/6,4.178
2019/11/7,4.178
2019/11/8,4.153
2019/11/11,4.097
2019/11/12,4.103
2019/11/13,4.1
2019/11/14,4.1
2019/11/15,4.084
2019/11/18,4.115
2019/11/19,4.139
2019/11/20,4.1
2019/11/21,4.077
2019/11/22,4.045
2019/11/25,4.08
2019/11/26,4.074
2019/11/27,4.07
2019/11/28,4.053
2019/11/29,4.011
2019/12/2,4.017
2019/12/3,4.029
2019/12/4,4.018
2019/12/5,4.043
2019/12/6,4.064
2019/12/9,4.056
2019/12/10,4.061
2019/12/11,4.075
2019/12/12,4.061
2019/12/13,4.139
2019/12/16,4.129
2019/12/17,4.169
2019/12/18,4.16
2019/12/19,4.151
2019/12/20,4.145
2019/12/23,4.111
2019/12/24,4.126
2019/12/25,4.113
2019/12/26,4.143
2019/12/27,4.151
2019/12/30,4.204
2019/12/31,4.204
2020/1/2,4.236
2020/1/3,4.222
2020/1/6,4.196
2020/1/7,4.216
2020/1/8,4.173
2020/1/9,4.209
2020/1/10,4.209
2020/1/13,4.235
2020/1/14,4.223
2020/1/15,4.197
2020/1/16,4.179
2020/1/17,4.191
2020/1/20,4.205
2020/1/21,4.142
2020/1/22,4.148
2020/1/23,4.048
2020/2/3,3.805
2020/2/4,3.884
2020/2/5,3.905
2020/2/6,3.955
2020/2/7,3.952
2020/2/10,3.949
2020/2/11,3.984
2020/2/12,4.003
2020/2/13,3.979
2020/2/14,4.001
2020/2/17,4.066
2020/2/18,4.036
2020/2/19,4.036
2020/2/20,4.1
2020/2/21,4.088
2020/2/24,4.042
2020/2/25,4.018
2020/2/26,4.008
2020/2/27,4.02
2020/2/28,3.914
2020/3/2,4.016
2020/3/3,4.032
2020/3/4,4.063
2020/3/5,4.145
2020/3/6,4.083
2020/3/9,3.969
2020/3/10,4.035
2020/3/11,3.992
2020/3/12,3.937
2020/3/13,3.887
2020/3/16,3.763
2020/3/17,3.753
2020/3/18,3.683
2020/3/19,3.617
2020/3/20,3.685
2020/3/23,3.605
2020/3/24,3.698
2020/3/25,3.769
2020/3/26,3.756
2020/3/27,3.771
2020/3/30,3.758
2020/3/31,3.756
2020/4/1,3.748
2020/4/2,3.792
2020/4/3,3.779
2020/4/7,3.836
2020/4/8,3.82
2020/4/9,3.83
2020/4/10,3.827
2020/4/13,3.814
2020/4/14,3.869
2020/4/15,3.844
2020/4/16,3.849
2020/4/17,3.896
2020/4/20,3.909
2020/4/21,3.866
2020/4/22,3.89
2020/4/23,3.883
2020/4/24,3.857
2020/4/27,3.891
2020/4/28,3.915
2020/4/29,3.937
2020/4/30,3.958
2020/5/6,3.96
2020/5/7,3.948
2020/5/8,3.979
2020/5/11,3.978
2020/5/12,3.974
2020/5/13,3.973
2020/5/14,3.933
2020/5/15,3.917
2020/5/18,3.937
2020/5/19,3.965
2020/5/20,3.96
2020/5/21,3.948
2020/5/22,3.865
2020/5/25,3.882
2020/5/26,3.904
2020/5/27,3.888
2020/5/28,3.904
2020/5/29,3.904
2020/6/1,3.98
2020/6/2,3.998
2020/6/3,4.001
2020/6/4,3.995
2020/6/5,4.011
2020/6/8,4.026
2020/6/9,4.048
2020/6/10,4.03
2020/6/11,3.994
2020/6/12,4
2020/6/15,3.948
2020/6/16,3.995
2020/6/17,3.998
2020/6/18,4.01
2020/6/19,4.053
2020/6/22,4.049
2020/6/23,4.052
2020/6/24,4.084
2020/6/29,4.062
2020/6/30,4.09
2020/7/1,4.171
2020/7/2,4.258
2020/7/3,4.348
2020/7/6,4.603
2020/7/7,4.611
2020/7/8,4.668
2020/7/9,4.683
2020/7/10,4.586
2020/7/13,4.636
2020/7/14,4.591
2020/7/15,4.558
2020/7/16,4.379
2020/7/17,4.407
2020/7/20,4.529
2020/7/21,4.528
2020/7/22,4.535
2020/7/23,4.531
2020/7/24,4.38
2020/7/27,4.386
2020/7/28,4.413
2020/7/29,4.482
2020/7/30,4.468
2020/7/31,4.489
2020/8/3,4.527
2020/8/4,4.564
2020/8/5,4.54
2020/8/6,4.54
2020/8/7,4.506
2020/8/10,4.532
2020/8/11,4.505
2020/8/12,4.489
2020/8/13,4.48
2020/8/14,4.535
2020/8/17,4.631
2020/8/18,4.629
2020/8/19,4.558
2020/8/20,4.507
2020/8/21,4.533
2020/8/24,4.55
2020/8/25,4.564
2020/8/26,4.525
2020/8/27,4.54
2020/8/28,4.632
2020/8/31,4.603
2020/9/1,4.617
2020/9/2,4.608
2020/9/3,4.591
2020/9/4,4.561
2020/9/7,4.494
2020/9/8,4.539
2020/9/9,4.474
2020/9/10,4.486
2020/9/11,4.509
2020/9/14,4.544
2020/9/15,4.571
2020/9/16,4.55
2020/9/17,4.513
2020/9/18,4.612
2020/9/21,4.568
2020/9/22,4.52
2020/9/23,4.526
2020/9/24,4.457
2020/9/25,4.47
2020/9/28,4.495
2020/9/29,4.484
2020/9/30,4.474
2020/10/9,4.538
2020/10/12,4.66
2020/10/13,4.658
2020/10/14,4.637
2020/10/15,4.639
2020/10/16,4.65
2020/10/19,4.618
2020/10/20,4.629
2020/10/21,4.645
2020/10/22,4.636
2020/10/23,4.609
2020/10/26,4.559
2020/10/27,4.546
2020/10/28,4.57
2020/10/29,4.583
2020/10/30,4.529
2020/11/2,4.512
2020/11/3,4.561
2020/11/4,4.591
2020/11/5,4.636
2020/11/6,4.623
2020/11/9,4.694
2020/11/10,4.692
2020/11/11,4.686
2020/11/12,4.669
2020/11/13,4.598
2020/11/16,4.644
2020/11/17,4.647
2020/11/18,4.656
2020/11/19,4.683
2020/11/20,4.686
2020/11/23,4.754
2020/11/24,4.722
2020/11/25,4.695
2020/11/26,4.726
2020/11/27,4.79
2020/11/30,4.755
2020/12/1,4.855
2020/12/2,4.844
2020/12/3,4.835
2020/12/4,4.84
2020/12/7,4.802
2020/12/8,4.789
2020/12/9,4.753
2020/12/10,4.742
2020/12/11,4.703
2020/12/14,4.746
2020/12/15,4.747
2020/12/16,4.766
2020/12/17,4.83
2020/12/18,4.793
2020/12/21,4.81
2020/12/22,4.748
2020/12/23,4.777
2020/12/24,4.77
2020/12/25,4.797
2020/12/28,4.81
2020/12/29,4.803
2020/12/30,4.87
2020/12/31,4.948
2021/1/4,4.951
2021/1/5,4.998
2021/1/6,5.061
2021/1/7,5.145
2021/1/8,5.121
2021/1/11,5.107
2021/1/12,5.26
2021/1/13,5.221
2021/1/14,5.147
2021/1/15,5.156
2021/1/18,5.192
2021/1/19,5.144
2021/1/20,5.151
2021/1/21,5.192
2021/1/22,5.189
2021/1/25,5.249
2021/1/26,5.149
2021/1/27,5.154
2021/1/28,5.056
2021/1/29,5.03
2021/2/1,5.069
2021/2/2,5.099
2021/2/3,5.104
2021/2/4,5.134
2021/2/5,5.18
2021/2/8,5.238
2021/2/9,5.312
2021/2/10,5.402
2021/2/18,5.384
2021/2/19,5.384
2021/2/22,5.227
2021/2/23,5.246
2021/2/24,5.137
2021/2/25,5.191
2021/2/26,5.08
2021/3/1,5.117
2021/3/2,5.035
2021/3/3,5.151
2021/3/4,5.022
2021/3/5,4.998
2021/3/8,4.862
2021/3/9,4.787
2021/3/10,4.813
2021/3/11,4.924
2021/3/12,4.932
2021/3/15,4.854
2021/3/16,4.892
2021/3/17,4.882
2021/3/18,4.9
2021/3/19,4.789
2021/3/22,4.821
2021/3/23,4.795
2021/3/24,4.735
2021/3/25,4.732
2021/3/26,4.81
2021/3/29,4.818
2021/3/30,4.866
2021/3/31,4.821
2021/4/1,4.872
2021/4/2,4.912
2021/4/6,4.886
2021/4/7,4.843
2021/4/8,4.86
2021/4/9,4.79
2021/4/12,4.746
2021/4/13,4.728
2021/4/14,4.737
2021/4/15,4.693
2021/4/16,4.712
2021/4/19,4.789
2021/4/20,4.785
2021/4/21,4.792
2021/4/22,4.766
2021/4/23,4.81
2021/4/26,4.744
2021/4/27,4.754
2021/4/28,4.75
2021/4/29,4.802
2021/4/30,4.771
2021/5/6,4.722
2021/5/7,4.67
2021/5/10,4.663
2021/5/11,4.707
2021/5/12,4.72
2021/5/13,4.68
2021/5/14,4.784
2021/5/17,4.829
2021/5/18,4.825
2021/5/19,4.795
2021/5/20,4.808
2021/5/21,4.76
2021/5/24,4.778
2021/5/25,4.947
2021/5/26,4.966
2021/5/27,4.976
2021/5/28,4.969
2021/5/31,4.958
2021/6/1,4.958
2021/6/2,4.925
2021/6/3,4.888
2021/6/4,4.913
2021/6/7,4.9
2021/6/8,4.875
2021/6/9,4.885
2021/6/10,4.912
2021/6/11,4.875
2021/6/15,4.817
2021/6/16,4.769
2021/6/17,4.769
2021/6/18,4.737
2021/6/21,4.709
2021/6/22,4.75
2021/6/23,4.758
2021/6/24,4.774
2021/6/25,4.841
2021/6/28,4.824
2021/6/29,4.785
2021/6/30,4.81
2021/7/1,4.853
2021/7/2,4.701
2021/7/5,4.697
2021/7/6,4.702
2021/7/7,4.726
2021/7/8,4.664
2021/7/9,4.651
2021/7/12,4.682
2021/7/13,4.699
2021/7/14,4.636
2021/7/15,4.722
2021/7/16,4.673
2021/7/19,4.692
2021/7/20,4.683
2021/7/21,4.7
2021/7/22,4.705
2021/7/23,4.662
2021/7/26,4.508
2021/7/27,4.386
2021/7/28,4.419
2021/7/29,4.455
2021/7/30,4.396
2021/8/2,4.489
2021/8/3,4.503
2021/8/4,4.514
2021/8/5,4.507
2021/8/6,4.47
2021/8/9,4.518
2021/8/10,4.581
2021/8/11,4.551
2021/8/12,4.507
2021/8/13,4.496
2021/8/16,4.505
2021/8/17,4.418
2021/8/18,4.467
2021/8/19,4.411
2021/8/20,4.329
2021/8/23,4.362
2021/8/24,4.419
2021/8/25,4.433
2021/8/26,4.348
2021/8/27,4.388
2021/8/30,4.375
2021/8/31,4.358
2021/9/1,4.438
2021/9/2,4.441
2021/9/3,4.451
2021/9/6,4.494
2021/9/7,4.538
2021/9/8,4.496
2021/9/9,4.486
2021/9/10,4.542
2021/9/13,4.529
2021/9/14,4.465
2021/9/15,4.416
2021/9/16,4.394
2021/9/17,4.436
2021/9/22,4.388
2021/9/23,4.394
2021/9/24,4.415
2021/9/27,4.481
2021/9/28,4.493
2021/9/29,4.478
2021/9/30,4.476
2021/10/8,4.546
2021/10/11,4.571
2021/10/12,4.55
2021/10/13,4.59
2021/10/14,4.563
2021/10/15,4.592
2021/10/18,4.514
2021/10/19,4.546
2021/10/20,4.544
2021/10/21,4.572
2021/10/22,4.619
2021/10/25,4.617
2021/10/26,4.59
2021/10/27,4.539
2021/10/28,4.529
2021/10/29,4.563
2021/11/1,4.542
2021/11/2,4.496
2021/11/3,4.46
2021/11/4,4.49
2021/11/5,4.483
2021/11/8,4.476
2021/11/9,4.465
2021/11/10,4.445
2021/11/11,4.521
2021/11/12,4.506
2021/11/15,4.507
2021/11/16,4.507
2021/11/17,4.491
2021/11/18,4.449
2021/11/19,4.496
2021/11/22,4.495
2021/11/23,4.509
2021/11/24,4.519
2021/11/25,4.502
2021/11/26,4.465
2021/11/29,4.464
2021/11/30,4.438
2021/12/1,4.456
2021/12/2,4.469
2021/12/3,4.505
2021/12/6,4.513
2021/12/7,4.544
2021/12/8,4.603
2021/12/9,4.668
2021/12/10,4.661
2021/12/13,4.668
2021/12/14,4.645
2021/12/15,4.608
2021/12/16,4.622
2021/12/17,4.56
2021/12/20,4.532
2021/12/21,4.553
2021/12/22,4.538
2021/12/23,4.57
2021/12/24,4.573
2021/12/27,4.559
2021/12/28,4.589
2021/12/29,4.514
2021/12/30,4.539
2021/12/31,4.554
2022/1/4,4.541
2022/1/5,4.529
2022/1/6,4.478
2022/1/7,4.493
2022/1/10,4.508
2022/1/11,4.482
2022/1/12,4.508
2022/1/13,4.447
2022/1/14,4.393
2022/1/17,4.403
2022/1/18,4.45
2022/1/19,4.449
2022/1/20,4.505
2022/1/21,4.487
2022/1/24,4.476
2022/1/25,4.399
2022/1/26,4.422
2022/1/27,4.368
2022/1/28,4.291
2022/2/7,4.362
2022/2/8,4.365
2022/2/9,4.392
2022/2/10,4.398
2022/2/11,4.396
2022/2/14,4.349
2022/2/15,4.367
2022/2/16,4.386
2022/2/17,4.391
2022/2/18,4.418
2022/2/21,4.397
2022/2/22,4.347
2022/2/23,4.365
2022/2/24,4.296
2022/2/25,4.315
2022/2/28,4.321
2022/3/1,4.373
2022/3/2,4.352
2022/3/3,4.34
2022/3/4,4.299
2022/3/7,4.196
2022/3/8,4.147
2022/3/9,4.116
2022/3/10,4.147
2022/3/11,4.149
2022/3/14,4.051
2022/3/15,3.875
2022/3/16,4.022
2022/3/17,4.08
2022/3/18,4.123
2022/3/21,4.098
2022/3/22,4.108
2022/3/23,4.127
2022/3/24,4.111
2022/3/25,4.056
2022/3/28,4.052
2022/3/29,4.039
2022/3/30,4.126
2022/3/31,4.107
2022/4/1,4.159
2022/4/6,4.143
2022/4/7,4.11
2022/4/8,4.138
2022/4/11,4.044
2022/4/12,4.1
2022/4/13,4.087
2022/4/14,4.141
2022/4/15,4.142
2022/4/18,4.093
2022/4/19,4.062
2022/4/20,4.031
2022/4/21,3.986
2022/4/22,4.005
2022/4/25,3.852
2022/4/26,3.849
2022/4/27,3.911
2022/4/28,3.953
2022/4/29,3.997
2022/5/5,3.991
2022/5/6,3.896
2022/5/9,3.866
2022/5/10,3.894
2022/5/11,3.921
2022/5/12,3.897
2022/5/13,3.929
2022/5/16,3.896
2022/5/17,3.939
2022/5/18,3.926
2022/5/19,3.924
2022/5/20,3.999
2022/5/23,3.968
2022/5/24,3.911
2022/5/25,3.922
2022/5/26,3.924
2022/5/27,3.946
2022/5/30,3.965
2022/5/31,4.005
2022/6/1,3.99
2022/6/2,3.981
2022/6/6,4.023
2022/6/7,4.048
2022/6/8,4.087
2022/6/9,4.074
2022/6/10,4.115
2022/6/13,4.049
2022/6/14,4.093
2022/6/15,4.142
2022/6/16,4.11
2022/6/17,4.164
2022/6/20,4.158
2022/6/21,4.165
2022/6/22,4.125
2022/6/23,4.175
2022/6/24,4.222
2022/6/27,4.268
2022/6/28,4.3
2022/6/29,4.264
2022/6/30,4.332
2022/7/1,4.315
2022/7/4,4.321
2022/7/5,4.323
2022/7/6,4.259
2022/7/7,4.251
2022/7/8,4.256
2022/7/11,4.2
2022/7/12,4.181
2022/7/13,4.172
2022/7/14,4.149
2022/7/15,4.098
